symbol,fix_code,era,prefix_window_min,threshold_atr,holding_min,broker_hour,in_session_band,n_anchors,n_trigger,r_base_atr
EURUSD.DWX,WMR_1600,IS,15,0.4,15,0,0,1080,85,0.1585562393
EURUSD.DWX,WMR_1600,IS,15,0.4,15,1,0,1047,52,0.1854174977
EURUSD.DWX,WMR_1600,IS,15,0.4,15,2,0,1045,135,-0.008573496308
EURUSD.DWX,WMR_1600,IS,15,0.4,15,3,0,1045,269,-0.003018532737
EURUSD.DWX,WMR_1600,IS,15,0.4,15,4,0,1045,435,-0.01111451785
EURUSD.DWX,WMR_1600,IS,15,0.4,15,5,0,1046,432,0.0343657902
EURUSD.DWX,WMR_1600,IS,15,0.4,15,6,0,1047,310,0.07757076885
EURUSD.DWX,WMR_1600,IS,15,0.4,15,7,0,1048,275,0.04119651181
EURUSD.DWX,WMR_1600,IS,15,0.4,15,8,0,1492,531,0.07787899887
EURUSD.DWX,WMR_1600,IS,15,0.4,15,9,0,1547,758,0.09365397447
EURUSD.DWX,WMR_1600,IS,15,0.4,15,10,0,1550,884,0.1019907951
EURUSD.DWX,WMR_1600,IS,15,0.4,15,11,0,100,58,-0.3386050054
EURUSD.DWX,WMR_1600,IS,15,0.4,15,15,1,1388,617,0.08017551133
EURUSD.DWX,WMR_1600,IS,15,0.4,15,16,1,95,53,0.02679802742
EURUSD.DWX,WMR_1600,IS,15,0.4,15,20,1,1449,279,0.04500681764
EURUSD.DWX,WMR_1600,IS,15,0.4,15,21,1,1549,201,-0.07463661189
EURUSD.DWX,WMR_1600,IS,15,0.4,15,22,1,1547,280,0.1041183784
EURUSD.DWX,WMR_1600,IS,15,0.4,15,23,0,1315,210,0.1020699307
EURUSD.DWX,WMR_1600,IS,15,0.4,30,0,0,1080,85,0.1661554636
EURUSD.DWX,WMR_1600,IS,15,0.4,30,1,0,1047,52,0.2272598976
EURUSD.DWX,WMR_1600,IS,15,0.4,30,2,0,1045,135,0.02125142841
EURUSD.DWX,WMR_1600,IS,15,0.4,30,3,0,1045,269,0.03661455301
EURUSD.DWX,WMR_1600,IS,15,0.4,30,4,0,1045,435,0.04258483295
EURUSD.DWX,WMR_1600,IS,15,0.4,30,5,0,1046,432,0.02007811012
EURUSD.DWX,WMR_1600,IS,15,0.4,30,6,0,1047,310,0.1165456526
EURUSD.DWX,WMR_1600,IS,15,0.4,30,7,0,1048,275,0.07531675676
EURUSD.DWX,WMR_1600,IS,15,0.4,30,8,0,1492,531,0.09054941399
EURUSD.DWX,WMR_1600,IS,15,0.4,30,9,0,1547,758,0.1114205593
EURUSD.DWX,WMR_1600,IS,15,0.4,30,10,0,1550,884,0.127039757
EURUSD.DWX,WMR_1600,IS,15,0.4,30,11,0,100,58,-0.2034673471
EURUSD.DWX,WMR_1600,IS,15,0.4,30,15,1,1388,617,0.1206048114
EURUSD.DWX,WMR_1600,IS,15,0.4,30,16,1,95,53,0.07117794112
EURUSD.DWX,WMR_1600,IS,15,0.4,30,20,1,1449,279,0.05270920795
EURUSD.DWX,WMR_1600,IS,15,0.4,30,21,1,1549,201,-0.09053920713
EURUSD.DWX,WMR_1600,IS,15,0.4,30,22,1,1547,280,0.103127249
EURUSD.DWX,WMR_1600,IS,15,0.4,30,23,0,1315,210,0.07779570826
EURUSD.DWX,WMR_1600,IS,15,0.4,45,0,0,1080,85,0.1639028821
EURUSD.DWX,WMR_1600,IS,15,0.4,45,1,0,1047,52,0.1974821978
EURUSD.DWX,WMR_1600,IS,15,0.4,45,2,0,1045,135,0.04407710231
EURUSD.DWX,WMR_1600,IS,15,0.4,45,3,0,1045,269,0.04855195131
EURUSD.DWX,WMR_1600,IS,15,0.4,45,4,0,1045,435,0.03702923598
EURUSD.DWX,WMR_1600,IS,15,0.4,45,5,0,1046,432,0.0347995722
EURUSD.DWX,WMR_1600,IS,15,0.4,45,6,0,1047,310,0.1358241747
EURUSD.DWX,WMR_1600,IS,15,0.4,45,7,0,1048,275,0.1167718718
EURUSD.DWX,WMR_1600,IS,15,0.4,45,8,0,1492,531,0.05492050358
EURUSD.DWX,WMR_1600,IS,15,0.4,45,9,0,1547,758,0.1259073361
EURUSD.DWX,WMR_1600,IS,15,0.4,45,10,0,1550,884,0.1692178431
EURUSD.DWX,WMR_1600,IS,15,0.4,45,11,0,100,58,-0.183914544
EURUSD.DWX,WMR_1600,IS,15,0.4,45,15,1,1388,617,0.1661259547
EURUSD.DWX,WMR_1600,IS,15,0.4,45,16,1,95,53,0.103845785
EURUSD.DWX,WMR_1600,IS,15,0.4,45,20,1,1449,279,0.03386157734
EURUSD.DWX,WMR_1600,IS,15,0.4,45,21,1,1549,201,-0.06783763085
EURUSD.DWX,WMR_1600,IS,15,0.4,45,22,1,1547,280,0.07064441035
EURUSD.DWX,WMR_1600,IS,15,0.4,45,23,0,1315,210,0.09427148261
EURUSD.DWX,WMR_1600,IS,15,0.4,60,0,0,1080,85,0.1544579615
EURUSD.DWX,WMR_1600,IS,15,0.4,60,1,0,1047,52,0.1546739071
EURUSD.DWX,WMR_1600,IS,15,0.4,60,2,0,1045,135,0.08408281366
EURUSD.DWX,WMR_1600,IS,15,0.4,60,3,0,1045,269,0.05184498151
EURUSD.DWX,WMR_1600,IS,15,0.4,60,4,0,1045,435,0.02410831701
EURUSD.DWX,WMR_1600,IS,15,0.4,60,5,0,1046,432,0.05545439074
EURUSD.DWX,WMR_1600,IS,15,0.4,60,6,0,1047,310,0.141555788
EURUSD.DWX,WMR_1600,IS,15,0.4,60,7,0,1048,275,0.08300749349
EURUSD.DWX,WMR_1600,IS,15,0.4,60,8,0,1492,531,0.04675717603
EURUSD.DWX,WMR_1600,IS,15,0.4,60,9,0,1547,758,0.1164506187
EURUSD.DWX,WMR_1600,IS,15,0.4,60,10,0,1550,884,0.1426113207
EURUSD.DWX,WMR_1600,IS,15,0.4,60,11,0,100,58,-0.1096784114
EURUSD.DWX,WMR_1600,IS,15,0.4,60,15,1,1388,617,0.1510779279
EURUSD.DWX,WMR_1600,IS,15,0.4,60,16,1,95,53,0.188825556
EURUSD.DWX,WMR_1600,IS,15,0.4,60,20,1,1449,279,0.0690102705
EURUSD.DWX,WMR_1600,IS,15,0.4,60,21,1,1549,201,-0.05366927051
EURUSD.DWX,WMR_1600,IS,15,0.4,60,22,1,1547,280,0.0742605965
EURUSD.DWX,WMR_1600,IS,15,0.4,60,23,0,1315,210,0.09426852361
EURUSD.DWX,WMR_1600,IS,15,0.6,15,0,0,1080,23,0.2305470816
EURUSD.DWX,WMR_1600,IS,15,0.6,15,1,0,1047,15,0.2382398403
EURUSD.DWX,WMR_1600,IS,15,0.6,15,2,0,1045,46,-0.05215279564
EURUSD.DWX,WMR_1600,IS,15,0.6,15,3,0,1045,119,-0.01148896756
EURUSD.DWX,WMR_1600,IS,15,0.6,15,4,0,1045,249,0.009529331421
EURUSD.DWX,WMR_1600,IS,15,0.6,15,5,0,1046,231,0.06352675823
EURUSD.DWX,WMR_1600,IS,15,0.6,15,6,0,1047,151,0.06580253361
EURUSD.DWX,WMR_1600,IS,15,0.6,15,7,0,1048,111,0.0466822985
EURUSD.DWX,WMR_1600,IS,15,0.6,15,8,0,1492,271,0.08947481812
EURUSD.DWX,WMR_1600,IS,15,0.6,15,9,0,1547,451,0.09470582217
EURUSD.DWX,WMR_1600,IS,15,0.6,15,10,0,1550,612,0.159009192
EURUSD.DWX,WMR_1600,IS,15,0.6,15,11,0,100,41,-0.2005531832
EURUSD.DWX,WMR_1600,IS,15,0.6,15,15,1,1388,342,0.08793846392
EURUSD.DWX,WMR_1600,IS,15,0.6,15,16,1,95,33,0.05488842591
EURUSD.DWX,WMR_1600,IS,15,0.6,15,20,1,1449,78,0.0375060319
EURUSD.DWX,WMR_1600,IS,15,0.6,15,21,1,1549,49,-0.1562163546
EURUSD.DWX,WMR_1600,IS,15,0.6,15,22,1,1547,106,0.1054468079
EURUSD.DWX,WMR_1600,IS,15,0.6,15,23,0,1315,63,0.1283400375
EURUSD.DWX,WMR_1600,IS,15,0.6,30,0,0,1080,23,0.3357837034
EURUSD.DWX,WMR_1600,IS,15,0.6,30,1,0,1047,15,0.3137019048
EURUSD.DWX,WMR_1600,IS,15,0.6,30,2,0,1045,46,0.0664001339
EURUSD.DWX,WMR_1600,IS,15,0.6,30,3,0,1045,119,-0.025468547
EURUSD.DWX,WMR_1600,IS,15,0.6,30,4,0,1045,249,0.08037984627
EURUSD.DWX,WMR_1600,IS,15,0.6,30,5,0,1046,231,0.03735880301
EURUSD.DWX,WMR_1600,IS,15,0.6,30,6,0,1047,151,0.1163358933
EURUSD.DWX,WMR_1600,IS,15,0.6,30,7,0,1048,111,0.07148376434
EURUSD.DWX,WMR_1600,IS,15,0.6,30,8,0,1492,271,0.09828709416
EURUSD.DWX,WMR_1600,IS,15,0.6,30,9,0,1547,451,0.1455509402
EURUSD.DWX,WMR_1600,IS,15,0.6,30,10,0,1550,612,0.167694216
EURUSD.DWX,WMR_1600,IS,15,0.6,30,11,0,100,41,-0.05952824523
EURUSD.DWX,WMR_1600,IS,15,0.6,30,15,1,1388,342,0.1256447772
EURUSD.DWX,WMR_1600,IS,15,0.6,30,16,1,95,33,0.08442145149
EURUSD.DWX,WMR_1600,IS,15,0.6,30,20,1,1449,78,0.04618287395
EURUSD.DWX,WMR_1600,IS,15,0.6,30,21,1,1549,49,-0.2078487069
EURUSD.DWX,WMR_1600,IS,15,0.6,30,22,1,1547,106,0.1060060965
EURUSD.DWX,WMR_1600,IS,15,0.6,30,23,0,1315,63,0.0900713343
EURUSD.DWX,WMR_1600,IS,15,0.6,45,0,0,1080,23,0.403476211
EURUSD.DWX,WMR_1600,IS,15,0.6,45,1,0,1047,15,0.2601131818
EURUSD.DWX,WMR_1600,IS,15,0.6,45,2,0,1045,46,0.1915708545
EURUSD.DWX,WMR_1600,IS,15,0.6,45,3,0,1045,119,-0.01708163414
EURUSD.DWX,WMR_1600,IS,15,0.6,45,4,0,1045,249,0.09617699273
EURUSD.DWX,WMR_1600,IS,15,0.6,45,5,0,1046,231,0.06624488649
EURUSD.DWX,WMR_1600,IS,15,0.6,45,6,0,1047,151,0.1298030877
EURUSD.DWX,WMR_1600,IS,15,0.6,45,7,0,1048,111,0.149052131
EURUSD.DWX,WMR_1600,IS,15,0.6,45,8,0,1492,271,0.03052088489
EURUSD.DWX,WMR_1600,IS,15,0.6,45,9,0,1547,451,0.1836314814
EURUSD.DWX,WMR_1600,IS,15,0.6,45,10,0,1550,612,0.2001470185
EURUSD.DWX,WMR_1600,IS,15,0.6,45,11,0,100,41,-0.05973660261
EURUSD.DWX,WMR_1600,IS,15,0.6,45,15,1,1388,342,0.1531805209
EURUSD.DWX,WMR_1600,IS,15,0.6,45,16,1,95,33,0.1074213726
EURUSD.DWX,WMR_1600,IS,15,0.6,45,20,1,1449,78,0.02905250801
EURUSD.DWX,WMR_1600,IS,15,0.6,45,21,1,1549,49,-0.2936367254
EURUSD.DWX,WMR_1600,IS,15,0.6,45,22,1,1547,106,0.0428115795
EURUSD.DWX,WMR_1600,IS,15,0.6,45,23,0,1315,63,0.09338557442
EURUSD.DWX,WMR_1600,IS,15,0.6,60,0,0,1080,23,0.3504672332
EURUSD.DWX,WMR_1600,IS,15,0.6,60,1,0,1047,15,0.1524929316
EURUSD.DWX,WMR_1600,IS,15,0.6,60,2,0,1045,46,0.2259294874
EURUSD.DWX,WMR_1600,IS,15,0.6,60,3,0,1045,119,0.02318271325
EURUSD.DWX,WMR_1600,IS,15,0.6,60,4,0,1045,249,0.09024003549
EURUSD.DWX,WMR_1600,IS,15,0.6,60,5,0,1046,231,0.1051013645
EURUSD.DWX,WMR_1600,IS,15,0.6,60,6,0,1047,151,0.1371874127
EURUSD.DWX,WMR_1600,IS,15,0.6,60,7,0,1048,111,0.1075297112
EURUSD.DWX,WMR_1600,IS,15,0.6,60,8,0,1492,271,0.01240559885
EURUSD.DWX,WMR_1600,IS,15,0.6,60,9,0,1547,451,0.1834356723
EURUSD.DWX,WMR_1600,IS,15,0.6,60,10,0,1550,612,0.193967129
EURUSD.DWX,WMR_1600,IS,15,0.6,60,11,0,100,41,-0.03019175312
EURUSD.DWX,WMR_1600,IS,15,0.6,60,15,1,1388,342,0.1797557932
EURUSD.DWX,WMR_1600,IS,15,0.6,60,16,1,95,33,0.218061089
EURUSD.DWX,WMR_1600,IS,15,0.6,60,20,1,1449,78,0.02677148329
EURUSD.DWX,WMR_1600,IS,15,0.6,60,21,1,1549,49,-0.3689870866
EURUSD.DWX,WMR_1600,IS,15,0.6,60,22,1,1547,106,0.0281739624
EURUSD.DWX,WMR_1600,IS,15,0.6,60,23,0,1315,63,0.08282067588
EURUSD.DWX,WMR_1600,IS,15,0.8,15,0,0,1080,12,0.1783738393
EURUSD.DWX,WMR_1600,IS,15,0.8,15,1,0,1047,7,0.3573672631
EURUSD.DWX,WMR_1600,IS,15,0.8,15,2,0,1045,21,0.002636500438
EURUSD.DWX,WMR_1600,IS,15,0.8,15,3,0,1045,55,-0.06724330738
EURUSD.DWX,WMR_1600,IS,15,0.8,15,4,0,1045,133,0.05277313665
EURUSD.DWX,WMR_1600,IS,15,0.8,15,5,0,1046,133,0.04498007483
EURUSD.DWX,WMR_1600,IS,15,0.8,15,6,0,1047,92,0.09874617315
EURUSD.DWX,WMR_1600,IS,15,0.8,15,7,0,1048,38,0.04351009037
EURUSD.DWX,WMR_1600,IS,15,0.8,15,8,0,1492,136,0.1272780634
EURUSD.DWX,WMR_1600,IS,15,0.8,15,9,0,1547,243,0.1837806123
EURUSD.DWX,WMR_1600,IS,15,0.8,15,10,0,1550,403,0.1135194842
EURUSD.DWX,WMR_1600,IS,15,0.8,15,11,0,100,24,-0.02298395775
EURUSD.DWX,WMR_1600,IS,15,0.8,15,15,1,1388,172,0.1159342158
EURUSD.DWX,WMR_1600,IS,15,0.8,15,16,1,95,20,-0.088658105
EURUSD.DWX,WMR_1600,IS,15,0.8,15,20,1,1449,25,-0.04862376277
EURUSD.DWX,WMR_1600,IS,15,0.8,15,21,1,1549,14,-0.1869996191
EURUSD.DWX,WMR_1600,IS,15,0.8,15,22,1,1547,53,0.06172272138
EURUSD.DWX,WMR_1600,IS,15,0.8,15,23,0,1315,14,0.1022210076
EURUSD.DWX,WMR_1600,IS,15,0.8,30,0,0,1080,12,0.201847848
EURUSD.DWX,WMR_1600,IS,15,0.8,30,1,0,1047,7,0.5680544945
EURUSD.DWX,WMR_1600,IS,15,0.8,30,2,0,1045,21,0.1579011164
EURUSD.DWX,WMR_1600,IS,15,0.8,30,3,0,1045,55,-0.09883515806
EURUSD.DWX,WMR_1600,IS,15,0.8,30,4,0,1045,133,0.1213989423
EURUSD.DWX,WMR_1600,IS,15,0.8,30,5,0,1046,133,0.01166071918
EURUSD.DWX,WMR_1600,IS,15,0.8,30,6,0,1047,92,0.1290338726
EURUSD.DWX,WMR_1600,IS,15,0.8,30,7,0,1048,38,0.1001985841
EURUSD.DWX,WMR_1600,IS,15,0.8,30,8,0,1492,136,0.09464390675
EURUSD.DWX,WMR_1600,IS,15,0.8,30,9,0,1547,243,0.1816182922
EURUSD.DWX,WMR_1600,IS,15,0.8,30,10,0,1550,403,0.1402724135
EURUSD.DWX,WMR_1600,IS,15,0.8,30,11,0,100,24,-0.03798858147
EURUSD.DWX,WMR_1600,IS,15,0.8,30,15,1,1388,172,0.1017873669
EURUSD.DWX,WMR_1600,IS,15,0.8,30,16,1,95,20,-0.1607701527
EURUSD.DWX,WMR_1600,IS,15,0.8,30,20,1,1449,25,-0.1879868443
EURUSD.DWX,WMR_1600,IS,15,0.8,30,21,1,1549,14,-0.3429702001
EURUSD.DWX,WMR_1600,IS,15,0.8,30,22,1,1547,53,0.05994505464
EURUSD.DWX,WMR_1600,IS,15,0.8,30,23,0,1315,14,0.1184490997
EURUSD.DWX,WMR_1600,IS,15,0.8,45,0,0,1080,12,0.3022754105
EURUSD.DWX,WMR_1600,IS,15,0.8,45,1,0,1047,7,0.5283780786
EURUSD.DWX,WMR_1600,IS,15,0.8,45,2,0,1045,21,0.1339501944
EURUSD.DWX,WMR_1600,IS,15,0.8,45,3,0,1045,55,-0.1659599962
EURUSD.DWX,WMR_1600,IS,15,0.8,45,4,0,1045,133,0.2221535621
EURUSD.DWX,WMR_1600,IS,15,0.8,45,5,0,1046,133,0.02805927531
EURUSD.DWX,WMR_1600,IS,15,0.8,45,6,0,1047,92,0.1683669483
EURUSD.DWX,WMR_1600,IS,15,0.8,45,7,0,1048,38,0.1386844076
EURUSD.DWX,WMR_1600,IS,15,0.8,45,8,0,1492,136,0.06747693492
EURUSD.DWX,WMR_1600,IS,15,0.8,45,9,0,1547,243,0.2776747572
EURUSD.DWX,WMR_1600,IS,15,0.8,45,10,0,1550,403,0.195542237
EURUSD.DWX,WMR_1600,IS,15,0.8,45,11,0,100,24,0.05606748763
EURUSD.DWX,WMR_1600,IS,15,0.8,45,15,1,1388,172,0.1529508974
EURUSD.DWX,WMR_1600,IS,15,0.8,45,16,1,95,20,-0.1691445317
EURUSD.DWX,WMR_1600,IS,15,0.8,45,20,1,1449,25,-0.3086065181
EURUSD.DWX,WMR_1600,IS,15,0.8,45,21,1,1549,14,-0.3321179535
EURUSD.DWX,WMR_1600,IS,15,0.8,45,22,1,1547,53,-0.05739963104
EURUSD.DWX,WMR_1600,IS,15,0.8,45,23,0,1315,14,0.06923414223
EURUSD.DWX,WMR_1600,IS,15,0.8,60,0,0,1080,12,0.1436883296
EURUSD.DWX,WMR_1600,IS,15,0.8,60,1,0,1047,7,0.4819816353
EURUSD.DWX,WMR_1600,IS,15,0.8,60,2,0,1045,21,0.1967488979
EURUSD.DWX,WMR_1600,IS,15,0.8,60,3,0,1045,55,-0.07726828248
EURUSD.DWX,WMR_1600,IS,15,0.8,60,4,0,1045,133,0.2005935039
EURUSD.DWX,WMR_1600,IS,15,0.8,60,5,0,1046,133,0.0861427841
EURUSD.DWX,WMR_1600,IS,15,0.8,60,6,0,1047,92,0.1553800877
EURUSD.DWX,WMR_1600,IS,15,0.8,60,7,0,1048,38,0.1235462539
EURUSD.DWX,WMR_1600,IS,15,0.8,60,8,0,1492,136,0.0501667132
EURUSD.DWX,WMR_1600,IS,15,0.8,60,9,0,1547,243,0.2761708816
EURUSD.DWX,WMR_1600,IS,15,0.8,60,10,0,1550,403,0.1830312793
EURUSD.DWX,WMR_1600,IS,15,0.8,60,11,0,100,24,0.1348752439
EURUSD.DWX,WMR_1600,IS,15,0.8,60,15,1,1388,172,0.1714602332
EURUSD.DWX,WMR_1600,IS,15,0.8,60,16,1,95,20,-0.1414880276
EURUSD.DWX,WMR_1600,IS,15,0.8,60,20,1,1449,25,-0.3820116167
EURUSD.DWX,WMR_1600,IS,15,0.8,60,21,1,1549,14,-0.4070430145
EURUSD.DWX,WMR_1600,IS,15,0.8,60,22,1,1547,53,-0.09816140466
EURUSD.DWX,WMR_1600,IS,15,0.8,60,23,0,1315,14,-0.004041697619
EURUSD.DWX,WMR_1600,IS,30,0.4,15,0,0,1080,186,0.1109084033
EURUSD.DWX,WMR_1600,IS,30,0.4,15,1,0,1047,123,0.1014220189
EURUSD.DWX,WMR_1600,IS,30,0.4,15,2,0,1045,275,0.01576702835
EURUSD.DWX,WMR_1600,IS,30,0.4,15,3,0,1045,411,0.0410636145
EURUSD.DWX,WMR_1600,IS,30,0.4,15,4,0,1045,587,0.01454441458
EURUSD.DWX,WMR_1600,IS,30,0.4,15,5,0,1046,614,-0.008517966665
EURUSD.DWX,WMR_1600,IS,30,0.4,15,6,0,1047,510,0.02236859814
EURUSD.DWX,WMR_1600,IS,30,0.4,15,7,0,1048,435,0.01741989182
EURUSD.DWX,WMR_1600,IS,30,0.4,15,8,0,1492,721,0.07493082389
EURUSD.DWX,WMR_1600,IS,30,0.4,15,9,0,1547,893,0.0993397742
EURUSD.DWX,WMR_1600,IS,30,0.4,15,10,0,1550,1075,0.1105094357
EURUSD.DWX,WMR_1600,IS,30,0.4,15,11,0,100,67,0.02381723408
EURUSD.DWX,WMR_1600,IS,30,0.4,15,15,1,1388,741,0.05521226439
EURUSD.DWX,WMR_1600,IS,30,0.4,15,16,1,95,62,0.03226067359
EURUSD.DWX,WMR_1600,IS,30,0.4,15,20,1,1449,477,-0.001273859259
EURUSD.DWX,WMR_1600,IS,30,0.4,15,21,1,1549,415,-0.0325022456
EURUSD.DWX,WMR_1600,IS,30,0.4,15,22,1,1547,468,0.07179566388
EURUSD.DWX,WMR_1600,IS,30,0.4,15,23,0,1315,371,0.08072037648
EURUSD.DWX,WMR_1600,IS,30,0.4,30,0,0,1080,186,0.1095071586
EURUSD.DWX,WMR_1600,IS,30,0.4,30,1,0,1047,123,0.08455146811
EURUSD.DWX,WMR_1600,IS,30,0.4,30,2,0,1045,275,-0.00273778159
EURUSD.DWX,WMR_1600,IS,30,0.4,30,3,0,1045,411,0.05166526718
EURUSD.DWX,WMR_1600,IS,30,0.4,30,4,0,1045,587,0.03154317554
EURUSD.DWX,WMR_1600,IS,30,0.4,30,5,0,1046,614,0.01082140214
EURUSD.DWX,WMR_1600,IS,30,0.4,30,6,0,1047,510,0.03862885001
EURUSD.DWX,WMR_1600,IS,30,0.4,30,7,0,1048,435,0.01569023653
EURUSD.DWX,WMR_1600,IS,30,0.4,30,8,0,1492,721,0.07446519381
EURUSD.DWX,WMR_1600,IS,30,0.4,30,9,0,1547,893,0.1082099867
EURUSD.DWX,WMR_1600,IS,30,0.4,30,10,0,1550,1075,0.1408930653
EURUSD.DWX,WMR_1600,IS,30,0.4,30,11,0,100,67,0.02269812274
EURUSD.DWX,WMR_1600,IS,30,0.4,30,15,1,1388,741,0.0818977398
EURUSD.DWX,WMR_1600,IS,30,0.4,30,16,1,95,62,0.02022214876
EURUSD.DWX,WMR_1600,IS,30,0.4,30,20,1,1449,477,0.005877051324
EURUSD.DWX,WMR_1600,IS,30,0.4,30,21,1,1549,415,-0.009888878581
EURUSD.DWX,WMR_1600,IS,30,0.4,30,22,1,1547,468,0.06046292491
EURUSD.DWX,WMR_1600,IS,30,0.4,30,23,0,1315,371,0.07901731038
EURUSD.DWX,WMR_1600,IS,30,0.4,45,0,0,1080,186,0.09268543861
EURUSD.DWX,WMR_1600,IS,30,0.4,45,1,0,1047,123,0.06824581414
EURUSD.DWX,WMR_1600,IS,30,0.4,45,2,0,1045,275,-0.01392581671
EURUSD.DWX,WMR_1600,IS,30,0.4,45,3,0,1045,411,0.05602541151
EURUSD.DWX,WMR_1600,IS,30,0.4,45,4,0,1045,587,0.02804706105
EURUSD.DWX,WMR_1600,IS,30,0.4,45,5,0,1046,614,0.02093993323
EURUSD.DWX,WMR_1600,IS,30,0.4,45,6,0,1047,510,0.06566369146
EURUSD.DWX,WMR_1600,IS,30,0.4,45,7,0,1048,435,0.04503346919
EURUSD.DWX,WMR_1600,IS,30,0.4,45,8,0,1492,721,0.1073748679
EURUSD.DWX,WMR_1600,IS,30,0.4,45,9,0,1547,893,0.1411451396
EURUSD.DWX,WMR_1600,IS,30,0.4,45,10,0,1550,1075,0.1718269336
EURUSD.DWX,WMR_1600,IS,30,0.4,45,11,0,100,67,0.3132072946
EURUSD.DWX,WMR_1600,IS,30,0.4,45,15,1,1388,741,0.1270730835
EURUSD.DWX,WMR_1600,IS,30,0.4,45,16,1,95,62,0.06233557153
EURUSD.DWX,WMR_1600,IS,30,0.4,45,20,1,1449,477,0.003098108378
EURUSD.DWX,WMR_1600,IS,30,0.4,45,21,1,1549,415,-0.00913509413
EURUSD.DWX,WMR_1600,IS,30,0.4,45,22,1,1547,468,0.04027090169
EURUSD.DWX,WMR_1600,IS,30,0.4,45,23,0,1315,371,0.08951966664
EURUSD.DWX,WMR_1600,IS,30,0.4,60,0,0,1080,186,0.08850413803
EURUSD.DWX,WMR_1600,IS,30,0.4,60,1,0,1047,123,0.05131973416
EURUSD.DWX,WMR_1600,IS,30,0.4,60,2,0,1045,275,0.02134901613
EURUSD.DWX,WMR_1600,IS,30,0.4,60,3,0,1045,411,0.02958509326
EURUSD.DWX,WMR_1600,IS,30,0.4,60,4,0,1045,587,0.05194664358
EURUSD.DWX,WMR_1600,IS,30,0.4,60,5,0,1046,614,0.004161671453
EURUSD.DWX,WMR_1600,IS,30,0.4,60,6,0,1047,510,0.04706311658
EURUSD.DWX,WMR_1600,IS,30,0.4,60,7,0,1048,435,0.01727002323
EURUSD.DWX,WMR_1600,IS,30,0.4,60,8,0,1492,721,0.1067730221
EURUSD.DWX,WMR_1600,IS,30,0.4,60,9,0,1547,893,0.1282660154
EURUSD.DWX,WMR_1600,IS,30,0.4,60,10,0,1550,1075,0.1281160884
EURUSD.DWX,WMR_1600,IS,30,0.4,60,11,0,100,67,0.4099648771
EURUSD.DWX,WMR_1600,IS,30,0.4,60,15,1,1388,741,0.1334981232
EURUSD.DWX,WMR_1600,IS,30,0.4,60,16,1,95,62,0.1803852418
EURUSD.DWX,WMR_1600,IS,30,0.4,60,20,1,1449,477,0.02256598262
EURUSD.DWX,WMR_1600,IS,30,0.4,60,21,1,1549,415,0.01108113949
EURUSD.DWX,WMR_1600,IS,30,0.4,60,22,1,1547,468,0.03017401381
EURUSD.DWX,WMR_1600,IS,30,0.4,60,23,0,1315,371,0.07978450299
EURUSD.DWX,WMR_1600,IS,30,0.6,15,0,0,1080,67,0.124649224
EURUSD.DWX,WMR_1600,IS,30,0.6,15,1,0,1047,38,0.2102984886
EURUSD.DWX,WMR_1600,IS,30,0.6,15,2,0,1045,115,-0.0003779510661
EURUSD.DWX,WMR_1600,IS,30,0.6,15,3,0,1045,232,0.04503285765
EURUSD.DWX,WMR_1600,IS,30,0.6,15,4,0,1045,394,0.02049689591
EURUSD.DWX,WMR_1600,IS,30,0.6,15,5,0,1046,439,-0.003850506702
EURUSD.DWX,WMR_1600,IS,30,0.6,15,6,0,1047,309,0.02755169271
EURUSD.DWX,WMR_1600,IS,30,0.6,15,7,0,1048,244,-0.0008508342925
EURUSD.DWX,WMR_1600,IS,30,0.6,15,8,0,1492,456,0.08684657626
EURUSD.DWX,WMR_1600,IS,30,0.6,15,9,0,1547,642,0.1043603881
EURUSD.DWX,WMR_1600,IS,30,0.6,15,10,0,1550,839,0.1178291142
EURUSD.DWX,WMR_1600,IS,30,0.6,15,11,0,100,55,-0.06517173619
EURUSD.DWX,WMR_1600,IS,30,0.6,15,15,1,1388,504,0.07384285683
EURUSD.DWX,WMR_1600,IS,30,0.6,15,16,1,95,51,0.05517292003
EURUSD.DWX,WMR_1600,IS,30,0.6,15,20,1,1449,243,-0.01845199507
EURUSD.DWX,WMR_1600,IS,30,0.6,15,21,1,1549,182,-0.01669250434
EURUSD.DWX,WMR_1600,IS,30,0.6,15,22,1,1547,207,0.1088115289
EURUSD.DWX,WMR_1600,IS,30,0.6,15,23,0,1315,146,0.08326811031
EURUSD.DWX,WMR_1600,IS,30,0.6,30,0,0,1080,67,0.136002933
EURUSD.DWX,WMR_1600,IS,30,0.6,30,1,0,1047,38,0.2300836301
EURUSD.DWX,WMR_1600,IS,30,0.6,30,2,0,1045,115,0.01381482973
EURUSD.DWX,WMR_1600,IS,30,0.6,30,3,0,1045,232,0.04828589011
EURUSD.DWX,WMR_1600,IS,30,0.6,30,4,0,1045,394,0.07014455072
EURUSD.DWX,WMR_1600,IS,30,0.6,30,5,0,1046,439,0.0153420611
EURUSD.DWX,WMR_1600,IS,30,0.6,30,6,0,1047,309,0.0764621966
EURUSD.DWX,WMR_1600,IS,30,0.6,30,7,0,1048,244,0.01910021572
EURUSD.DWX,WMR_1600,IS,30,0.6,30,8,0,1492,456,0.07303215799
EURUSD.DWX,WMR_1600,IS,30,0.6,30,9,0,1547,642,0.1239186792
EURUSD.DWX,WMR_1600,IS,30,0.6,30,10,0,1550,839,0.1605265642
EURUSD.DWX,WMR_1600,IS,30,0.6,30,11,0,100,55,-0.06755193581
EURUSD.DWX,WMR_1600,IS,30,0.6,30,15,1,1388,504,0.1251829043
EURUSD.DWX,WMR_1600,IS,30,0.6,30,16,1,95,51,0.04941582889
EURUSD.DWX,WMR_1600,IS,30,0.6,30,20,1,1449,243,-0.01436157777
EURUSD.DWX,WMR_1600,IS,30,0.6,30,21,1,1549,182,0.008126554306
EURUSD.DWX,WMR_1600,IS,30,0.6,30,22,1,1547,207,0.08311321342
EURUSD.DWX,WMR_1600,IS,30,0.6,30,23,0,1315,146,0.08619217008
EURUSD.DWX,WMR_1600,IS,30,0.6,45,0,0,1080,67,0.1507339374
EURUSD.DWX,WMR_1600,IS,30,0.6,45,1,0,1047,38,0.2317078598
EURUSD.DWX,WMR_1600,IS,30,0.6,45,2,0,1045,115,0.05102906574
EURUSD.DWX,WMR_1600,IS,30,0.6,45,3,0,1045,232,0.06399275279
EURUSD.DWX,WMR_1600,IS,30,0.6,45,4,0,1045,394,0.05550586748
EURUSD.DWX,WMR_1600,IS,30,0.6,45,5,0,1046,439,0.01885673116
EURUSD.DWX,WMR_1600,IS,30,0.6,45,6,0,1047,309,0.1069925664
EURUSD.DWX,WMR_1600,IS,30,0.6,45,7,0,1048,244,0.04596210094
EURUSD.DWX,WMR_1600,IS,30,0.6,45,8,0,1492,456,0.09635501962
EURUSD.DWX,WMR_1600,IS,30,0.6,45,9,0,1547,642,0.1714762919
EURUSD.DWX,WMR_1600,IS,30,0.6,45,10,0,1550,839,0.2016729524
EURUSD.DWX,WMR_1600,IS,30,0.6,45,11,0,100,55,0.2558635572
EURUSD.DWX,WMR_1600,IS,30,0.6,45,15,1,1388,504,0.1600876494
EURUSD.DWX,WMR_1600,IS,30,0.6,45,16,1,95,51,0.01835591636
EURUSD.DWX,WMR_1600,IS,30,0.6,45,20,1,1449,243,-0.02481577637
EURUSD.DWX,WMR_1600,IS,30,0.6,45,21,1,1549,182,-0.01925171608
EURUSD.DWX,WMR_1600,IS,30,0.6,45,22,1,1547,207,0.0738091751
EURUSD.DWX,WMR_1600,IS,30,0.6,45,23,0,1315,146,0.09602598079
EURUSD.DWX,WMR_1600,IS,30,0.6,60,0,0,1080,67,0.1223407463
EURUSD.DWX,WMR_1600,IS,30,0.6,60,1,0,1047,38,0.1927188849
EURUSD.DWX,WMR_1600,IS,30,0.6,60,2,0,1045,115,0.1142922184
EURUSD.DWX,WMR_1600,IS,30,0.6,60,3,0,1045,232,0.05847645007
EURUSD.DWX,WMR_1600,IS,30,0.6,60,4,0,1045,394,0.08741342278
EURUSD.DWX,WMR_1600,IS,30,0.6,60,5,0,1046,439,0.006509420312
EURUSD.DWX,WMR_1600,IS,30,0.6,60,6,0,1047,309,0.09848803728
EURUSD.DWX,WMR_1600,IS,30,0.6,60,7,0,1048,244,0.03177414586
EURUSD.DWX,WMR_1600,IS,30,0.6,60,8,0,1492,456,0.1032679296
EURUSD.DWX,WMR_1600,IS,30,0.6,60,9,0,1547,642,0.175998258
EURUSD.DWX,WMR_1600,IS,30,0.6,60,10,0,1550,839,0.175813095
EURUSD.DWX,WMR_1600,IS,30,0.6,60,11,0,100,55,0.3175527421
EURUSD.DWX,WMR_1600,IS,30,0.6,60,15,1,1388,504,0.1713891522
EURUSD.DWX,WMR_1600,IS,30,0.6,60,16,1,95,51,0.1741102912
EURUSD.DWX,WMR_1600,IS,30,0.6,60,20,1,1449,243,0.0003931032019
EURUSD.DWX,WMR_1600,IS,30,0.6,60,21,1,1549,182,0.02864519619
EURUSD.DWX,WMR_1600,IS,30,0.6,60,22,1,1547,207,0.04382943952
EURUSD.DWX,WMR_1600,IS,30,0.6,60,23,0,1315,146,0.1006629332
EURUSD.DWX,WMR_1600,IS,30,0.8,15,0,0,1080,28,0.08967040451
EURUSD.DWX,WMR_1600,IS,30,0.8,15,1,0,1047,13,0.1993984339
EURUSD.DWX,WMR_1600,IS,30,0.8,15,2,0,1045,53,-0.05126975058
EURUSD.DWX,WMR_1600,IS,30,0.8,15,3,0,1045,132,0.07876161109
EURUSD.DWX,WMR_1600,IS,30,0.8,15,4,0,1045,271,0.0270690821
EURUSD.DWX,WMR_1600,IS,30,0.8,15,5,0,1046,293,-0.007399233865
EURUSD.DWX,WMR_1600,IS,30,0.8,15,6,0,1047,182,0.05566711205
EURUSD.DWX,WMR_1600,IS,30,0.8,15,7,0,1048,117,0.01459008593
EURUSD.DWX,WMR_1600,IS,30,0.8,15,8,0,1492,281,0.09826204303
EURUSD.DWX,WMR_1600,IS,30,0.8,15,9,0,1547,430,0.1247594669
EURUSD.DWX,WMR_1600,IS,30,0.8,15,10,0,1550,647,0.09859432298
EURUSD.DWX,WMR_1600,IS,30,0.8,15,11,0,100,46,-0.0136381516
EURUSD.DWX,WMR_1600,IS,30,0.8,15,15,1,1388,312,0.1000336678
EURUSD.DWX,WMR_1600,IS,30,0.8,15,16,1,95,39,0.0463107751
EURUSD.DWX,WMR_1600,IS,30,0.8,15,20,1,1449,96,0.01376312
EURUSD.DWX,WMR_1600,IS,30,0.8,15,21,1,1549,67,-0.02872287557
EURUSD.DWX,WMR_1600,IS,30,0.8,15,22,1,1547,107,0.1126466695
EURUSD.DWX,WMR_1600,IS,30,0.8,15,23,0,1315,55,0.1264694221
EURUSD.DWX,WMR_1600,IS,30,0.8,30,0,0,1080,28,0.104891658
EURUSD.DWX,WMR_1600,IS,30,0.8,30,1,0,1047,13,0.2586305028
EURUSD.DWX,WMR_1600,IS,30,0.8,30,2,0,1045,53,-0.02271809953
EURUSD.DWX,WMR_1600,IS,30,0.8,30,3,0,1045,132,0.09008191893
EURUSD.DWX,WMR_1600,IS,30,0.8,30,4,0,1045,271,0.06126158092
EURUSD.DWX,WMR_1600,IS,30,0.8,30,5,0,1046,293,0.040040773
EURUSD.DWX,WMR_1600,IS,30,0.8,30,6,0,1047,182,0.1391656501
EURUSD.DWX,WMR_1600,IS,30,0.8,30,7,0,1048,117,0.01838340241
EURUSD.DWX,WMR_1600,IS,30,0.8,30,8,0,1492,281,0.07861649929
EURUSD.DWX,WMR_1600,IS,30,0.8,30,9,0,1547,430,0.1130292051
EURUSD.DWX,WMR_1600,IS,30,0.8,30,10,0,1550,647,0.154170424
EURUSD.DWX,WMR_1600,IS,30,0.8,30,11,0,100,46,0.1128367514
EURUSD.DWX,WMR_1600,IS,30,0.8,30,15,1,1388,312,0.1151835738
EURUSD.DWX,WMR_1600,IS,30,0.8,30,16,1,95,39,0.03349441754
EURUSD.DWX,WMR_1600,IS,30,0.8,30,20,1,1449,96,0.04547604577
EURUSD.DWX,WMR_1600,IS,30,0.8,30,21,1,1549,67,-0.03068089378
EURUSD.DWX,WMR_1600,IS,30,0.8,30,22,1,1547,107,0.04932520537
EURUSD.DWX,WMR_1600,IS,30,0.8,30,23,0,1315,55,0.1497840872
EURUSD.DWX,WMR_1600,IS,30,0.8,45,0,0,1080,28,0.164000292
EURUSD.DWX,WMR_1600,IS,30,0.8,45,1,0,1047,13,0.1725102867
EURUSD.DWX,WMR_1600,IS,30,0.8,45,2,0,1045,53,0.09259362985
EURUSD.DWX,WMR_1600,IS,30,0.8,45,3,0,1045,132,0.1231164786
EURUSD.DWX,WMR_1600,IS,30,0.8,45,4,0,1045,271,0.03919437575
EURUSD.DWX,WMR_1600,IS,30,0.8,45,5,0,1046,293,0.06796558544
EURUSD.DWX,WMR_1600,IS,30,0.8,45,6,0,1047,182,0.191170969
EURUSD.DWX,WMR_1600,IS,30,0.8,45,7,0,1048,117,0.06417883194
EURUSD.DWX,WMR_1600,IS,30,0.8,45,8,0,1492,281,0.0963988486
EURUSD.DWX,WMR_1600,IS,30,0.8,45,9,0,1547,430,0.1646689244
EURUSD.DWX,WMR_1600,IS,30,0.8,45,10,0,1550,647,0.2042186198
EURUSD.DWX,WMR_1600,IS,30,0.8,45,11,0,100,46,0.4191775884
EURUSD.DWX,WMR_1600,IS,30,0.8,45,15,1,1388,312,0.1375064247
EURUSD.DWX,WMR_1600,IS,30,0.8,45,16,1,95,39,-0.05350273934
EURUSD.DWX,WMR_1600,IS,30,0.8,45,20,1,1449,96,0.02327402218
EURUSD.DWX,WMR_1600,IS,30,0.8,45,21,1,1549,67,-0.1495015787
EURUSD.DWX,WMR_1600,IS,30,0.8,45,22,1,1547,107,0.02820180908
EURUSD.DWX,WMR_1600,IS,30,0.8,45,23,0,1315,55,0.1462008658
EURUSD.DWX,WMR_1600,IS,30,0.8,60,0,0,1080,28,0.09205734284
EURUSD.DWX,WMR_1600,IS,30,0.8,60,1,0,1047,13,0.00152697663
EURUSD.DWX,WMR_1600,IS,30,0.8,60,2,0,1045,53,0.09945234622
EURUSD.DWX,WMR_1600,IS,30,0.8,60,3,0,1045,132,0.1133058603
EURUSD.DWX,WMR_1600,IS,30,0.8,60,4,0,1045,271,0.05900861287
EURUSD.DWX,WMR_1600,IS,30,0.8,60,5,0,1046,293,0.07587124817
EURUSD.DWX,WMR_1600,IS,30,0.8,60,6,0,1047,182,0.172999822
EURUSD.DWX,WMR_1600,IS,30,0.8,60,7,0,1048,117,0.09117412171
EURUSD.DWX,WMR_1600,IS,30,0.8,60,8,0,1492,281,0.09972664551
EURUSD.DWX,WMR_1600,IS,30,0.8,60,9,0,1547,430,0.1375535452
EURUSD.DWX,WMR_1600,IS,30,0.8,60,10,0,1550,647,0.1737632143
EURUSD.DWX,WMR_1600,IS,30,0.8,60,11,0,100,46,0.5026391049
EURUSD.DWX,WMR_1600,IS,30,0.8,60,15,1,1388,312,0.1911182239
EURUSD.DWX,WMR_1600,IS,30,0.8,60,16,1,95,39,0.0973814812
EURUSD.DWX,WMR_1600,IS,30,0.8,60,20,1,1449,96,0.05439570239
EURUSD.DWX,WMR_1600,IS,30,0.8,60,21,1,1549,67,-0.196582919
EURUSD.DWX,WMR_1600,IS,30,0.8,60,22,1,1547,107,-0.01565583735
EURUSD.DWX,WMR_1600,IS,30,0.8,60,23,0,1315,55,0.1193285784
EURUSD.DWX,WMR_1600,IS,60,0.4,15,0,0,1080,382,0.08257525388
EURUSD.DWX,WMR_1600,IS,60,0.4,15,1,0,1047,310,-0.08741579564
EURUSD.DWX,WMR_1600,IS,60,0.4,15,2,0,1045,469,0.01671091519
EURUSD.DWX,WMR_1600,IS,60,0.4,15,3,0,1045,571,0.01076243145
EURUSD.DWX,WMR_1600,IS,60,0.4,15,4,0,1045,730,-0.02430267214
EURUSD.DWX,WMR_1600,IS,60,0.4,15,5,0,1046,708,0.008315208976
EURUSD.DWX,WMR_1600,IS,60,0.4,15,6,0,1047,678,0.03299117224
EURUSD.DWX,WMR_1600,IS,60,0.4,15,7,0,1048,606,-0.0106697797
EURUSD.DWX,WMR_1600,IS,60,0.4,15,8,0,1492,907,0.0317520492
EURUSD.DWX,WMR_1600,IS,60,0.4,15,9,0,1547,1039,0.07338617834
EURUSD.DWX,WMR_1600,IS,60,0.4,15,10,0,1550,1205,0.0806408138
EURUSD.DWX,WMR_1600,IS,60,0.4,15,11,0,100,84,0.1531530149
EURUSD.DWX,WMR_1600,IS,60,0.4,15,15,1,1388,907,0.0446248988
EURUSD.DWX,WMR_1600,IS,60,0.4,15,16,1,95,69,-0.01934776498
EURUSD.DWX,WMR_1600,IS,60,0.4,15,20,1,1449,781,0.001512428987
EURUSD.DWX,WMR_1600,IS,60,0.4,15,21,1,1549,740,-0.02597231074
EURUSD.DWX,WMR_1600,IS,60,0.4,15,22,1,1547,706,0.06130501661
EURUSD.DWX,WMR_1600,IS,60,0.4,15,23,0,1315,570,0.04548549987
EURUSD.DWX,WMR_1600,IS,60,0.4,30,0,0,1080,382,0.06782298486
EURUSD.DWX,WMR_1600,IS,60,0.4,30,1,0,1047,310,-0.1100069415
EURUSD.DWX,WMR_1600,IS,60,0.4,30,2,0,1045,469,0.007682186451
EURUSD.DWX,WMR_1600,IS,60,0.4,30,3,0,1045,571,0.008943847756
EURUSD.DWX,WMR_1600,IS,60,0.4,30,4,0,1045,730,-0.0049953013
EURUSD.DWX,WMR_1600,IS,60,0.4,30,5,0,1046,708,0.01365806161
EURUSD.DWX,WMR_1600,IS,60,0.4,30,6,0,1047,678,0.04956569595
EURUSD.DWX,WMR_1600,IS,60,0.4,30,7,0,1048,606,0.0002567799795
EURUSD.DWX,WMR_1600,IS,60,0.4,30,8,0,1492,907,0.03060197672
EURUSD.DWX,WMR_1600,IS,60,0.4,30,9,0,1547,1039,0.09521504241
EURUSD.DWX,WMR_1600,IS,60,0.4,30,10,0,1550,1205,0.09078310698
EURUSD.DWX,WMR_1600,IS,60,0.4,30,11,0,100,84,0.1931955756
EURUSD.DWX,WMR_1600,IS,60,0.4,30,15,1,1388,907,0.08287585243
EURUSD.DWX,WMR_1600,IS,60,0.4,30,16,1,95,69,0.00577803696
EURUSD.DWX,WMR_1600,IS,60,0.4,30,20,1,1449,781,0.02046404555
EURUSD.DWX,WMR_1600,IS,60,0.4,30,21,1,1549,740,-0.01647387238
EURUSD.DWX,WMR_1600,IS,60,0.4,30,22,1,1547,706,0.0635524647
EURUSD.DWX,WMR_1600,IS,60,0.4,30,23,0,1315,570,0.04739642051
EURUSD.DWX,WMR_1600,IS,60,0.4,45,0,0,1080,382,0.0613229473
EURUSD.DWX,WMR_1600,IS,60,0.4,45,1,0,1047,310,-0.1233104476
EURUSD.DWX,WMR_1600,IS,60,0.4,45,2,0,1045,469,0.02302163986
EURUSD.DWX,WMR_1600,IS,60,0.4,45,3,0,1045,571,-0.004080287078
EURUSD.DWX,WMR_1600,IS,60,0.4,45,4,0,1045,730,0.001058595345
EURUSD.DWX,WMR_1600,IS,60,0.4,45,5,0,1046,708,0.0349079655
EURUSD.DWX,WMR_1600,IS,60,0.4,45,6,0,1047,678,0.05410804281
EURUSD.DWX,WMR_1600,IS,60,0.4,45,7,0,1048,606,0.02811100757
EURUSD.DWX,WMR_1600,IS,60,0.4,45,8,0,1492,907,0.04519555146
EURUSD.DWX,WMR_1600,IS,60,0.4,45,9,0,1547,1039,0.137148595
EURUSD.DWX,WMR_1600,IS,60,0.4,45,10,0,1550,1205,0.1244556815
EURUSD.DWX,WMR_1600,IS,60,0.4,45,11,0,100,84,0.4506575059
EURUSD.DWX,WMR_1600,IS,60,0.4,45,15,1,1388,907,0.1036245455
EURUSD.DWX,WMR_1600,IS,60,0.4,45,16,1,95,69,-0.01122777102
EURUSD.DWX,WMR_1600,IS,60,0.4,45,20,1,1449,781,0.01114241926
EURUSD.DWX,WMR_1600,IS,60,0.4,45,21,1,1549,740,-0.03981752203
EURUSD.DWX,WMR_1600,IS,60,0.4,45,22,1,1547,706,0.05549246083
EURUSD.DWX,WMR_1600,IS,60,0.4,45,23,0,1315,570,0.0495105641
EURUSD.DWX,WMR_1600,IS,60,0.4,60,0,0,1080,382,0.05807358408
EURUSD.DWX,WMR_1600,IS,60,0.4,60,1,0,1047,310,-0.1353122056
EURUSD.DWX,WMR_1600,IS,60,0.4,60,2,0,1045,469,0.07596440907
EURUSD.DWX,WMR_1600,IS,60,0.4,60,3,0,1045,571,-0.02583814735
EURUSD.DWX,WMR_1600,IS,60,0.4,60,4,0,1045,730,0.01048908662
EURUSD.DWX,WMR_1600,IS,60,0.4,60,5,0,1046,708,0.01858021468
EURUSD.DWX,WMR_1600,IS,60,0.4,60,6,0,1047,678,0.02769020711
EURUSD.DWX,WMR_1600,IS,60,0.4,60,7,0,1048,606,0.03701655952
EURUSD.DWX,WMR_1600,IS,60,0.4,60,8,0,1492,907,0.01792285064
EURUSD.DWX,WMR_1600,IS,60,0.4,60,9,0,1547,1039,0.1563577282
EURUSD.DWX,WMR_1600,IS,60,0.4,60,10,0,1550,1205,0.1235436337
EURUSD.DWX,WMR_1600,IS,60,0.4,60,11,0,100,84,0.5385091752
EURUSD.DWX,WMR_1600,IS,60,0.4,60,15,1,1388,907,0.08842787862
EURUSD.DWX,WMR_1600,IS,60,0.4,60,16,1,95,69,0.03107248923
EURUSD.DWX,WMR_1600,IS,60,0.4,60,20,1,1449,781,0.01855624955
EURUSD.DWX,WMR_1600,IS,60,0.4,60,21,1,1549,740,-0.02717260726
EURUSD.DWX,WMR_1600,IS,60,0.4,60,22,1,1547,706,0.03724522947
EURUSD.DWX,WMR_1600,IS,60,0.4,60,23,0,1315,570,0.05050820215
EURUSD.DWX,WMR_1600,IS,60,0.6,15,0,0,1080,177,0.1259135511
EURUSD.DWX,WMR_1600,IS,60,0.6,15,1,0,1047,150,-0.03754305542
EURUSD.DWX,WMR_1600,IS,60,0.6,15,2,0,1045,295,0.02917370501
EURUSD.DWX,WMR_1600,IS,60,0.6,15,3,0,1045,391,0.02093749974
EURUSD.DWX,WMR_1600,IS,60,0.6,15,4,0,1045,589,-0.0007341653187
EURUSD.DWX,WMR_1600,IS,60,0.6,15,5,0,1046,571,0.01535715509
EURUSD.DWX,WMR_1600,IS,60,0.6,15,6,0,1047,517,0.047362603
EURUSD.DWX,WMR_1600,IS,60,0.6,15,7,0,1048,431,-0.01897327177
EURUSD.DWX,WMR_1600,IS,60,0.6,15,8,0,1492,637,0.04780939913
EURUSD.DWX,WMR_1600,IS,60,0.6,15,9,0,1547,796,0.08706565088
EURUSD.DWX,WMR_1600,IS,60,0.6,15,10,0,1550,1042,0.09877263108
EURUSD.DWX,WMR_1600,IS,60,0.6,15,11,0,100,72,0.07011900744
EURUSD.DWX,WMR_1600,IS,60,0.6,15,15,1,1388,688,0.03668545804
EURUSD.DWX,WMR_1600,IS,60,0.6,15,16,1,95,54,-0.004108085798
EURUSD.DWX,WMR_1600,IS,60,0.6,15,20,1,1449,499,-0.0002657898893
EURUSD.DWX,WMR_1600,IS,60,0.6,15,21,1,1549,448,-0.07302596434
EURUSD.DWX,WMR_1600,IS,60,0.6,15,22,1,1547,424,0.09287193696
EURUSD.DWX,WMR_1600,IS,60,0.6,15,23,0,1315,343,0.05270358086
EURUSD.DWX,WMR_1600,IS,60,0.6,30,0,0,1080,177,0.1281022222
EURUSD.DWX,WMR_1600,IS,60,0.6,30,1,0,1047,150,-0.06448648679
EURUSD.DWX,WMR_1600,IS,60,0.6,30,2,0,1045,295,0.01993717585
EURUSD.DWX,WMR_1600,IS,60,0.6,30,3,0,1045,391,0.02982785001
EURUSD.DWX,WMR_1600,IS,60,0.6,30,4,0,1045,589,0.01347956552
EURUSD.DWX,WMR_1600,IS,60,0.6,30,5,0,1046,571,0.01699150526
EURUSD.DWX,WMR_1600,IS,60,0.6,30,6,0,1047,517,0.07327091127
EURUSD.DWX,WMR_1600,IS,60,0.6,30,7,0,1048,431,-0.02399859099
EURUSD.DWX,WMR_1600,IS,60,0.6,30,8,0,1492,637,0.05263679002
EURUSD.DWX,WMR_1600,IS,60,0.6,30,9,0,1547,796,0.09741088168
EURUSD.DWX,WMR_1600,IS,60,0.6,30,10,0,1550,1042,0.1187185425
EURUSD.DWX,WMR_1600,IS,60,0.6,30,11,0,100,72,0.08714202871
EURUSD.DWX,WMR_1600,IS,60,0.6,30,15,1,1388,688,0.06314116089
EURUSD.DWX,WMR_1600,IS,60,0.6,30,16,1,95,54,0.08309785951
EURUSD.DWX,WMR_1600,IS,60,0.6,30,20,1,1449,499,0.006109700415
EURUSD.DWX,WMR_1600,IS,60,0.6,30,21,1,1549,448,-0.05804387711
EURUSD.DWX,WMR_1600,IS,60,0.6,30,22,1,1547,424,0.07886417708
EURUSD.DWX,WMR_1600,IS,60,0.6,30,23,0,1315,343,0.0543234671
EURUSD.DWX,WMR_1600,IS,60,0.6,45,0,0,1080,177,0.1239330549
EURUSD.DWX,WMR_1600,IS,60,0.6,45,1,0,1047,150,-0.09085734539
EURUSD.DWX,WMR_1600,IS,60,0.6,45,2,0,1045,295,0.05405712163
EURUSD.DWX,WMR_1600,IS,60,0.6,45,3,0,1045,391,0.03555874589
EURUSD.DWX,WMR_1600,IS,60,0.6,45,4,0,1045,589,0.02039428495
EURUSD.DWX,WMR_1600,IS,60,0.6,45,5,0,1046,571,0.02922195661
EURUSD.DWX,WMR_1600,IS,60,0.6,45,6,0,1047,517,0.08922711925
EURUSD.DWX,WMR_1600,IS,60,0.6,45,7,0,1048,431,0.01845485433
EURUSD.DWX,WMR_1600,IS,60,0.6,45,8,0,1492,637,0.07687761125
EURUSD.DWX,WMR_1600,IS,60,0.6,45,9,0,1547,796,0.1388958977
EURUSD.DWX,WMR_1600,IS,60,0.6,45,10,0,1550,1042,0.1468804771
EURUSD.DWX,WMR_1600,IS,60,0.6,45,11,0,100,72,0.3916897364
EURUSD.DWX,WMR_1600,IS,60,0.6,45,15,1,1388,688,0.06722014991
EURUSD.DWX,WMR_1600,IS,60,0.6,45,16,1,95,54,0.05731812874
EURUSD.DWX,WMR_1600,IS,60,0.6,45,20,1,1449,499,0.006091946035
EURUSD.DWX,WMR_1600,IS,60,0.6,45,21,1,1549,448,-0.06806276572
EURUSD.DWX,WMR_1600,IS,60,0.6,45,22,1,1547,424,0.07126038885
EURUSD.DWX,WMR_1600,IS,60,0.6,45,23,0,1315,343,0.04342466434
EURUSD.DWX,WMR_1600,IS,60,0.6,60,0,0,1080,177,0.1271799485
EURUSD.DWX,WMR_1600,IS,60,0.6,60,1,0,1047,150,-0.09646229986
EURUSD.DWX,WMR_1600,IS,60,0.6,60,2,0,1045,295,0.09799179295
EURUSD.DWX,WMR_1600,IS,60,0.6,60,3,0,1045,391,0.0208495708
EURUSD.DWX,WMR_1600,IS,60,0.6,60,4,0,1045,589,0.02058312538
EURUSD.DWX,WMR_1600,IS,60,0.6,60,5,0,1046,571,0.008404757638
EURUSD.DWX,WMR_1600,IS,60,0.6,60,6,0,1047,517,0.06556880411
EURUSD.DWX,WMR_1600,IS,60,0.6,60,7,0,1048,431,0.02825382475
EURUSD.DWX,WMR_1600,IS,60,0.6,60,8,0,1492,637,0.06579885199
EURUSD.DWX,WMR_1600,IS,60,0.6,60,9,0,1547,796,0.1720782238
EURUSD.DWX,WMR_1600,IS,60,0.6,60,10,0,1550,1042,0.1335051944
EURUSD.DWX,WMR_1600,IS,60,0.6,60,11,0,100,72,0.4718246955
EURUSD.DWX,WMR_1600,IS,60,0.6,60,15,1,1388,688,0.02908691896
EURUSD.DWX,WMR_1600,IS,60,0.6,60,16,1,95,54,0.1199347792
EURUSD.DWX,WMR_1600,IS,60,0.6,60,20,1,1449,499,0.008431972993
EURUSD.DWX,WMR_1600,IS,60,0.6,60,21,1,1549,448,-0.06028073797
EURUSD.DWX,WMR_1600,IS,60,0.6,60,22,1,1547,424,0.05593222728
EURUSD.DWX,WMR_1600,IS,60,0.6,60,23,0,1315,343,0.04246517367
EURUSD.DWX,WMR_1600,IS,60,0.8,15,0,0,1080,80,0.1290043093
EURUSD.DWX,WMR_1600,IS,60,0.8,15,1,0,1047,76,-0.01485264832
EURUSD.DWX,WMR_1600,IS,60,0.8,15,2,0,1045,159,0.01152675357
EURUSD.DWX,WMR_1600,IS,60,0.8,15,3,0,1045,270,0.06119130746
EURUSD.DWX,WMR_1600,IS,60,0.8,15,4,0,1045,483,0.005728004148
EURUSD.DWX,WMR_1600,IS,60,0.8,15,5,0,1046,445,0.01695980558
EURUSD.DWX,WMR_1600,IS,60,0.8,15,6,0,1047,374,0.05470222279
EURUSD.DWX,WMR_1600,IS,60,0.8,15,7,0,1048,265,-0.06385762449
EURUSD.DWX,WMR_1600,IS,60,0.8,15,8,0,1492,455,0.04947598269
EURUSD.DWX,WMR_1600,IS,60,0.8,15,9,0,1547,604,0.100786557
EURUSD.DWX,WMR_1600,IS,60,0.8,15,10,0,1550,872,0.09281004157
EURUSD.DWX,WMR_1600,IS,60,0.8,15,11,0,100,68,0.02396988376
EURUSD.DWX,WMR_1600,IS,60,0.8,15,15,1,1388,516,0.04103686198
EURUSD.DWX,WMR_1600,IS,60,0.8,15,16,1,95,46,-0.06986880585
EURUSD.DWX,WMR_1600,IS,60,0.8,15,20,1,1449,292,-0.02529134775
EURUSD.DWX,WMR_1600,IS,60,0.8,15,21,1,1549,239,-0.07174108169
EURUSD.DWX,WMR_1600,IS,60,0.8,15,22,1,1547,244,0.09820243642
EURUSD.DWX,WMR_1600,IS,60,0.8,15,23,0,1315,181,0.05192265929
EURUSD.DWX,WMR_1600,IS,60,0.8,30,0,0,1080,80,0.1356622347
EURUSD.DWX,WMR_1600,IS,60,0.8,30,1,0,1047,76,-0.03128879813
EURUSD.DWX,WMR_1600,IS,60,0.8,30,2,0,1045,159,0.008713713723
EURUSD.DWX,WMR_1600,IS,60,0.8,30,3,0,1045,270,0.04969942195
EURUSD.DWX,WMR_1600,IS,60,0.8,30,4,0,1045,483,0.01843594161
EURUSD.DWX,WMR_1600,IS,60,0.8,30,5,0,1046,445,0.02046104748
EURUSD.DWX,WMR_1600,IS,60,0.8,30,6,0,1047,374,0.09592276087
EURUSD.DWX,WMR_1600,IS,60,0.8,30,7,0,1048,265,-0.09483300523
EURUSD.DWX,WMR_1600,IS,60,0.8,30,8,0,1492,455,0.03521586823
EURUSD.DWX,WMR_1600,IS,60,0.8,30,9,0,1547,604,0.08547956884
EURUSD.DWX,WMR_1600,IS,60,0.8,30,10,0,1550,872,0.1202535129
EURUSD.DWX,WMR_1600,IS,60,0.8,30,11,0,100,68,0.05733373242
EURUSD.DWX,WMR_1600,IS,60,0.8,30,15,1,1388,516,0.07460873069
EURUSD.DWX,WMR_1600,IS,60,0.8,30,16,1,95,46,-0.0113517334
EURUSD.DWX,WMR_1600,IS,60,0.8,30,20,1,1449,292,-0.02936351792
EURUSD.DWX,WMR_1600,IS,60,0.8,30,21,1,1549,239,-0.07755589315
EURUSD.DWX,WMR_1600,IS,60,0.8,30,22,1,1547,244,0.08610127755
EURUSD.DWX,WMR_1600,IS,60,0.8,30,23,0,1315,181,0.05627017164
EURUSD.DWX,WMR_1600,IS,60,0.8,45,0,0,1080,80,0.1472175245
EURUSD.DWX,WMR_1600,IS,60,0.8,45,1,0,1047,76,-0.06851034507
EURUSD.DWX,WMR_1600,IS,60,0.8,45,2,0,1045,159,0.04610224528
EURUSD.DWX,WMR_1600,IS,60,0.8,45,3,0,1045,270,0.02369599781
EURUSD.DWX,WMR_1600,IS,60,0.8,45,4,0,1045,483,0.01689532906
EURUSD.DWX,WMR_1600,IS,60,0.8,45,5,0,1046,445,0.01273316759
EURUSD.DWX,WMR_1600,IS,60,0.8,45,6,0,1047,374,0.1018965963
EURUSD.DWX,WMR_1600,IS,60,0.8,45,7,0,1048,265,-0.02899045938
EURUSD.DWX,WMR_1600,IS,60,0.8,45,8,0,1492,455,0.05356699338
EURUSD.DWX,WMR_1600,IS,60,0.8,45,9,0,1547,604,0.140452177
EURUSD.DWX,WMR_1600,IS,60,0.8,45,10,0,1550,872,0.1714693548
EURUSD.DWX,WMR_1600,IS,60,0.8,45,11,0,100,68,0.4231138356
EURUSD.DWX,WMR_1600,IS,60,0.8,45,15,1,1388,516,0.0917838109
EURUSD.DWX,WMR_1600,IS,60,0.8,45,16,1,95,46,-0.03573600391
EURUSD.DWX,WMR_1600,IS,60,0.8,45,20,1,1449,292,-0.0237979678
EURUSD.DWX,WMR_1600,IS,60,0.8,45,21,1,1549,239,-0.09280130531
EURUSD.DWX,WMR_1600,IS,60,0.8,45,22,1,1547,244,0.07505784891
EURUSD.DWX,WMR_1600,IS,60,0.8,45,23,0,1315,181,0.03945622068
EURUSD.DWX,WMR_1600,IS,60,0.8,60,0,0,1080,80,0.1239335474
EURUSD.DWX,WMR_1600,IS,60,0.8,60,1,0,1047,76,-0.09354380548
EURUSD.DWX,WMR_1600,IS,60,0.8,60,2,0,1045,159,0.106684847
EURUSD.DWX,WMR_1600,IS,60,0.8,60,3,0,1045,270,0.01809641486
EURUSD.DWX,WMR_1600,IS,60,0.8,60,4,0,1045,483,0.03214727499
EURUSD.DWX,WMR_1600,IS,60,0.8,60,5,0,1046,445,0.002724549002
EURUSD.DWX,WMR_1600,IS,60,0.8,60,6,0,1047,374,0.07153176496
EURUSD.DWX,WMR_1600,IS,60,0.8,60,7,0,1048,265,-0.01015595641
EURUSD.DWX,WMR_1600,IS,60,0.8,60,8,0,1492,455,0.03418875703
EURUSD.DWX,WMR_1600,IS,60,0.8,60,9,0,1547,604,0.1464719714
EURUSD.DWX,WMR_1600,IS,60,0.8,60,10,0,1550,872,0.1533720475
EURUSD.DWX,WMR_1600,IS,60,0.8,60,11,0,100,68,0.4775446502
EURUSD.DWX,WMR_1600,IS,60,0.8,60,15,1,1388,516,0.06375179582
EURUSD.DWX,WMR_1600,IS,60,0.8,60,16,1,95,46,0.006248166519
EURUSD.DWX,WMR_1600,IS,60,0.8,60,20,1,1449,292,-0.01313812369
EURUSD.DWX,WMR_1600,IS,60,0.8,60,21,1,1549,239,-0.09648204105
EURUSD.DWX,WMR_1600,IS,60,0.8,60,22,1,1547,244,0.05525061272
EURUSD.DWX,WMR_1600,IS,60,0.8,60,23,0,1315,181,0.04232530725
XAUUSD.DWX,LDN_AM_1030,IS,15,0.4,15,8,0,1527,514,7.264684511e-05
XAUUSD.DWX,LDN_AM_1030,IS,15,0.4,15,9,1,1538,719,-0.047908909
XAUUSD.DWX,LDN_AM_1030,IS,15,0.4,15,10,1,1540,736,-0.01992287206
XAUUSD.DWX,LDN_AM_1030,IS,15,0.4,15,11,1,99,49,0.07924623576
XAUUSD.DWX,LDN_AM_1030,IS,15,0.4,15,14,1,1382,465,0.03832687433
XAUUSD.DWX,LDN_AM_1030,IS,15,0.4,15,15,1,95,51,0.0804198977
XAUUSD.DWX,LDN_AM_1030,IS,15,0.4,15,20,0,1398,279,0.03783978329
XAUUSD.DWX,LDN_AM_1030,IS,15,0.4,15,21,0,1492,210,-0.06985889956
XAUUSD.DWX,LDN_AM_1030,IS,15,0.4,15,22,0,1491,160,0.02095479866
XAUUSD.DWX,LDN_AM_1030,IS,15,0.4,30,8,0,1527,514,-0.01092016167
XAUUSD.DWX,LDN_AM_1030,IS,15,0.4,30,9,1,1538,719,-0.06637300927
XAUUSD.DWX,LDN_AM_1030,IS,15,0.4,30,10,1,1540,736,-0.03060749079
XAUUSD.DWX,LDN_AM_1030,IS,15,0.4,30,11,1,99,49,0.1890821998
XAUUSD.DWX,LDN_AM_1030,IS,15,0.4,30,14,1,1382,465,0.07352111779
XAUUSD.DWX,LDN_AM_1030,IS,15,0.4,30,15,1,95,51,-0.001633900465
XAUUSD.DWX,LDN_AM_1030,IS,15,0.4,30,20,0,1398,279,0.04863552339
XAUUSD.DWX,LDN_AM_1030,IS,15,0.4,30,21,0,1492,210,-0.01483467331
XAUUSD.DWX,LDN_AM_1030,IS,15,0.4,30,22,0,1491,160,-0.01488469689
XAUUSD.DWX,LDN_AM_1030,IS,15,0.4,45,8,0,1527,514,-0.009317917376
XAUUSD.DWX,LDN_AM_1030,IS,15,0.4,45,9,1,1538,719,-0.01550048057
XAUUSD.DWX,LDN_AM_1030,IS,15,0.4,45,10,1,1540,736,-0.03135213589
XAUUSD.DWX,LDN_AM_1030,IS,15,0.4,45,11,1,99,49,0.2665150824
XAUUSD.DWX,LDN_AM_1030,IS,15,0.4,45,14,1,1382,465,0.08681496766
XAUUSD.DWX,LDN_AM_1030,IS,15,0.4,45,15,1,95,51,0.06741798604
XAUUSD.DWX,LDN_AM_1030,IS,15,0.4,45,20,0,1398,279,0.1219025292
XAUUSD.DWX,LDN_AM_1030,IS,15,0.4,45,21,0,1492,210,-0.04318397701
XAUUSD.DWX,LDN_AM_1030,IS,15,0.4,45,22,0,1491,160,0.05903458027
XAUUSD.DWX,LDN_AM_1030,IS,15,0.4,60,8,0,1527,514,-0.04822611546
XAUUSD.DWX,LDN_AM_1030,IS,15,0.4,60,9,1,1538,719,0.01233413452
XAUUSD.DWX,LDN_AM_1030,IS,15,0.4,60,10,1,1540,736,-0.01183628555
XAUUSD.DWX,LDN_AM_1030,IS,15,0.4,60,11,1,99,49,0.2107120268
XAUUSD.DWX,LDN_AM_1030,IS,15,0.4,60,14,1,1382,465,0.1377389369
XAUUSD.DWX,LDN_AM_1030,IS,15,0.4,60,15,1,95,51,0.06796012084
XAUUSD.DWX,LDN_AM_1030,IS,15,0.4,60,20,0,1398,279,0.1126937148
XAUUSD.DWX,LDN_AM_1030,IS,15,0.4,60,21,0,1492,210,0.02725988089
XAUUSD.DWX,LDN_AM_1030,IS,15,0.4,60,22,0,1491,160,0.07654057026
XAUUSD.DWX,LDN_AM_1030,IS,15,0.6,15,8,0,1527,231,-0.00484901721
XAUUSD.DWX,LDN_AM_1030,IS,15,0.6,15,9,1,1538,432,-0.08246353777
XAUUSD.DWX,LDN_AM_1030,IS,15,0.6,15,10,1,1540,460,-0.02114357723
XAUUSD.DWX,LDN_AM_1030,IS,15,0.6,15,11,1,99,26,0.07147891468
XAUUSD.DWX,LDN_AM_1030,IS,15,0.6,15,14,1,1382,233,0.1027524895
XAUUSD.DWX,LDN_AM_1030,IS,15,0.6,15,15,1,95,29,0.1311044829
XAUUSD.DWX,LDN_AM_1030,IS,15,0.6,15,20,0,1398,109,0.1017718624
XAUUSD.DWX,LDN_AM_1030,IS,15,0.6,15,21,0,1492,72,-0.09776323662
XAUUSD.DWX,LDN_AM_1030,IS,15,0.6,15,22,0,1491,59,0.01836929108
XAUUSD.DWX,LDN_AM_1030,IS,15,0.6,30,8,0,1527,231,-0.003639120421
XAUUSD.DWX,LDN_AM_1030,IS,15,0.6,30,9,1,1538,432,-0.1135946738
XAUUSD.DWX,LDN_AM_1030,IS,15,0.6,30,10,1,1540,460,-0.03187738517
XAUUSD.DWX,LDN_AM_1030,IS,15,0.6,30,11,1,99,26,0.1992856659
XAUUSD.DWX,LDN_AM_1030,IS,15,0.6,30,14,1,1382,233,0.1420256099
XAUUSD.DWX,LDN_AM_1030,IS,15,0.6,30,15,1,95,29,0.0246439983
XAUUSD.DWX,LDN_AM_1030,IS,15,0.6,30,20,0,1398,109,0.1233364776
XAUUSD.DWX,LDN_AM_1030,IS,15,0.6,30,21,0,1492,72,0.07420380864
XAUUSD.DWX,LDN_AM_1030,IS,15,0.6,30,22,0,1491,59,-0.001216381977
XAUUSD.DWX,LDN_AM_1030,IS,15,0.6,45,8,0,1527,231,-0.07049819325
XAUUSD.DWX,LDN_AM_1030,IS,15,0.6,45,9,1,1538,432,-0.05174123268
XAUUSD.DWX,LDN_AM_1030,IS,15,0.6,45,10,1,1540,460,-0.001581968626
XAUUSD.DWX,LDN_AM_1030,IS,15,0.6,45,11,1,99,26,0.2981025397
XAUUSD.DWX,LDN_AM_1030,IS,15,0.6,45,14,1,1382,233,0.1323526387
XAUUSD.DWX,LDN_AM_1030,IS,15,0.6,45,15,1,95,29,-0.02292017998
XAUUSD.DWX,LDN_AM_1030,IS,15,0.6,45,20,0,1398,109,0.09989816917
XAUUSD.DWX,LDN_AM_1030,IS,15,0.6,45,21,0,1492,72,0.045065311
XAUUSD.DWX,LDN_AM_1030,IS,15,0.6,45,22,0,1491,59,0.1087497396
XAUUSD.DWX,LDN_AM_1030,IS,15,0.6,60,8,0,1527,231,-0.1119166805
XAUUSD.DWX,LDN_AM_1030,IS,15,0.6,60,9,1,1538,432,-0.03714467888
XAUUSD.DWX,LDN_AM_1030,IS,15,0.6,60,10,1,1540,460,0.01221335507
XAUUSD.DWX,LDN_AM_1030,IS,15,0.6,60,11,1,99,26,0.2658670115
XAUUSD.DWX,LDN_AM_1030,IS,15,0.6,60,14,1,1382,233,0.1596342801
XAUUSD.DWX,LDN_AM_1030,IS,15,0.6,60,15,1,95,29,0.01422399738
XAUUSD.DWX,LDN_AM_1030,IS,15,0.6,60,20,0,1398,109,0.1038303806
XAUUSD.DWX,LDN_AM_1030,IS,15,0.6,60,21,0,1492,72,0.136405372
XAUUSD.DWX,LDN_AM_1030,IS,15,0.6,60,22,0,1491,59,0.1028087166
XAUUSD.DWX,LDN_AM_1030,IS,15,0.8,15,8,0,1527,90,-0.03790053644
XAUUSD.DWX,LDN_AM_1030,IS,15,0.8,15,9,1,1538,255,-0.1166901965
XAUUSD.DWX,LDN_AM_1030,IS,15,0.8,15,10,1,1540,279,-0.02527496223
XAUUSD.DWX,LDN_AM_1030,IS,15,0.8,15,11,1,99,17,0.07855335994
XAUUSD.DWX,LDN_AM_1030,IS,15,0.8,15,14,1,1382,115,0.1301165032
XAUUSD.DWX,LDN_AM_1030,IS,15,0.8,15,15,1,95,22,0.2157578583
XAUUSD.DWX,LDN_AM_1030,IS,15,0.8,15,20,0,1398,39,0.1621523626
XAUUSD.DWX,LDN_AM_1030,IS,15,0.8,15,21,0,1492,28,-0.2902095388
XAUUSD.DWX,LDN_AM_1030,IS,15,0.8,15,22,0,1491,20,0.02869215835
XAUUSD.DWX,LDN_AM_1030,IS,15,0.8,30,8,0,1527,90,-0.01980259951
XAUUSD.DWX,LDN_AM_1030,IS,15,0.8,30,9,1,1538,255,-0.1459818463
XAUUSD.DWX,LDN_AM_1030,IS,15,0.8,30,10,1,1540,279,0.0001609868186
XAUUSD.DWX,LDN_AM_1030,IS,15,0.8,30,11,1,99,17,0.2647737197
XAUUSD.DWX,LDN_AM_1030,IS,15,0.8,30,14,1,1382,115,0.1699516854
XAUUSD.DWX,LDN_AM_1030,IS,15,0.8,30,15,1,95,22,0.1251676391
XAUUSD.DWX,LDN_AM_1030,IS,15,0.8,30,20,0,1398,39,0.2633731727
XAUUSD.DWX,LDN_AM_1030,IS,15,0.8,30,21,0,1492,28,-0.06255738909
XAUUSD.DWX,LDN_AM_1030,IS,15,0.8,30,22,0,1491,20,0.02334382953
XAUUSD.DWX,LDN_AM_1030,IS,15,0.8,45,8,0,1527,90,-0.009460540948
XAUUSD.DWX,LDN_AM_1030,IS,15,0.8,45,9,1,1538,255,-0.03221400449
XAUUSD.DWX,LDN_AM_1030,IS,15,0.8,45,10,1,1540,279,0.07503714383
XAUUSD.DWX,LDN_AM_1030,IS,15,0.8,45,11,1,99,17,0.3132154582
XAUUSD.DWX,LDN_AM_1030,IS,15,0.8,45,14,1,1382,115,0.1753101889
XAUUSD.DWX,LDN_AM_1030,IS,15,0.8,45,15,1,95,22,0.09386164592
XAUUSD.DWX,LDN_AM_1030,IS,15,0.8,45,20,0,1398,39,0.3006608926
XAUUSD.DWX,LDN_AM_1030,IS,15,0.8,45,21,0,1492,28,-0.1008683018
XAUUSD.DWX,LDN_AM_1030,IS,15,0.8,45,22,0,1491,20,0.1313790563
XAUUSD.DWX,LDN_AM_1030,IS,15,0.8,60,8,0,1527,90,-0.001881544589
XAUUSD.DWX,LDN_AM_1030,IS,15,0.8,60,9,1,1538,255,-0.001673226101
XAUUSD.DWX,LDN_AM_1030,IS,15,0.8,60,10,1,1540,279,0.07862746452
XAUUSD.DWX,LDN_AM_1030,IS,15,0.8,60,11,1,99,17,0.3067811041
XAUUSD.DWX,LDN_AM_1030,IS,15,0.8,60,14,1,1382,115,0.2822849721
XAUUSD.DWX,LDN_AM_1030,IS,15,0.8,60,15,1,95,22,0.07379250832
XAUUSD.DWX,LDN_AM_1030,IS,15,0.8,60,20,0,1398,39,0.3310318787
XAUUSD.DWX,LDN_AM_1030,IS,15,0.8,60,21,0,1492,28,0.04821842321
XAUUSD.DWX,LDN_AM_1030,IS,15,0.8,60,22,0,1491,20,0.1490171278
XAUUSD.DWX,LDN_AM_1030,IS,30,0.4,15,8,0,1527,757,-0.006601429025
XAUUSD.DWX,LDN_AM_1030,IS,30,0.4,15,9,1,1538,1002,-0.04053378113
XAUUSD.DWX,LDN_AM_1030,IS,30,0.4,15,10,1,1540,1012,-0.02606445446
XAUUSD.DWX,LDN_AM_1030,IS,30,0.4,15,11,1,99,59,-0.08383048346
XAUUSD.DWX,LDN_AM_1030,IS,30,0.4,15,14,1,1382,710,0.04089806199
XAUUSD.DWX,LDN_AM_1030,IS,30,0.4,15,15,1,95,64,0.0650741564
XAUUSD.DWX,LDN_AM_1030,IS,30,0.4,15,20,0,1398,476,0.03448477284
XAUUSD.DWX,LDN_AM_1030,IS,30,0.4,15,21,0,1492,407,0.02770129927
XAUUSD.DWX,LDN_AM_1030,IS,30,0.4,15,22,0,1491,380,0.01263625306
XAUUSD.DWX,LDN_AM_1030,IS,30,0.4,30,8,0,1527,757,0.0176079709
XAUUSD.DWX,LDN_AM_1030,IS,30,0.4,30,9,1,1538,1002,-0.05161852074
XAUUSD.DWX,LDN_AM_1030,IS,30,0.4,30,10,1,1540,1012,-0.01100944092
XAUUSD.DWX,LDN_AM_1030,IS,30,0.4,30,11,1,99,59,-0.0008138557948
XAUUSD.DWX,LDN_AM_1030,IS,30,0.4,30,14,1,1382,710,0.08977752063
XAUUSD.DWX,LDN_AM_1030,IS,30,0.4,30,15,1,95,64,-0.1015384571
XAUUSD.DWX,LDN_AM_1030,IS,30,0.4,30,20,0,1398,476,0.06518020443
XAUUSD.DWX,LDN_AM_1030,IS,30,0.4,30,21,0,1492,407,0.07858067796
XAUUSD.DWX,LDN_AM_1030,IS,30,0.4,30,22,0,1491,380,0.02172190795
XAUUSD.DWX,LDN_AM_1030,IS,30,0.4,45,8,0,1527,757,0.01543324797
XAUUSD.DWX,LDN_AM_1030,IS,30,0.4,45,9,1,1538,1002,-0.03670762037
XAUUSD.DWX,LDN_AM_1030,IS,30,0.4,45,10,1,1540,1012,-0.01267615551
XAUUSD.DWX,LDN_AM_1030,IS,30,0.4,45,11,1,99,59,-0.005293214861
XAUUSD.DWX,LDN_AM_1030,IS,30,0.4,45,14,1,1382,710,0.04889567194
XAUUSD.DWX,LDN_AM_1030,IS,30,0.4,45,15,1,95,64,-0.111343492
XAUUSD.DWX,LDN_AM_1030,IS,30,0.4,45,20,0,1398,476,0.07645426459
XAUUSD.DWX,LDN_AM_1030,IS,30,0.4,45,21,0,1492,407,0.07853106504
XAUUSD.DWX,LDN_AM_1030,IS,30,0.4,45,22,0,1491,380,0.06510550481
XAUUSD.DWX,LDN_AM_1030,IS,30,0.4,60,8,0,1527,757,-0.06174371904
XAUUSD.DWX,LDN_AM_1030,IS,30,0.4,60,9,1,1538,1002,0.001394626897
XAUUSD.DWX,LDN_AM_1030,IS,30,0.4,60,10,1,1540,1012,0.0003163387611
XAUUSD.DWX,LDN_AM_1030,IS,30,0.4,60,11,1,99,59,-0.01997263235
XAUUSD.DWX,LDN_AM_1030,IS,30,0.4,60,14,1,1382,710,0.07432456529
XAUUSD.DWX,LDN_AM_1030,IS,30,0.4,60,15,1,95,64,-0.04375715774
XAUUSD.DWX,LDN_AM_1030,IS,30,0.4,60,20,0,1398,476,0.07569730434
XAUUSD.DWX,LDN_AM_1030,IS,30,0.4,60,21,0,1492,407,0.1080147527
XAUUSD.DWX,LDN_AM_1030,IS,30,0.4,60,22,0,1491,380,0.07756202543
XAUUSD.DWX,LDN_AM_1030,IS,30,0.6,15,8,0,1527,471,-0.0253078588
XAUUSD.DWX,LDN_AM_1030,IS,30,0.6,15,9,1,1538,731,-0.04396024885
XAUUSD.DWX,LDN_AM_1030,IS,30,0.6,15,10,1,1540,774,-0.02813953718
XAUUSD.DWX,LDN_AM_1030,IS,30,0.6,15,11,1,99,42,0.04473788219
XAUUSD.DWX,LDN_AM_1030,IS,30,0.6,15,14,1,1382,464,0.0227659716
XAUUSD.DWX,LDN_AM_1030,IS,30,0.6,15,15,1,95,41,0.09265273728
XAUUSD.DWX,LDN_AM_1030,IS,30,0.6,15,20,0,1398,234,0.03133987141
XAUUSD.DWX,LDN_AM_1030,IS,30,0.6,15,21,0,1492,194,0.03189573148
XAUUSD.DWX,LDN_AM_1030,IS,30,0.6,15,22,0,1491,157,-0.02165411842
XAUUSD.DWX,LDN_AM_1030,IS,30,0.6,30,8,0,1527,471,0.001280795855
XAUUSD.DWX,LDN_AM_1030,IS,30,0.6,30,9,1,1538,731,-0.07209733161
XAUUSD.DWX,LDN_AM_1030,IS,30,0.6,30,10,1,1540,774,-0.002285294216
XAUUSD.DWX,LDN_AM_1030,IS,30,0.6,30,11,1,99,42,0.1965542329
XAUUSD.DWX,LDN_AM_1030,IS,30,0.6,30,14,1,1382,464,0.07245083925
XAUUSD.DWX,LDN_AM_1030,IS,30,0.6,30,15,1,95,41,-0.05800254702
XAUUSD.DWX,LDN_AM_1030,IS,30,0.6,30,20,0,1398,234,0.05818880117
XAUUSD.DWX,LDN_AM_1030,IS,30,0.6,30,21,0,1492,194,0.07338113187
XAUUSD.DWX,LDN_AM_1030,IS,30,0.6,30,22,0,1491,157,-0.03814367811
XAUUSD.DWX,LDN_AM_1030,IS,30,0.6,45,8,0,1527,471,0.0063003176
XAUUSD.DWX,LDN_AM_1030,IS,30,0.6,45,9,1,1538,731,-0.05388474004
XAUUSD.DWX,LDN_AM_1030,IS,30,0.6,45,10,1,1540,774,0.005264302224
XAUUSD.DWX,LDN_AM_1030,IS,30,0.6,45,11,1,99,42,0.1503904324
XAUUSD.DWX,LDN_AM_1030,IS,30,0.6,45,14,1,1382,464,0.03088425234
XAUUSD.DWX,LDN_AM_1030,IS,30,0.6,45,15,1,95,41,-0.145006459
XAUUSD.DWX,LDN_AM_1030,IS,30,0.6,45,20,0,1398,234,0.08590950597
XAUUSD.DWX,LDN_AM_1030,IS,30,0.6,45,21,0,1492,194,0.0787094673
XAUUSD.DWX,LDN_AM_1030,IS,30,0.6,45,22,0,1491,157,0.03851253356
XAUUSD.DWX,LDN_AM_1030,IS,30,0.6,60,8,0,1527,471,-0.1164854328
XAUUSD.DWX,LDN_AM_1030,IS,30,0.6,60,9,1,1538,731,-0.006280929065
XAUUSD.DWX,LDN_AM_1030,IS,30,0.6,60,10,1,1540,774,0.0145682091
XAUUSD.DWX,LDN_AM_1030,IS,30,0.6,60,11,1,99,42,0.1137164569
XAUUSD.DWX,LDN_AM_1030,IS,30,0.6,60,14,1,1382,464,0.05464969127
XAUUSD.DWX,LDN_AM_1030,IS,30,0.6,60,15,1,95,41,-0.006810084052
XAUUSD.DWX,LDN_AM_1030,IS,30,0.6,60,20,0,1398,234,0.1077142495
XAUUSD.DWX,LDN_AM_1030,IS,30,0.6,60,21,0,1492,194,0.1080256022
XAUUSD.DWX,LDN_AM_1030,IS,30,0.6,60,22,0,1491,157,0.06920354419
XAUUSD.DWX,LDN_AM_1030,IS,30,0.8,15,8,0,1527,278,-0.02930953336
XAUUSD.DWX,LDN_AM_1030,IS,30,0.8,15,9,1,1538,514,-0.06861304058
XAUUSD.DWX,LDN_AM_1030,IS,30,0.8,15,10,1,1540,554,-0.0157287216
XAUUSD.DWX,LDN_AM_1030,IS,30,0.8,15,11,1,99,30,0.1387984633
XAUUSD.DWX,LDN_AM_1030,IS,30,0.8,15,14,1,1382,253,0.05656649586
XAUUSD.DWX,LDN_AM_1030,IS,30,0.8,15,15,1,95,31,0.09570097767
XAUUSD.DWX,LDN_AM_1030,IS,30,0.8,15,20,0,1398,121,0.03635503469
XAUUSD.DWX,LDN_AM_1030,IS,30,0.8,15,21,0,1492,108,-0.009632953863
XAUUSD.DWX,LDN_AM_1030,IS,30,0.8,15,22,0,1491,67,-0.0663067217
XAUUSD.DWX,LDN_AM_1030,IS,30,0.8,30,8,0,1527,278,-0.006643307506
XAUUSD.DWX,LDN_AM_1030,IS,30,0.8,30,9,1,1538,514,-0.09559323599
XAUUSD.DWX,LDN_AM_1030,IS,30,0.8,30,10,1,1540,554,0.01214169641
XAUUSD.DWX,LDN_AM_1030,IS,30,0.8,30,11,1,99,30,0.2318659109
XAUUSD.DWX,LDN_AM_1030,IS,30,0.8,30,14,1,1382,253,0.162912156
XAUUSD.DWX,LDN_AM_1030,IS,30,0.8,30,15,1,95,31,-0.05449631823
XAUUSD.DWX,LDN_AM_1030,IS,30,0.8,30,20,0,1398,121,0.07151180383
XAUUSD.DWX,LDN_AM_1030,IS,30,0.8,30,21,0,1492,108,0.05137569472
XAUUSD.DWX,LDN_AM_1030,IS,30,0.8,30,22,0,1491,67,-0.02901004924
XAUUSD.DWX,LDN_AM_1030,IS,30,0.8,45,8,0,1527,278,-0.01017579044
XAUUSD.DWX,LDN_AM_1030,IS,30,0.8,45,9,1,1538,514,-0.06946123841
XAUUSD.DWX,LDN_AM_1030,IS,30,0.8,45,10,1,1540,554,0.01738402875
XAUUSD.DWX,LDN_AM_1030,IS,30,0.8,45,11,1,99,30,0.07967019938
XAUUSD.DWX,LDN_AM_1030,IS,30,0.8,45,14,1,1382,253,0.1254739316
XAUUSD.DWX,LDN_AM_1030,IS,30,0.8,45,15,1,95,31,-0.1783834963
XAUUSD.DWX,LDN_AM_1030,IS,30,0.8,45,20,0,1398,121,0.096228445
XAUUSD.DWX,LDN_AM_1030,IS,30,0.8,45,21,0,1492,108,0.1009127477
XAUUSD.DWX,LDN_AM_1030,IS,30,0.8,45,22,0,1491,67,0.05946949758
XAUUSD.DWX,LDN_AM_1030,IS,30,0.8,60,8,0,1527,278,-0.1643788457
XAUUSD.DWX,LDN_AM_1030,IS,30,0.8,60,9,1,1538,514,-0.02141637318
XAUUSD.DWX,LDN_AM_1030,IS,30,0.8,60,10,1,1540,554,0.03196601803
XAUUSD.DWX,LDN_AM_1030,IS,30,0.8,60,11,1,99,30,-0.04817522778
XAUUSD.DWX,LDN_AM_1030,IS,30,0.8,60,14,1,1382,253,0.1759994842
XAUUSD.DWX,LDN_AM_1030,IS,30,0.8,60,15,1,95,31,-0.06811699605
XAUUSD.DWX,LDN_AM_1030,IS,30,0.8,60,20,0,1398,121,0.09850830461
XAUUSD.DWX,LDN_AM_1030,IS,30,0.8,60,21,0,1492,108,0.1569495093
XAUUSD.DWX,LDN_AM_1030,IS,30,0.8,60,22,0,1491,67,0.1038684146
XAUUSD.DWX,LDN_AM_1030,IS,60,0.4,15,8,0,1527,933,-0.02224279189
XAUUSD.DWX,LDN_AM_1030,IS,60,0.4,15,9,1,1538,1080,-0.01760197069
XAUUSD.DWX,LDN_AM_1030,IS,60,0.4,15,10,1,1540,1093,0.00450507134
XAUUSD.DWX,LDN_AM_1030,IS,60,0.4,15,11,1,99,66,0.009234647833
XAUUSD.DWX,LDN_AM_1030,IS,60,0.4,15,14,1,1382,839,0.006829927255
XAUUSD.DWX,LDN_AM_1030,IS,60,0.4,15,15,1,95,70,-0.02549760425
XAUUSD.DWX,LDN_AM_1030,IS,60,0.4,15,20,0,1398,691,0.01376127554
XAUUSD.DWX,LDN_AM_1030,IS,60,0.4,15,21,0,1492,649,0.01236738051
XAUUSD.DWX,LDN_AM_1030,IS,60,0.4,15,22,0,1491,638,0.008243566244
XAUUSD.DWX,LDN_AM_1030,IS,60,0.4,30,8,0,1527,933,-0.01201667029
XAUUSD.DWX,LDN_AM_1030,IS,60,0.4,30,9,1,1538,1080,-0.005910586943
XAUUSD.DWX,LDN_AM_1030,IS,60,0.4,30,10,1,1540,1093,0.005537672947
XAUUSD.DWX,LDN_AM_1030,IS,60,0.4,30,11,1,99,66,0.04136579583
XAUUSD.DWX,LDN_AM_1030,IS,60,0.4,30,14,1,1382,839,0.05239317184
XAUUSD.DWX,LDN_AM_1030,IS,60,0.4,30,15,1,95,70,-0.1543687108
XAUUSD.DWX,LDN_AM_1030,IS,60,0.4,30,20,0,1398,691,0.02375150452
XAUUSD.DWX,LDN_AM_1030,IS,60,0.4,30,21,0,1492,649,0.0377973875
XAUUSD.DWX,LDN_AM_1030,IS,60,0.4,30,22,0,1491,638,0.01735660552
XAUUSD.DWX,LDN_AM_1030,IS,60,0.4,45,8,0,1527,933,0.01250078877
XAUUSD.DWX,LDN_AM_1030,IS,60,0.4,45,9,1,1538,1080,0.01844340084
XAUUSD.DWX,LDN_AM_1030,IS,60,0.4,45,10,1,1540,1093,-0.001059114335
XAUUSD.DWX,LDN_AM_1030,IS,60,0.4,45,11,1,99,66,-0.04710335675
XAUUSD.DWX,LDN_AM_1030,IS,60,0.4,45,14,1,1382,839,0.002866590731
XAUUSD.DWX,LDN_AM_1030,IS,60,0.4,45,15,1,95,70,-0.2330901974
XAUUSD.DWX,LDN_AM_1030,IS,60,0.4,45,20,0,1398,691,0.008319738117
XAUUSD.DWX,LDN_AM_1030,IS,60,0.4,45,21,0,1492,649,0.01545696565
XAUUSD.DWX,LDN_AM_1030,IS,60,0.4,45,22,0,1491,638,0.05251271679
XAUUSD.DWX,LDN_AM_1030,IS,60,0.4,60,8,0,1527,933,-0.04588254781
XAUUSD.DWX,LDN_AM_1030,IS,60,0.4,60,9,1,1538,1080,0.06119982041
XAUUSD.DWX,LDN_AM_1030,IS,60,0.4,60,10,1,1540,1093,0.01472605266
XAUUSD.DWX,LDN_AM_1030,IS,60,0.4,60,11,1,99,66,-0.1288968504
XAUUSD.DWX,LDN_AM_1030,IS,60,0.4,60,14,1,1382,839,0.005164740917
XAUUSD.DWX,LDN_AM_1030,IS,60,0.4,60,15,1,95,70,-0.1452794749
XAUUSD.DWX,LDN_AM_1030,IS,60,0.4,60,20,0,1398,691,0.03378096518
XAUUSD.DWX,LDN_AM_1030,IS,60,0.4,60,21,0,1492,649,0.02952734968
XAUUSD.DWX,LDN_AM_1030,IS,60,0.4,60,22,0,1491,638,0.07600987872
XAUUSD.DWX,LDN_AM_1030,IS,60,0.6,15,8,0,1527,672,-0.009695825134
XAUUSD.DWX,LDN_AM_1030,IS,60,0.6,15,9,1,1538,893,-0.02588217388
XAUUSD.DWX,LDN_AM_1030,IS,60,0.6,15,10,1,1540,899,-0.005476389095
XAUUSD.DWX,LDN_AM_1030,IS,60,0.6,15,11,1,99,54,-0.01625995824
XAUUSD.DWX,LDN_AM_1030,IS,60,0.6,15,14,1,1382,617,0.03248102995
XAUUSD.DWX,LDN_AM_1030,IS,60,0.6,15,15,1,95,53,-0.04672319483
XAUUSD.DWX,LDN_AM_1030,IS,60,0.6,15,20,0,1398,414,0.01776665916
XAUUSD.DWX,LDN_AM_1030,IS,60,0.6,15,21,0,1492,375,-0.02056095418
XAUUSD.DWX,LDN_AM_1030,IS,60,0.6,15,22,0,1491,356,0.00792869167
XAUUSD.DWX,LDN_AM_1030,IS,60,0.6,30,8,0,1527,672,0.006268725483
XAUUSD.DWX,LDN_AM_1030,IS,60,0.6,30,9,1,1538,893,-0.01470772257
XAUUSD.DWX,LDN_AM_1030,IS,60,0.6,30,10,1,1540,899,0.004173118907
XAUUSD.DWX,LDN_AM_1030,IS,60,0.6,30,11,1,99,54,0.0452781247
XAUUSD.DWX,LDN_AM_1030,IS,60,0.6,30,14,1,1382,617,0.06434055534
XAUUSD.DWX,LDN_AM_1030,IS,60,0.6,30,15,1,95,53,-0.2365083014
XAUUSD.DWX,LDN_AM_1030,IS,60,0.6,30,20,0,1398,414,0.01739620432
XAUUSD.DWX,LDN_AM_1030,IS,60,0.6,30,21,0,1492,375,0.01126271356
XAUUSD.DWX,LDN_AM_1030,IS,60,0.6,30,22,0,1491,356,0.0227337611
XAUUSD.DWX,LDN_AM_1030,IS,60,0.6,45,8,0,1527,672,0.005876136075
XAUUSD.DWX,LDN_AM_1030,IS,60,0.6,45,9,1,1538,893,0.01242745231
XAUUSD.DWX,LDN_AM_1030,IS,60,0.6,45,10,1,1540,899,0.003493284214
XAUUSD.DWX,LDN_AM_1030,IS,60,0.6,45,11,1,99,54,-0.005915847001
XAUUSD.DWX,LDN_AM_1030,IS,60,0.6,45,14,1,1382,617,-0.01998043184
XAUUSD.DWX,LDN_AM_1030,IS,60,0.6,45,15,1,95,53,-0.3846780171
XAUUSD.DWX,LDN_AM_1030,IS,60,0.6,45,20,0,1398,414,0.02157697401
XAUUSD.DWX,LDN_AM_1030,IS,60,0.6,45,21,0,1492,375,-0.02417139958
XAUUSD.DWX,LDN_AM_1030,IS,60,0.6,45,22,0,1491,356,0.06518555237
XAUUSD.DWX,LDN_AM_1030,IS,60,0.6,60,8,0,1527,672,-0.08791674728
XAUUSD.DWX,LDN_AM_1030,IS,60,0.6,60,9,1,1538,893,0.0624361804
XAUUSD.DWX,LDN_AM_1030,IS,60,0.6,60,10,1,1540,899,0.02655092794
XAUUSD.DWX,LDN_AM_1030,IS,60,0.6,60,11,1,99,54,-0.05545400849
XAUUSD.DWX,LDN_AM_1030,IS,60,0.6,60,14,1,1382,617,-0.03274001937
XAUUSD.DWX,LDN_AM_1030,IS,60,0.6,60,15,1,95,53,-0.2625561746
XAUUSD.DWX,LDN_AM_1030,IS,60,0.6,60,20,0,1398,414,0.03878128165
XAUUSD.DWX,LDN_AM_1030,IS,60,0.6,60,21,0,1492,375,0.0003452550419
XAUUSD.DWX,LDN_AM_1030,IS,60,0.6,60,22,0,1491,356,0.091715954
XAUUSD.DWX,LDN_AM_1030,IS,60,0.8,15,8,0,1527,494,-0.01350491202
XAUUSD.DWX,LDN_AM_1030,IS,60,0.8,15,9,1,1538,721,-0.02615692701
XAUUSD.DWX,LDN_AM_1030,IS,60,0.8,15,10,1,1540,719,-0.009563912538
XAUUSD.DWX,LDN_AM_1030,IS,60,0.8,15,11,1,99,45,-0.03287365125
XAUUSD.DWX,LDN_AM_1030,IS,60,0.8,15,14,1,1382,434,0.04571631847
XAUUSD.DWX,LDN_AM_1030,IS,60,0.8,15,15,1,95,41,0.002950674856
XAUUSD.DWX,LDN_AM_1030,IS,60,0.8,15,20,0,1398,255,0.01894872779
XAUUSD.DWX,LDN_AM_1030,IS,60,0.8,15,21,0,1492,222,0.005878550786
XAUUSD.DWX,LDN_AM_1030,IS,60,0.8,15,22,0,1491,180,-0.02064326175
XAUUSD.DWX,LDN_AM_1030,IS,60,0.8,30,8,0,1527,494,0.01118156396
XAUUSD.DWX,LDN_AM_1030,IS,60,0.8,30,9,1,1538,721,-0.03042206635
XAUUSD.DWX,LDN_AM_1030,IS,60,0.8,30,10,1,1540,719,-0.008598098843
XAUUSD.DWX,LDN_AM_1030,IS,60,0.8,30,11,1,99,45,0.02186593987
XAUUSD.DWX,LDN_AM_1030,IS,60,0.8,30,14,1,1382,434,0.0751919688
XAUUSD.DWX,LDN_AM_1030,IS,60,0.8,30,15,1,95,41,-0.1443003041
XAUUSD.DWX,LDN_AM_1030,IS,60,0.8,30,20,0,1398,255,-0.0004257127539
XAUUSD.DWX,LDN_AM_1030,IS,60,0.8,30,21,0,1492,222,0.04056112182
XAUUSD.DWX,LDN_AM_1030,IS,60,0.8,30,22,0,1491,180,-0.01840379415
XAUUSD.DWX,LDN_AM_1030,IS,60,0.8,45,8,0,1527,494,-0.02162599892
XAUUSD.DWX,LDN_AM_1030,IS,60,0.8,45,9,1,1538,721,0.01099453731
XAUUSD.DWX,LDN_AM_1030,IS,60,0.8,45,10,1,1540,719,-0.007951355785
XAUUSD.DWX,LDN_AM_1030,IS,60,0.8,45,11,1,99,45,-0.08038028788
XAUUSD.DWX,LDN_AM_1030,IS,60,0.8,45,14,1,1382,434,-0.01434181481
XAUUSD.DWX,LDN_AM_1030,IS,60,0.8,45,15,1,95,41,-0.1520645372
XAUUSD.DWX,LDN_AM_1030,IS,60,0.8,45,20,0,1398,255,-0.001978900214
XAUUSD.DWX,LDN_AM_1030,IS,60,0.8,45,21,0,1492,222,0.003964545784
XAUUSD.DWX,LDN_AM_1030,IS,60,0.8,45,22,0,1491,180,0.04287765235
XAUUSD.DWX,LDN_AM_1030,IS,60,0.8,60,8,0,1527,494,-0.1084879257
XAUUSD.DWX,LDN_AM_1030,IS,60,0.8,60,9,1,1538,721,0.07196870582
XAUUSD.DWX,LDN_AM_1030,IS,60,0.8,60,10,1,1540,719,0.01568094128
XAUUSD.DWX,LDN_AM_1030,IS,60,0.8,60,11,1,99,45,-0.1235065871
XAUUSD.DWX,LDN_AM_1030,IS,60,0.8,60,14,1,1382,434,-0.0294119968
XAUUSD.DWX,LDN_AM_1030,IS,60,0.8,60,15,1,95,41,-0.0007905320708
XAUUSD.DWX,LDN_AM_1030,IS,60,0.8,60,20,0,1398,255,0.0229639375
XAUUSD.DWX,LDN_AM_1030,IS,60,0.8,60,21,0,1492,222,0.03629038574
XAUUSD.DWX,LDN_AM_1030,IS,60,0.8,60,22,0,1491,180,0.07745415087
XAUUSD.DWX,LDN_PM_1500,IS,15,0.4,15,9,0,1535,599,0.01560668368
XAUUSD.DWX,LDN_PM_1500,IS,15,0.4,15,10,0,1539,646,0.006228208039
XAUUSD.DWX,LDN_PM_1500,IS,15,0.4,15,11,0,99,44,-0.1018741069
XAUUSD.DWX,LDN_PM_1500,IS,15,0.4,15,15,1,1382,496,0.03877434825
XAUUSD.DWX,LDN_PM_1500,IS,15,0.4,15,16,1,95,48,-0.1322890431
XAUUSD.DWX,LDN_PM_1500,IS,15,0.4,15,20,1,1401,202,0.03736729098
XAUUSD.DWX,LDN_PM_1500,IS,15,0.4,15,21,1,1494,181,-0.06110201755
XAUUSD.DWX,LDN_PM_1500,IS,15,0.4,15,22,0,1492,227,-0.02891827133
XAUUSD.DWX,LDN_PM_1500,IS,15,0.4,15,23,0,1263,214,0.1470384391
XAUUSD.DWX,LDN_PM_1500,IS,15,0.4,30,9,0,1535,599,0.07140211548
XAUUSD.DWX,LDN_PM_1500,IS,15,0.4,30,10,0,1539,646,0.02156796439
XAUUSD.DWX,LDN_PM_1500,IS,15,0.4,30,11,0,99,44,-0.1579881922
XAUUSD.DWX,LDN_PM_1500,IS,15,0.4,30,15,1,1382,496,-0.02140975717
XAUUSD.DWX,LDN_PM_1500,IS,15,0.4,30,16,1,95,48,-0.2568963581
XAUUSD.DWX,LDN_PM_1500,IS,15,0.4,30,20,1,1401,202,0.02947602544
XAUUSD.DWX,LDN_PM_1500,IS,15,0.4,30,21,1,1494,181,-0.07255846658
XAUUSD.DWX,LDN_PM_1500,IS,15,0.4,30,22,0,1492,227,-0.05075068171
XAUUSD.DWX,LDN_PM_1500,IS,15,0.4,30,23,0,1263,214,0.1873613642
XAUUSD.DWX,LDN_PM_1500,IS,15,0.4,45,9,0,1535,599,0.0912871504
XAUUSD.DWX,LDN_PM_1500,IS,15,0.4,45,10,0,1539,646,0.05284520966
XAUUSD.DWX,LDN_PM_1500,IS,15,0.4,45,11,0,99,44,-0.02924016466
XAUUSD.DWX,LDN_PM_1500,IS,15,0.4,45,15,1,1382,496,-0.01801622361
XAUUSD.DWX,LDN_PM_1500,IS,15,0.4,45,16,1,95,48,-0.3327590155
XAUUSD.DWX,LDN_PM_1500,IS,15,0.4,45,20,1,1401,202,0.04244236184
XAUUSD.DWX,LDN_PM_1500,IS,15,0.4,45,21,1,1494,181,-0.02453826499
XAUUSD.DWX,LDN_PM_1500,IS,15,0.4,45,22,0,1492,227,-0.06773111366
XAUUSD.DWX,LDN_PM_1500,IS,15,0.4,45,23,0,1263,214,0.1765116414
XAUUSD.DWX,LDN_PM_1500,IS,15,0.4,60,9,0,1535,599,0.1380670121
XAUUSD.DWX,LDN_PM_1500,IS,15,0.4,60,10,0,1539,646,0.030149055
XAUUSD.DWX,LDN_PM_1500,IS,15,0.4,60,11,0,99,44,-0.02145832576
XAUUSD.DWX,LDN_PM_1500,IS,15,0.4,60,15,1,1382,496,0.02391088029
XAUUSD.DWX,LDN_PM_1500,IS,15,0.4,60,16,1,95,48,-0.2057372976
XAUUSD.DWX,LDN_PM_1500,IS,15,0.4,60,20,1,1401,202,0.02077771218
XAUUSD.DWX,LDN_PM_1500,IS,15,0.4,60,21,1,1494,181,0.01765181683
XAUUSD.DWX,LDN_PM_1500,IS,15,0.4,60,22,0,1492,227,-0.08451785429
XAUUSD.DWX,LDN_PM_1500,IS,15,0.4,60,23,0,1263,214,0.1805242564
XAUUSD.DWX,LDN_PM_1500,IS,15,0.6,15,9,0,1535,320,0.03010933795
XAUUSD.DWX,LDN_PM_1500,IS,15,0.6,15,10,0,1539,360,-0.01093617441
XAUUSD.DWX,LDN_PM_1500,IS,15,0.6,15,11,0,99,30,-0.2052914741
XAUUSD.DWX,LDN_PM_1500,IS,15,0.6,15,15,1,1382,253,0.07934787332
XAUUSD.DWX,LDN_PM_1500,IS,15,0.6,15,16,1,95,31,-0.2432557931
XAUUSD.DWX,LDN_PM_1500,IS,15,0.6,15,20,1,1401,69,0.04915803262
XAUUSD.DWX,LDN_PM_1500,IS,15,0.6,15,21,1,1494,60,0.1506337389
XAUUSD.DWX,LDN_PM_1500,IS,15,0.6,15,22,0,1492,82,-0.02867562959
XAUUSD.DWX,LDN_PM_1500,IS,15,0.6,15,23,0,1263,75,0.2186485556
XAUUSD.DWX,LDN_PM_1500,IS,15,0.6,30,9,0,1535,320,0.09032157903
XAUUSD.DWX,LDN_PM_1500,IS,15,0.6,30,10,0,1539,360,-0.004458838471
XAUUSD.DWX,LDN_PM_1500,IS,15,0.6,30,11,0,99,30,-0.2130091642
XAUUSD.DWX,LDN_PM_1500,IS,15,0.6,30,15,1,1382,253,0.04441877433
XAUUSD.DWX,LDN_PM_1500,IS,15,0.6,30,16,1,95,31,-0.4687179288
XAUUSD.DWX,LDN_PM_1500,IS,15,0.6,30,20,1,1401,69,0.1140543045
XAUUSD.DWX,LDN_PM_1500,IS,15,0.6,30,21,1,1494,60,0.2351213269
XAUUSD.DWX,LDN_PM_1500,IS,15,0.6,30,22,0,1492,82,-0.1073195556
XAUUSD.DWX,LDN_PM_1500,IS,15,0.6,30,23,0,1263,75,0.3081015268
XAUUSD.DWX,LDN_PM_1500,IS,15,0.6,45,9,0,1535,320,0.1099819931
XAUUSD.DWX,LDN_PM_1500,IS,15,0.6,45,10,0,1539,360,0.05617250235
XAUUSD.DWX,LDN_PM_1500,IS,15,0.6,45,11,0,99,30,-0.09474679491
XAUUSD.DWX,LDN_PM_1500,IS,15,0.6,45,15,1,1382,253,0.1175414618
XAUUSD.DWX,LDN_PM_1500,IS,15,0.6,45,16,1,95,31,-0.622630865
XAUUSD.DWX,LDN_PM_1500,IS,15,0.6,45,20,1,1401,69,0.091812914
XAUUSD.DWX,LDN_PM_1500,IS,15,0.6,45,21,1,1494,60,0.3015179909
XAUUSD.DWX,LDN_PM_1500,IS,15,0.6,45,22,0,1492,82,-0.1367369327
XAUUSD.DWX,LDN_PM_1500,IS,15,0.6,45,23,0,1263,75,0.3398741131
XAUUSD.DWX,LDN_PM_1500,IS,15,0.6,60,9,0,1535,320,0.1354931114
XAUUSD.DWX,LDN_PM_1500,IS,15,0.6,60,10,0,1539,360,0.04227433803
XAUUSD.DWX,LDN_PM_1500,IS,15,0.6,60,11,0,99,30,-0.09251370516
XAUUSD.DWX,LDN_PM_1500,IS,15,0.6,60,15,1,1382,253,0.1913052563
XAUUSD.DWX,LDN_PM_1500,IS,15,0.6,60,16,1,95,31,-0.5072477275
XAUUSD.DWX,LDN_PM_1500,IS,15,0.6,60,20,1,1401,69,0.04288558782
XAUUSD.DWX,LDN_PM_1500,IS,15,0.6,60,21,1,1494,60,0.3495184447
XAUUSD.DWX,LDN_PM_1500,IS,15,0.6,60,22,0,1492,82,-0.1553745925
XAUUSD.DWX,LDN_PM_1500,IS,15,0.6,60,23,0,1263,75,0.3192368663
XAUUSD.DWX,LDN_PM_1500,IS,15,0.8,15,9,0,1535,166,0.01015182743
XAUUSD.DWX,LDN_PM_1500,IS,15,0.8,15,10,0,1539,169,-0.09897503822
XAUUSD.DWX,LDN_PM_1500,IS,15,0.8,15,11,0,99,16,-0.2109237793
XAUUSD.DWX,LDN_PM_1500,IS,15,0.8,15,15,1,1382,135,0.1097660356
XAUUSD.DWX,LDN_PM_1500,IS,15,0.8,15,16,1,95,19,-0.1212000752
XAUUSD.DWX,LDN_PM_1500,IS,15,0.8,15,20,1,1401,31,0.1333333878
XAUUSD.DWX,LDN_PM_1500,IS,15,0.8,15,21,1,1494,16,-0.03564114796
XAUUSD.DWX,LDN_PM_1500,IS,15,0.8,15,22,0,1492,45,-0.07583963582
XAUUSD.DWX,LDN_PM_1500,IS,15,0.8,15,23,0,1263,41,0.2980998
XAUUSD.DWX,LDN_PM_1500,IS,15,0.8,30,9,0,1535,166,0.0969125581
XAUUSD.DWX,LDN_PM_1500,IS,15,0.8,30,10,0,1539,169,-0.04829380503
XAUUSD.DWX,LDN_PM_1500,IS,15,0.8,30,11,0,99,16,-0.3054003145
XAUUSD.DWX,LDN_PM_1500,IS,15,0.8,30,15,1,1382,135,0.05396640257
XAUUSD.DWX,LDN_PM_1500,IS,15,0.8,30,16,1,95,19,-0.5314589432
XAUUSD.DWX,LDN_PM_1500,IS,15,0.8,30,20,1,1401,31,0.1842566566
XAUUSD.DWX,LDN_PM_1500,IS,15,0.8,30,21,1,1494,16,0.01940665985
XAUUSD.DWX,LDN_PM_1500,IS,15,0.8,30,22,0,1492,45,-0.1666209489
XAUUSD.DWX,LDN_PM_1500,IS,15,0.8,30,23,0,1263,41,0.3903784306
XAUUSD.DWX,LDN_PM_1500,IS,15,0.8,45,9,0,1535,166,0.1157381108
XAUUSD.DWX,LDN_PM_1500,IS,15,0.8,45,10,0,1539,169,0.003180767305
XAUUSD.DWX,LDN_PM_1500,IS,15,0.8,45,11,0,99,16,-0.2499726835
XAUUSD.DWX,LDN_PM_1500,IS,15,0.8,45,15,1,1382,135,0.1890728019
XAUUSD.DWX,LDN_PM_1500,IS,15,0.8,45,16,1,95,19,-0.7085005488
XAUUSD.DWX,LDN_PM_1500,IS,15,0.8,45,20,1,1401,31,0.1672197228
XAUUSD.DWX,LDN_PM_1500,IS,15,0.8,45,21,1,1494,16,-0.00347265475
XAUUSD.DWX,LDN_PM_1500,IS,15,0.8,45,22,0,1492,45,-0.2108481591
XAUUSD.DWX,LDN_PM_1500,IS,15,0.8,45,23,0,1263,41,0.4100334847
XAUUSD.DWX,LDN_PM_1500,IS,15,0.8,60,9,0,1535,166,0.1943348982
XAUUSD.DWX,LDN_PM_1500,IS,15,0.8,60,10,0,1539,169,-0.02158964373
XAUUSD.DWX,LDN_PM_1500,IS,15,0.8,60,11,0,99,16,-0.1683057244
XAUUSD.DWX,LDN_PM_1500,IS,15,0.8,60,15,1,1382,135,0.3019626865
XAUUSD.DWX,LDN_PM_1500,IS,15,0.8,60,16,1,95,19,-0.4197464031
XAUUSD.DWX,LDN_PM_1500,IS,15,0.8,60,20,1,1401,31,0.1544097012
XAUUSD.DWX,LDN_PM_1500,IS,15,0.8,60,21,1,1494,16,0.2253658958
XAUUSD.DWX,LDN_PM_1500,IS,15,0.8,60,22,0,1492,45,-0.2491144038
XAUUSD.DWX,LDN_PM_1500,IS,15,0.8,60,23,0,1263,41,0.3792769499
XAUUSD.DWX,LDN_PM_1500,IS,30,0.4,15,9,0,1535,867,0.02025604068
XAUUSD.DWX,LDN_PM_1500,IS,30,0.4,15,10,0,1539,859,0.02449444969
XAUUSD.DWX,LDN_PM_1500,IS,30,0.4,15,11,0,99,63,-0.05362073566
XAUUSD.DWX,LDN_PM_1500,IS,30,0.4,15,15,1,1382,723,0.04104544683
XAUUSD.DWX,LDN_PM_1500,IS,30,0.4,15,16,1,95,55,-0.1479278673
XAUUSD.DWX,LDN_PM_1500,IS,30,0.4,15,20,1,1401,444,0.02993616102
XAUUSD.DWX,LDN_PM_1500,IS,30,0.4,15,21,1,1494,447,-0.01257776583
XAUUSD.DWX,LDN_PM_1500,IS,30,0.4,15,22,0,1492,390,0.02083048847
XAUUSD.DWX,LDN_PM_1500,IS,30,0.4,15,23,0,1263,381,0.09501975064
XAUUSD.DWX,LDN_PM_1500,IS,30,0.4,30,9,0,1535,867,0.06406553842
XAUUSD.DWX,LDN_PM_1500,IS,30,0.4,30,10,0,1539,859,0.04903437591
XAUUSD.DWX,LDN_PM_1500,IS,30,0.4,30,11,0,99,63,-0.0009539321286
XAUUSD.DWX,LDN_PM_1500,IS,30,0.4,30,15,1,1382,723,0.03959398127
XAUUSD.DWX,LDN_PM_1500,IS,30,0.4,30,16,1,95,55,-0.1584071846
XAUUSD.DWX,LDN_PM_1500,IS,30,0.4,30,20,1,1401,444,0.01422368245
XAUUSD.DWX,LDN_PM_1500,IS,30,0.4,30,21,1,1494,447,-0.002704558413
XAUUSD.DWX,LDN_PM_1500,IS,30,0.4,30,22,0,1492,390,0.02277616734
XAUUSD.DWX,LDN_PM_1500,IS,30,0.4,30,23,0,1263,381,0.1398923828
XAUUSD.DWX,LDN_PM_1500,IS,30,0.4,45,9,0,1535,867,0.08924653104
XAUUSD.DWX,LDN_PM_1500,IS,30,0.4,45,10,0,1539,859,0.06924266288
XAUUSD.DWX,LDN_PM_1500,IS,30,0.4,45,11,0,99,63,0.04761309253
XAUUSD.DWX,LDN_PM_1500,IS,30,0.4,45,15,1,1382,723,0.1399767816
XAUUSD.DWX,LDN_PM_1500,IS,30,0.4,45,16,1,95,55,-0.3589516366
XAUUSD.DWX,LDN_PM_1500,IS,30,0.4,45,20,1,1401,444,0.01196519844
XAUUSD.DWX,LDN_PM_1500,IS,30,0.4,45,21,1,1494,447,-0.004388536051
XAUUSD.DWX,LDN_PM_1500,IS,30,0.4,45,22,0,1492,390,0.01272837294
XAUUSD.DWX,LDN_PM_1500,IS,30,0.4,45,23,0,1263,381,0.1352537302
XAUUSD.DWX,LDN_PM_1500,IS,30,0.4,60,9,0,1535,867,0.1390381645
XAUUSD.DWX,LDN_PM_1500,IS,30,0.4,60,10,0,1539,859,0.05555994357
XAUUSD.DWX,LDN_PM_1500,IS,30,0.4,60,11,0,99,63,0.004721878168
XAUUSD.DWX,LDN_PM_1500,IS,30,0.4,60,15,1,1382,723,0.1416791657
XAUUSD.DWX,LDN_PM_1500,IS,30,0.4,60,16,1,95,55,-0.2118321029
XAUUSD.DWX,LDN_PM_1500,IS,30,0.4,60,20,1,1401,444,0.004695524571
XAUUSD.DWX,LDN_PM_1500,IS,30,0.4,60,21,1,1494,447,0.000498951746
XAUUSD.DWX,LDN_PM_1500,IS,30,0.4,60,22,0,1492,390,0.01382711469
XAUUSD.DWX,LDN_PM_1500,IS,30,0.4,60,23,0,1263,381,0.1381879491
XAUUSD.DWX,LDN_PM_1500,IS,30,0.6,15,9,0,1535,625,0.014561536
XAUUSD.DWX,LDN_PM_1500,IS,30,0.6,15,10,0,1539,608,0.0308035443
XAUUSD.DWX,LDN_PM_1500,IS,30,0.6,15,11,0,99,43,-0.1202854759
XAUUSD.DWX,LDN_PM_1500,IS,30,0.6,15,15,1,1382,489,0.02942832874
XAUUSD.DWX,LDN_PM_1500,IS,30,0.6,15,16,1,95,43,-0.1337093801
XAUUSD.DWX,LDN_PM_1500,IS,30,0.6,15,20,1,1401,199,0.004940987938
XAUUSD.DWX,LDN_PM_1500,IS,30,0.6,15,21,1,1494,208,0.01901865584
XAUUSD.DWX,LDN_PM_1500,IS,30,0.6,15,22,0,1492,180,0.02124628181
XAUUSD.DWX,LDN_PM_1500,IS,30,0.6,15,23,0,1263,173,0.1382218277
XAUUSD.DWX,LDN_PM_1500,IS,30,0.6,30,9,0,1535,625,0.05465840445
XAUUSD.DWX,LDN_PM_1500,IS,30,0.6,30,10,0,1539,608,0.06245662785
XAUUSD.DWX,LDN_PM_1500,IS,30,0.6,30,11,0,99,43,-0.1050235635
XAUUSD.DWX,LDN_PM_1500,IS,30,0.6,30,15,1,1382,489,0.01954405493
XAUUSD.DWX,LDN_PM_1500,IS,30,0.6,30,16,1,95,43,-0.03884716437
XAUUSD.DWX,LDN_PM_1500,IS,30,0.6,30,20,1,1401,199,0.00995134195
XAUUSD.DWX,LDN_PM_1500,IS,30,0.6,30,21,1,1494,208,0.01230953835
XAUUSD.DWX,LDN_PM_1500,IS,30,0.6,30,22,0,1492,180,-0.01114024693
XAUUSD.DWX,LDN_PM_1500,IS,30,0.6,30,23,0,1263,173,0.2017888587
XAUUSD.DWX,LDN_PM_1500,IS,30,0.6,45,9,0,1535,625,0.08289307047
XAUUSD.DWX,LDN_PM_1500,IS,30,0.6,45,10,0,1539,608,0.0775084373
XAUUSD.DWX,LDN_PM_1500,IS,30,0.6,45,11,0,99,43,-0.01468063913
XAUUSD.DWX,LDN_PM_1500,IS,30,0.6,45,15,1,1382,489,0.1515712256
XAUUSD.DWX,LDN_PM_1500,IS,30,0.6,45,16,1,95,43,-0.2980530558
XAUUSD.DWX,LDN_PM_1500,IS,30,0.6,45,20,1,1401,199,0.005056678216
XAUUSD.DWX,LDN_PM_1500,IS,30,0.6,45,21,1,1494,208,-0.003640426912
XAUUSD.DWX,LDN_PM_1500,IS,30,0.6,45,22,0,1492,180,0.0001807854598
XAUUSD.DWX,LDN_PM_1500,IS,30,0.6,45,23,0,1263,173,0.189309358
XAUUSD.DWX,LDN_PM_1500,IS,30,0.6,60,9,0,1535,625,0.118846027
XAUUSD.DWX,LDN_PM_1500,IS,30,0.6,60,10,0,1539,608,0.04670865532
XAUUSD.DWX,LDN_PM_1500,IS,30,0.6,60,11,0,99,43,-0.04238637579
XAUUSD.DWX,LDN_PM_1500,IS,30,0.6,60,15,1,1382,489,0.193520693
XAUUSD.DWX,LDN_PM_1500,IS,30,0.6,60,16,1,95,43,-0.1012109963
XAUUSD.DWX,LDN_PM_1500,IS,30,0.6,60,20,1,1401,199,0.003658729578
XAUUSD.DWX,LDN_PM_1500,IS,30,0.6,60,21,1,1494,208,-0.01017029546
XAUUSD.DWX,LDN_PM_1500,IS,30,0.6,60,22,0,1492,180,0.005134172899
XAUUSD.DWX,LDN_PM_1500,IS,30,0.6,60,23,0,1263,173,0.1773324578
XAUUSD.DWX,LDN_PM_1500,IS,30,0.8,15,9,0,1535,424,-0.01669699594
XAUUSD.DWX,LDN_PM_1500,IS,30,0.8,15,10,0,1539,387,0.03165874406
XAUUSD.DWX,LDN_PM_1500,IS,30,0.8,15,11,0,99,28,-0.1375127378
XAUUSD.DWX,LDN_PM_1500,IS,30,0.8,15,15,1,1382,299,0.06087214875
XAUUSD.DWX,LDN_PM_1500,IS,30,0.8,15,16,1,95,30,-0.196875151
XAUUSD.DWX,LDN_PM_1500,IS,30,0.8,15,20,1,1401,92,0.01846207598
XAUUSD.DWX,LDN_PM_1500,IS,30,0.8,15,21,1,1494,92,-0.07015701945
XAUUSD.DWX,LDN_PM_1500,IS,30,0.8,15,22,0,1492,93,0.01242990356
XAUUSD.DWX,LDN_PM_1500,IS,30,0.8,15,23,0,1263,86,0.2010178895
XAUUSD.DWX,LDN_PM_1500,IS,30,0.8,30,9,0,1535,424,0.009480795896
XAUUSD.DWX,LDN_PM_1500,IS,30,0.8,30,10,0,1539,387,0.05988456068
XAUUSD.DWX,LDN_PM_1500,IS,30,0.8,30,11,0,99,28,-0.1394288698
XAUUSD.DWX,LDN_PM_1500,IS,30,0.8,30,15,1,1382,299,-0.003222240961
XAUUSD.DWX,LDN_PM_1500,IS,30,0.8,30,16,1,95,30,-0.1599743781
XAUUSD.DWX,LDN_PM_1500,IS,30,0.8,30,20,1,1401,92,0.08994637164
XAUUSD.DWX,LDN_PM_1500,IS,30,0.8,30,21,1,1494,92,-0.1217650176
XAUUSD.DWX,LDN_PM_1500,IS,30,0.8,30,22,0,1492,93,-0.0537361278
XAUUSD.DWX,LDN_PM_1500,IS,30,0.8,30,23,0,1263,86,0.2781886064
XAUUSD.DWX,LDN_PM_1500,IS,30,0.8,45,9,0,1535,424,0.02014587999
XAUUSD.DWX,LDN_PM_1500,IS,30,0.8,45,10,0,1539,387,0.06705977954
XAUUSD.DWX,LDN_PM_1500,IS,30,0.8,45,11,0,99,28,-0.04346179207
XAUUSD.DWX,LDN_PM_1500,IS,30,0.8,45,15,1,1382,299,0.06462694728
XAUUSD.DWX,LDN_PM_1500,IS,30,0.8,45,16,1,95,30,-0.3677178211
XAUUSD.DWX,LDN_PM_1500,IS,30,0.8,45,20,1,1401,92,0.08563955885
XAUUSD.DWX,LDN_PM_1500,IS,30,0.8,45,21,1,1494,92,-0.1227052612
XAUUSD.DWX,LDN_PM_1500,IS,30,0.8,45,22,0,1492,93,-0.06114798331
XAUUSD.DWX,LDN_PM_1500,IS,30,0.8,45,23,0,1263,86,0.2444268308
XAUUSD.DWX,LDN_PM_1500,IS,30,0.8,60,9,0,1535,424,0.05667233429
XAUUSD.DWX,LDN_PM_1500,IS,30,0.8,60,10,0,1539,387,0.05880236041
XAUUSD.DWX,LDN_PM_1500,IS,30,0.8,60,11,0,99,28,0.006580599044
XAUUSD.DWX,LDN_PM_1500,IS,30,0.8,60,15,1,1382,299,0.1025468952
XAUUSD.DWX,LDN_PM_1500,IS,30,0.8,60,16,1,95,30,-0.09558179138
XAUUSD.DWX,LDN_PM_1500,IS,30,0.8,60,20,1,1401,92,0.08043631098
XAUUSD.DWX,LDN_PM_1500,IS,30,0.8,60,21,1,1494,92,-0.04946425761
XAUUSD.DWX,LDN_PM_1500,IS,30,0.8,60,22,0,1492,93,-0.06184924153
XAUUSD.DWX,LDN_PM_1500,IS,30,0.8,60,23,0,1263,86,0.2111569701
XAUUSD.DWX,LDN_PM_1500,IS,60,0.4,15,9,0,1535,1008,0.02258541135
XAUUSD.DWX,LDN_PM_1500,IS,60,0.4,15,10,0,1539,1098,0.02644380741
XAUUSD.DWX,LDN_PM_1500,IS,60,0.4,15,11,0,99,72,-0.09157193893
XAUUSD.DWX,LDN_PM_1500,IS,60,0.4,15,15,1,1382,872,0.008470640188
XAUUSD.DWX,LDN_PM_1500,IS,60,0.4,15,16,1,95,72,-0.1392718504
XAUUSD.DWX,LDN_PM_1500,IS,60,0.4,15,20,1,1401,706,-0.008439607378
XAUUSD.DWX,LDN_PM_1500,IS,60,0.4,15,21,1,1494,663,-0.006017640319
XAUUSD.DWX,LDN_PM_1500,IS,60,0.4,15,22,0,1492,608,0.02276177401
XAUUSD.DWX,LDN_PM_1500,IS,60,0.4,15,23,0,1263,546,0.09014804053
XAUUSD.DWX,LDN_PM_1500,IS,60,0.4,30,9,0,1535,1008,0.02134919507
XAUUSD.DWX,LDN_PM_1500,IS,60,0.4,30,10,0,1539,1098,0.06636500834
XAUUSD.DWX,LDN_PM_1500,IS,60,0.4,30,11,0,99,72,-0.1108152593
XAUUSD.DWX,LDN_PM_1500,IS,60,0.4,30,15,1,1382,872,0.02007226055
XAUUSD.DWX,LDN_PM_1500,IS,60,0.4,30,16,1,95,72,-0.04748841549
XAUUSD.DWX,LDN_PM_1500,IS,60,0.4,30,20,1,1401,706,-0.02265201606
XAUUSD.DWX,LDN_PM_1500,IS,60,0.4,30,21,1,1494,663,0.001330856745
XAUUSD.DWX,LDN_PM_1500,IS,60,0.4,30,22,0,1492,608,0.02252773729
XAUUSD.DWX,LDN_PM_1500,IS,60,0.4,30,23,0,1263,546,0.1276967258
XAUUSD.DWX,LDN_PM_1500,IS,60,0.4,45,9,0,1535,1008,0.04087148062
XAUUSD.DWX,LDN_PM_1500,IS,60,0.4,45,10,0,1539,1098,0.05826873273
XAUUSD.DWX,LDN_PM_1500,IS,60,0.4,45,11,0,99,72,-0.07720523929
XAUUSD.DWX,LDN_PM_1500,IS,60,0.4,45,15,1,1382,872,0.03171307158
XAUUSD.DWX,LDN_PM_1500,IS,60,0.4,45,16,1,95,72,-0.1313460507
XAUUSD.DWX,LDN_PM_1500,IS,60,0.4,45,20,1,1401,706,-0.03118677375
XAUUSD.DWX,LDN_PM_1500,IS,60,0.4,45,21,1,1494,663,0.004933332178
XAUUSD.DWX,LDN_PM_1500,IS,60,0.4,45,22,0,1492,608,0.03740682147
XAUUSD.DWX,LDN_PM_1500,IS,60,0.4,45,23,0,1263,546,0.1147879517
XAUUSD.DWX,LDN_PM_1500,IS,60,0.4,60,9,0,1535,1008,0.0724021807
XAUUSD.DWX,LDN_PM_1500,IS,60,0.4,60,10,0,1539,1098,0.06782785289
XAUUSD.DWX,LDN_PM_1500,IS,60,0.4,60,11,0,99,72,-0.08671452365
XAUUSD.DWX,LDN_PM_1500,IS,60,0.4,60,15,1,1382,872,0.01682927821
XAUUSD.DWX,LDN_PM_1500,IS,60,0.4,60,16,1,95,72,-0.000357153127
XAUUSD.DWX,LDN_PM_1500,IS,60,0.4,60,20,1,1401,706,-0.03920065844
XAUUSD.DWX,LDN_PM_1500,IS,60,0.4,60,21,1,1494,663,0.02030142324
XAUUSD.DWX,LDN_PM_1500,IS,60,0.4,60,22,0,1492,608,0.03081768161
XAUUSD.DWX,LDN_PM_1500,IS,60,0.4,60,23,0,1263,546,0.1208455482
XAUUSD.DWX,LDN_PM_1500,IS,60,0.6,15,9,0,1535,784,0.0134161603
XAUUSD.DWX,LDN_PM_1500,IS,60,0.6,15,10,0,1539,903,0.03822922394
XAUUSD.DWX,LDN_PM_1500,IS,60,0.6,15,11,0,99,61,-0.08930054508
XAUUSD.DWX,LDN_PM_1500,IS,60,0.6,15,15,1,1382,667,0.003732193283
XAUUSD.DWX,LDN_PM_1500,IS,60,0.6,15,16,1,95,65,-0.153674415
XAUUSD.DWX,LDN_PM_1500,IS,60,0.6,15,20,1,1401,443,0.002038311165
XAUUSD.DWX,LDN_PM_1500,IS,60,0.6,15,21,1,1494,408,0.005233820225
XAUUSD.DWX,LDN_PM_1500,IS,60,0.6,15,22,0,1492,349,0.01198835801
XAUUSD.DWX,LDN_PM_1500,IS,60,0.6,15,23,0,1263,338,0.1039327693
XAUUSD.DWX,LDN_PM_1500,IS,60,0.6,30,9,0,1535,784,0.000872103114
XAUUSD.DWX,LDN_PM_1500,IS,60,0.6,30,10,0,1539,903,0.09596273781
XAUUSD.DWX,LDN_PM_1500,IS,60,0.6,30,11,0,99,61,-0.1477356575
XAUUSD.DWX,LDN_PM_1500,IS,60,0.6,30,15,1,1382,667,0.004886856445
XAUUSD.DWX,LDN_PM_1500,IS,60,0.6,30,16,1,95,65,-0.02279541455
XAUUSD.DWX,LDN_PM_1500,IS,60,0.6,30,20,1,1401,443,-0.01259217201
XAUUSD.DWX,LDN_PM_1500,IS,60,0.6,30,21,1,1494,408,0.01688791586
XAUUSD.DWX,LDN_PM_1500,IS,60,0.6,30,22,0,1492,349,0.01573828883
XAUUSD.DWX,LDN_PM_1500,IS,60,0.6,30,23,0,1263,338,0.1520661089
XAUUSD.DWX,LDN_PM_1500,IS,60,0.6,45,9,0,1535,784,0.01434932856
XAUUSD.DWX,LDN_PM_1500,IS,60,0.6,45,10,0,1539,903,0.09181832421
XAUUSD.DWX,LDN_PM_1500,IS,60,0.6,45,11,0,99,61,-0.06883295331
XAUUSD.DWX,LDN_PM_1500,IS,60,0.6,45,15,1,1382,667,0.008295295513
XAUUSD.DWX,LDN_PM_1500,IS,60,0.6,45,16,1,95,65,-0.06696240765
XAUUSD.DWX,LDN_PM_1500,IS,60,0.6,45,20,1,1401,443,-0.01832252502
XAUUSD.DWX,LDN_PM_1500,IS,60,0.6,45,21,1,1494,408,0.03176841798
XAUUSD.DWX,LDN_PM_1500,IS,60,0.6,45,22,0,1492,349,0.01865144946
XAUUSD.DWX,LDN_PM_1500,IS,60,0.6,45,23,0,1263,338,0.1364548469
XAUUSD.DWX,LDN_PM_1500,IS,60,0.6,60,9,0,1535,784,0.05048664602
XAUUSD.DWX,LDN_PM_1500,IS,60,0.6,60,10,0,1539,903,0.09216487622
XAUUSD.DWX,LDN_PM_1500,IS,60,0.6,60,11,0,99,61,-0.05984189952
XAUUSD.DWX,LDN_PM_1500,IS,60,0.6,60,15,1,1382,667,-0.01739622415
XAUUSD.DWX,LDN_PM_1500,IS,60,0.6,60,16,1,95,65,0.02028650403
XAUUSD.DWX,LDN_PM_1500,IS,60,0.6,60,20,1,1401,443,-0.03378939391
XAUUSD.DWX,LDN_PM_1500,IS,60,0.6,60,21,1,1494,408,0.05962131656
XAUUSD.DWX,LDN_PM_1500,IS,60,0.6,60,22,0,1492,349,0.007718865945
XAUUSD.DWX,LDN_PM_1500,IS,60,0.6,60,23,0,1263,338,0.1235362993
XAUUSD.DWX,LDN_PM_1500,IS,60,0.8,15,9,0,1535,602,0.02164582475
XAUUSD.DWX,LDN_PM_1500,IS,60,0.8,15,10,0,1539,732,0.05130020125
XAUUSD.DWX,LDN_PM_1500,IS,60,0.8,15,11,0,99,43,-0.1463203895
XAUUSD.DWX,LDN_PM_1500,IS,60,0.8,15,15,1,1382,466,0.009860707015
XAUUSD.DWX,LDN_PM_1500,IS,60,0.8,15,16,1,95,55,-0.1022579671
XAUUSD.DWX,LDN_PM_1500,IS,60,0.8,15,20,1,1401,275,0.03655609266
XAUUSD.DWX,LDN_PM_1500,IS,60,0.8,15,21,1,1494,238,-0.01503227125
XAUUSD.DWX,LDN_PM_1500,IS,60,0.8,15,22,0,1492,223,0.007011363365
XAUUSD.DWX,LDN_PM_1500,IS,60,0.8,15,23,0,1263,202,0.153638396
XAUUSD.DWX,LDN_PM_1500,IS,60,0.8,30,9,0,1535,602,-0.005562304562
XAUUSD.DWX,LDN_PM_1500,IS,60,0.8,30,10,0,1539,732,0.122364822
XAUUSD.DWX,LDN_PM_1500,IS,60,0.8,30,11,0,99,43,-0.1694250107
XAUUSD.DWX,LDN_PM_1500,IS,60,0.8,30,15,1,1382,466,-0.002536506207
XAUUSD.DWX,LDN_PM_1500,IS,60,0.8,30,16,1,95,55,-0.03600312864
XAUUSD.DWX,LDN_PM_1500,IS,60,0.8,30,20,1,1401,275,0.01793418591
XAUUSD.DWX,LDN_PM_1500,IS,60,0.8,30,21,1,1494,238,-0.01118981395
XAUUSD.DWX,LDN_PM_1500,IS,60,0.8,30,22,0,1492,223,0.003503736314
XAUUSD.DWX,LDN_PM_1500,IS,60,0.8,30,23,0,1263,202,0.2180969731
XAUUSD.DWX,LDN_PM_1500,IS,60,0.8,45,9,0,1535,602,0.01859349833
XAUUSD.DWX,LDN_PM_1500,IS,60,0.8,45,10,0,1539,732,0.1208658807
XAUUSD.DWX,LDN_PM_1500,IS,60,0.8,45,11,0,99,43,-0.07905315173
XAUUSD.DWX,LDN_PM_1500,IS,60,0.8,45,15,1,1382,466,0.04673185732
XAUUSD.DWX,LDN_PM_1500,IS,60,0.8,45,16,1,95,55,-0.1520734737
XAUUSD.DWX,LDN_PM_1500,IS,60,0.8,45,20,1,1401,275,0.008811459443
XAUUSD.DWX,LDN_PM_1500,IS,60,0.8,45,21,1,1494,238,0.005559045234
XAUUSD.DWX,LDN_PM_1500,IS,60,0.8,45,22,0,1492,223,-0.02099058095
XAUUSD.DWX,LDN_PM_1500,IS,60,0.8,45,23,0,1263,202,0.1953702387
XAUUSD.DWX,LDN_PM_1500,IS,60,0.8,60,9,0,1535,602,0.05396645563
XAUUSD.DWX,LDN_PM_1500,IS,60,0.8,60,10,0,1539,732,0.1171375475
XAUUSD.DWX,LDN_PM_1500,IS,60,0.8,60,11,0,99,43,-0.05600425668
XAUUSD.DWX,LDN_PM_1500,IS,60,0.8,60,15,1,1382,466,0.06650593403
XAUUSD.DWX,LDN_PM_1500,IS,60,0.8,60,16,1,95,55,-0.09965510455
XAUUSD.DWX,LDN_PM_1500,IS,60,0.8,60,20,1,1401,275,0.008279996899
XAUUSD.DWX,LDN_PM_1500,IS,60,0.8,60,21,1,1494,238,0.03754720924
XAUUSD.DWX,LDN_PM_1500,IS,60,0.8,60,22,0,1492,223,-0.05308789571
XAUUSD.DWX,LDN_PM_1500,IS,60,0.8,60,23,0,1263,202,0.1830205265
