ea_label,ea_id,registry_status,active_magic_row_count,symbols,timeframe,timeframe_source,mq5_sha256,work_item_count,bound_hash_count,decision
QM5_1009_lien-fade-double-zeros,QM5_1009,active,36,AUDCAD.DWX|AUDCHF.DWX|AUDJPY.DWX|AUDNZD.DWX|AUDUSD.DWX|CADCHF.DWX|CADJPY.DWX|CHFJPY.DWX|EURAUD.DWX|EURCAD.DWX|EURCHF.DWX|EURGBP.DWX|EURJPY.DWX|EURNZD.DWX|EURUSD.DWX|GBPAUD.DWX|GBPCAD.DWX|GBPCHF.DWX|GBPJPY.DWX|GBPNZD.DWX|GBPUSD.DWX|GDAXI.DWX|NDX.DWX|NZDCAD.DWX|NZDCHF.DWX|NZDJPY.DWX|NZDUSD.DWX|UK100.DWX|USDCAD.DWX|USDCHF.DWX|USDJPY.DWX|WS30.DWX|XAGUSD.DWX|XAUUSD.DWX|XNGUSD.DWX|XTIUSD.DWX,M15,mq5_period_literal,61a44051923374687f5d99bd0c6bf938d4bb4c4d3f43fee12ac2fe953d3ccd82,0,0,ENQUEUE_COMPILE_EA
QM5_1345_chan-cot-spec-momo,QM5_1345,active,13,AUDUSD.DWX|EURUSD.DWX|GBPUSD.DWX|GDAXI.DWX|NDX.DWX|NZDUSD.DWX|SP500.DWX|UK100.DWX|USDCAD.DWX|USDCHF.DWX|USDJPY.DWX|WS30.DWX|XAUUSD.DWX,D1,card_unique_timeframe,28e96316281f49a376e2e1edf3a21f9dc5cafdd39906423a4743fee5a7b4475c,0,0,ENQUEUE_COMPILE_EA
QM5_1404_as-raa-unemp-canary,QM5_1404,active,13,AUDUSD.DWX|EURUSD.DWX|GBPUSD.DWX|GDAXI.DWX|NDX.DWX|NZDUSD.DWX|SP500.DWX|UK100.DWX|USDCAD.DWX|USDCHF.DWX|USDJPY.DWX|WS30.DWX|XAUUSD.DWX,D1,card_unique_timeframe,db2e06ca7aa202559707ce751b8185832343ef140d885ad52be4ece726537433,0,0,ENQUEUE_COMPILE_EA
QM5_1405_as-rpv-bestvalue,QM5_1405,active,13,AUDUSD.DWX|EURUSD.DWX|GBPUSD.DWX|GDAXI.DWX|NDX.DWX|NZDUSD.DWX|SP500.DWX|UK100.DWX|USDCAD.DWX|USDCHF.DWX|USDJPY.DWX|WS30.DWX|XAUUSD.DWX,D1,card_unique_timeframe,01dfb70410b3c62f2e210baaabb6eedd5fc7bb4208019a9de3678f61f5a97f83,0,0,ENQUEUE_COMPILE_EA
QM5_1488_as-ddm-pods,QM5_1488,active,13,AUDUSD.DWX|EURUSD.DWX|GBPUSD.DWX|GDAXI.DWX|NDX.DWX|NZDUSD.DWX|SP500.DWX|UK100.DWX|USDCAD.DWX|USDCHF.DWX|USDJPY.DWX|WS30.DWX|XAUUSD.DWX,MN1,card_unique_timeframe,34691127445bc890e7f1dbd7bdde38a2bd4c7b58af9ac3e9609c65ea59286a94,0,0,ENQUEUE_COMPILE_EA
QM5_1489_as-permanent-tactical,QM5_1489,active,13,AUDUSD.DWX|EURUSD.DWX|GBPUSD.DWX|GDAXI.DWX|NDX.DWX|NZDUSD.DWX|SP500.DWX|UK100.DWX|USDCAD.DWX|USDCHF.DWX|USDJPY.DWX|WS30.DWX|XAUUSD.DWX,MN1,card_unique_timeframe,fd3705d27e5cb4eee92c4e5053dca71ead56b88c30f2e725dad63a178224e65b,0,0,ENQUEUE_COMPILE_EA
QM5_1538_aa-tsmom-1-3-12,QM5_1538,active,13,AUDUSD.DWX|EURUSD.DWX|GBPUSD.DWX|GDAXI.DWX|NDX.DWX|NZDUSD.DWX|SP500.DWX|UK100.DWX|USDCAD.DWX|USDCHF.DWX|USDJPY.DWX|WS30.DWX|XAUUSD.DWX,D1,card_unique_timeframe,c9ec0b29192876241d12005812d2aced593a16af1ff44336f2b362575ad5bfc0,0,0,ENQUEUE_COMPILE_EA
QM5_1539_aa-canary-13612w,QM5_1539,active,13,AUDUSD.DWX|EURUSD.DWX|GBPUSD.DWX|GDAXI.DWX|NDX.DWX|NZDUSD.DWX|SP500.DWX|UK100.DWX|USDCAD.DWX|USDCHF.DWX|USDJPY.DWX|WS30.DWX|XAUUSD.DWX,D1,card_unique_timeframe,e1152b2cc6df079a778d0bb310329c823bd130a068f331ea2bcb5b9ffe5fb854,0,0,ENQUEUE_COMPILE_EA
QM5_1572_aa-ls-mom-bear24,QM5_1572,active,13,AUDUSD.DWX|EURUSD.DWX|GBPUSD.DWX|GDAXI.DWX|NDX.DWX|NZDUSD.DWX|SP500.DWX|UK100.DWX|USDCAD.DWX|USDCHF.DWX|USDJPY.DWX|WS30.DWX|XAUUSD.DWX,D1,card_unique_timeframe,0629ff6be2981d1a0b0ae2ba64211229830ad845824496c6a6b480448599a63f,0,0,ENQUEUE_COMPILE_EA
QM5_1583_aa-sma10-tr4-risk,QM5_1583,active,13,AUDUSD.DWX|EURUSD.DWX|GBPUSD.DWX|GDAXI.DWX|NDX.DWX|NZDUSD.DWX|SP500.DWX|UK100.DWX|USDCAD.DWX|USDCHF.DWX|USDJPY.DWX|WS30.DWX|XAUUSD.DWX,D1,card_unique_timeframe,873688d8bcc404d0f8b980aa75ade67e9ba3a3d7d500c1f9e4e98cd3e3c7e185,0,0,ENQUEUE_COMPILE_EA
QM5_1606_aa-gvmt-robust,QM5_1606,active,13,AUDUSD.DWX|EURUSD.DWX|GBPUSD.DWX|GDAXI.DWX|NDX.DWX|NZDUSD.DWX|SP500.DWX|UK100.DWX|USDCAD.DWX|USDCHF.DWX|USDJPY.DWX|WS30.DWX|XAUUSD.DWX,D1,card_unique_timeframe,ef729779e1d346ffbd9ef015184dc212c392048411806ba8edc5d1c2127060e3,0,0,ENQUEUE_COMPILE_EA
QM5_1607_aa-mom-tol-band,QM5_1607,active,13,AUDUSD.DWX|EURUSD.DWX|GBPUSD.DWX|GDAXI.DWX|NDX.DWX|NZDUSD.DWX|SP500.DWX|UK100.DWX|USDCAD.DWX|USDCHF.DWX|USDJPY.DWX|WS30.DWX|XAUUSD.DWX,D1,card_unique_timeframe,3d8c8ac29b33b1e9f681e431d2f803e63a4d1bedfb08a4524874efbbe3374a80,0,0,ENQUEUE_COMPILE_EA
QM5_1611_aa-dsp-hpes024,QM5_1611,active,13,AUDUSD.DWX|EURUSD.DWX|GBPUSD.DWX|GDAXI.DWX|NDX.DWX|NZDUSD.DWX|SP500.DWX|UK100.DWX|USDCAD.DWX|USDCHF.DWX|USDJPY.DWX|WS30.DWX|XAUUSD.DWX,D1,card_explicit_host_timeframe,cdc1195e93e5aea56901e1a858e17d914fdfee06b69a5b2011edee1b88445eaa,0,0,ENQUEUE_COMPILE_EA
QM5_1612_aa-dsp-hplwma10,QM5_1612,active,13,AUDUSD.DWX|EURUSD.DWX|GBPUSD.DWX|GDAXI.DWX|NDX.DWX|NZDUSD.DWX|SP500.DWX|UK100.DWX|USDCAD.DWX|USDCHF.DWX|USDJPY.DWX|WS30.DWX|XAUUSD.DWX,D1,card_explicit_host_timeframe,be34c1f732107e83ff3151d085b8e62a2ae95eae0e0fce94c3e0f2699a73d0a3,0,0,ENQUEUE_COMPILE_EA
QM5_1613_aa-dsp-atsmom,QM5_1613,active,13,AUDUSD.DWX|EURUSD.DWX|GBPUSD.DWX|GDAXI.DWX|NDX.DWX|NZDUSD.DWX|SP500.DWX|UK100.DWX|USDCAD.DWX|USDCHF.DWX|USDJPY.DWX|WS30.DWX|XAUUSD.DWX,D1,card_explicit_host_timeframe,db5a1d8db8941d6acf45bed6949d0c5b02964875c1b9a466f6f4bb0eafcbb8c7,0,0,ENQUEUE_COMPILE_EA
QM5_1617_mql5-sar-sma-rapid,QM5_1617,active,13,AUDUSD.DWX|EURUSD.DWX|GBPUSD.DWX|GDAXI.DWX|NDX.DWX|NZDUSD.DWX|SP500.DWX|UK100.DWX|USDCAD.DWX|USDCHF.DWX|USDJPY.DWX|WS30.DWX|XAUUSD.DWX,M15,card_unique_timeframe,038e41d571cc8f0e7b8ce3ac1f34f0e7c3bc5d698b70cce9c5d7081e597cf6af,0,0,ENQUEUE_COMPILE_EA
QM5_1618_mql5-ma-support,QM5_1618,active,13,AUDUSD.DWX|EURUSD.DWX|GBPUSD.DWX|GDAXI.DWX|NDX.DWX|NZDUSD.DWX|SP500.DWX|UK100.DWX|USDCAD.DWX|USDCHF.DWX|USDJPY.DWX|WS30.DWX|XAUUSD.DWX,H1,card_unique_timeframe,8719a60286a06604ca67e5764773d673acddd3958a87b8008269a7257af2ba48,0,0,ENQUEUE_COMPILE_EA
QM5_1640_aa-indmom-12-0,QM5_1640,active,13,AUDUSD.DWX|EURUSD.DWX|GBPUSD.DWX|GDAXI.DWX|NDX.DWX|NZDUSD.DWX|SP500.DWX|UK100.DWX|USDCAD.DWX|USDCHF.DWX|USDJPY.DWX|WS30.DWX|XAUUSD.DWX,MN1,card_explicit_host_timeframe,bf204cf8422ed6a78cb46756adbeea71efcaa1bafb3e7c7567bb3147dd93636b,0,0,ENQUEUE_COMPILE_EA
QM5_1671_ehlers-ebsw-cycle-extract-composite-h4,QM5_1671,active,13,AUDUSD.DWX|EURUSD.DWX|GBPUSD.DWX|GDAXI.DWX|NDX.DWX|NZDUSD.DWX|SP500.DWX|UK100.DWX|USDCAD.DWX|USDCHF.DWX|USDJPY.DWX|WS30.DWX|XAUUSD.DWX,H4,ea_label,54e870f09ec2406f1b5e8c94c1182c94ae58bdc1346d3401811cce5cd37e865d,0,0,ENQUEUE_COMPILE_EA
QM5_9111_aa-dlwma-trend10,QM5_9111,active,13,AUDUSD.DWX|EURUSD.DWX|GBPUSD.DWX|GDAXI.DWX|NDX.DWX|NZDUSD.DWX|SP500.DWX|UK100.DWX|USDCAD.DWX|USDCHF.DWX|USDJPY.DWX|WS30.DWX|XAUUSD.DWX,D1,card_unique_timeframe,960aeb9e14c01b04a505b103dd2e36af9bedaaa425fc68106decd4c4fe73f44b,0,0,ENQUEUE_COMPILE_EA
QM5_9112_aa-des-trend0177,QM5_9112,active,13,AUDUSD.DWX|EURUSD.DWX|GBPUSD.DWX|GDAXI.DWX|NDX.DWX|NZDUSD.DWX|SP500.DWX|UK100.DWX|USDCAD.DWX|USDCHF.DWX|USDJPY.DWX|WS30.DWX|XAUUSD.DWX,D1,card_unique_timeframe,bbc300aae7f50961908c5241735f19c9dd3b265274321f8fea49ecab6c5c79b4,0,0,ENQUEUE_COMPILE_EA
QM5_9113_aa-ab-velocity,QM5_9113,active,13,AUDUSD.DWX|EURUSD.DWX|GBPUSD.DWX|GDAXI.DWX|NDX.DWX|NZDUSD.DWX|SP500.DWX|UK100.DWX|USDCAD.DWX|USDCHF.DWX|USDJPY.DWX|WS30.DWX|XAUUSD.DWX,D1,card_unique_timeframe,107d656ed153c10f90b8e4e54dfdb7f1b664303fe6778025a337050382e994b8,0,0,ENQUEUE_COMPILE_EA
QM5_9166_aa-vol-ma-timing,QM5_9166,active,13,AUDUSD.DWX|EURUSD.DWX|GBPUSD.DWX|GDAXI.DWX|NDX.DWX|NZDUSD.DWX|SP500.DWX|UK100.DWX|USDCAD.DWX|USDCHF.DWX|USDJPY.DWX|WS30.DWX|XAUUSD.DWX,D1,card_unique_timeframe,d5405cd9e3a72a4f5d25dacf1776fc3eaa6572f8810f0320684dae31e41a7569,0,0,ENQUEUE_COMPILE_EA
QM5_9353_chande-stochrsi-base-cross-h4,QM5_9353,active,13,AUDUSD.DWX|EURUSD.DWX|GBPUSD.DWX|GDAXI.DWX|NDX.DWX|NZDUSD.DWX|SP500.DWX|UK100.DWX|USDCAD.DWX|USDCHF.DWX|USDJPY.DWX|WS30.DWX|XAUUSD.DWX,H4,ea_label,67da622a1cf807078ff9dd85205f4c5008f313b628b092458e8cedd28f12691f,0,0,ENQUEUE_COMPILE_EA
QM5_9406_qs-daily-mac,QM5_9406,active,13,AUDUSD.DWX|EURUSD.DWX|GBPUSD.DWX|GDAXI.DWX|NDX.DWX|NZDUSD.DWX|SP500.DWX|UK100.DWX|USDCAD.DWX|USDCHF.DWX|USDJPY.DWX|WS30.DWX|XAUUSD.DWX,D1,card_unique_timeframe,152244997911119e18cc3624121cd0e20d394b180057d14aa85e236c4181209c,0,0,ENQUEUE_COMPILE_EA
QM5_9417_qs-sma10-30,QM5_9417,active,13,AUDUSD.DWX|EURUSD.DWX|GBPUSD.DWX|GDAXI.DWX|NDX.DWX|NZDUSD.DWX|SP500.DWX|UK100.DWX|USDCAD.DWX|USDCHF.DWX|USDJPY.DWX|WS30.DWX|XAUUSD.DWX,D1,card_unique_timeframe,a3fc2d62081579fe2539994a71d4c212665e41f32fb0377f7516facee5a13393,0,0,ENQUEUE_COMPILE_EA
QM5_9465_connors-rsi25-d1,QM5_9465,active,13,AUDUSD.DWX|EURUSD.DWX|GBPUSD.DWX|GDAXI.DWX|NDX.DWX|NZDUSD.DWX|SP500.DWX|UK100.DWX|USDCAD.DWX|USDCHF.DWX|USDJPY.DWX|WS30.DWX|XAUUSD.DWX,D1,ea_label,58d5810a2ccc2a9dd0963d537799051a8d77d67537685cda56f4ed7a79209bf2,0,0,ENQUEUE_COMPILE_EA
QM5_9466_connors-r2-d1,QM5_9466,active,13,AUDUSD.DWX|EURUSD.DWX|GBPUSD.DWX|GDAXI.DWX|NDX.DWX|NZDUSD.DWX|SP500.DWX|UK100.DWX|USDCAD.DWX|USDCHF.DWX|USDJPY.DWX|WS30.DWX|XAUUSD.DWX,D1,ea_label,a6c78f1a1127f1743825b0cb2597349097b0be6d967d82cae07a846ed16b826d,0,0,ENQUEUE_COMPILE_EA
QM5_9467_connors-crsi-pullback-d1,QM5_9467,active,13,AUDUSD.DWX|EURUSD.DWX|GBPUSD.DWX|GDAXI.DWX|NDX.DWX|NZDUSD.DWX|SP500.DWX|UK100.DWX|USDCAD.DWX|USDCHF.DWX|USDJPY.DWX|WS30.DWX|XAUUSD.DWX,D1,ea_label,5f2cfd1976d027352b01c1e1213a821900599677cb5dacfab03c75b2184f4db4,0,0,ENQUEUE_COMPILE_EA
QM5_9468_connors-rsi4-3day-d1,QM5_9468,active,13,AUDUSD.DWX|EURUSD.DWX|GBPUSD.DWX|GDAXI.DWX|NDX.DWX|NZDUSD.DWX|SP500.DWX|UK100.DWX|USDCAD.DWX|USDCHF.DWX|USDJPY.DWX|WS30.DWX|XAUUSD.DWX,D1,ea_label,464f77b452a08a146b06c8f0ceb3d7f48cedc0d1e56c05b222270ddf1b2acb6c,0,0,ENQUEUE_COMPILE_EA
QM5_9580_bandy-regslope-pullback-mr-index,QM5_9580,active,13,AUDUSD.DWX|EURUSD.DWX|GBPUSD.DWX|GDAXI.DWX|NDX.DWX|NZDUSD.DWX|SP500.DWX|UK100.DWX|USDCAD.DWX|USDCHF.DWX|USDJPY.DWX|WS30.DWX|XAUUSD.DWX,D1,card_unique_timeframe,e9b0dbd91996b0c436f761c2685af430aa73fac33207f48a689c49a578d44a30,0,0,ENQUEUE_COMPILE_EA
QM5_9696_ff-genesis-matrix-m5,QM5_9696,active,4,EURUSD.DWX|GBPUSD.DWX|USDJPY.DWX|XAUUSD.DWX,M5,card_frontmatter:period,6c13a0b613a19bebc1394508700d9da8e9c0d83b8397ca00efa7ebb51e4d6012,0,0,ENQUEUE_COMPILE_EA
QM5_9716_bandy-trend-stretch-ratio-mr-index,QM5_9716,active,13,AUDUSD.DWX|EURUSD.DWX|GBPUSD.DWX|GDAXI.DWX|NDX.DWX|NZDUSD.DWX|SP500.DWX|UK100.DWX|USDCAD.DWX|USDCHF.DWX|USDJPY.DWX|WS30.DWX|XAUUSD.DWX,D1,card_explicit_host_timeframe,a705b3cfd6643ae2c25f58f3da494e291026a50059e2f2a34b2750724aea9213,0,0,ENQUEUE_COMPILE_EA
QM5_9717_bandy-pir-position-in-range-mr-index,QM5_9717,active,13,AUDUSD.DWX|EURUSD.DWX|GBPUSD.DWX|GDAXI.DWX|NDX.DWX|NZDUSD.DWX|SP500.DWX|UK100.DWX|USDCAD.DWX|USDCHF.DWX|USDJPY.DWX|WS30.DWX|XAUUSD.DWX,D1,card_explicit_host_timeframe,67477b5c3ce7cd393ba100adf9dcbc5f9a7e0b93b619097b100c5caf3ad00c17,0,0,ENQUEUE_COMPILE_EA
QM5_9718_bandy-cumulative-rsi2-mr-index,QM5_9718,active,13,AUDUSD.DWX|EURUSD.DWX|GBPUSD.DWX|GDAXI.DWX|NDX.DWX|NZDUSD.DWX|SP500.DWX|UK100.DWX|USDCAD.DWX|USDCHF.DWX|USDJPY.DWX|WS30.DWX|XAUUSD.DWX,D1,card_unique_timeframe,7ed171acf4a12cde403f08a39f2e549377bafcba6b356502fbc3dca756ba033e,0,0,ENQUEUE_COMPILE_EA
QM5_9719_bandy-percentrank-channel-mr-index,QM5_9719,active,13,AUDUSD.DWX|EURUSD.DWX|GBPUSD.DWX|GDAXI.DWX|NDX.DWX|NZDUSD.DWX|SP500.DWX|UK100.DWX|USDCAD.DWX|USDCHF.DWX|USDJPY.DWX|WS30.DWX|XAUUSD.DWX,D1,card_unique_timeframe,9cbe459ccbd440390795ad0979bd3957cd5f9f9dc16fd03bbebcea3485ca6a68,0,0,ENQUEUE_COMPILE_EA
QM5_9720_bandy-adx-regime-filter-trend,QM5_9720,active,13,AUDUSD.DWX|EURUSD.DWX|GBPUSD.DWX|GDAXI.DWX|NDX.DWX|NZDUSD.DWX|SP500.DWX|UK100.DWX|USDCAD.DWX|USDCHF.DWX|USDJPY.DWX|WS30.DWX|XAUUSD.DWX,D1,card_explicit_host_timeframe,5cebf59116cb04f2677236b79dc32acc9e6485f8e61fff84c2642e33af6429ad,0,0,ENQUEUE_COMPILE_EA
QM5_9727_bandy-atr-ratio-compression-breakout-trend,QM5_9727,active,13,AUDUSD.DWX|EURUSD.DWX|GBPUSD.DWX|GDAXI.DWX|NDX.DWX|NZDUSD.DWX|SP500.DWX|UK100.DWX|USDCAD.DWX|USDCHF.DWX|USDJPY.DWX|WS30.DWX|XAUUSD.DWX,D1,card_unique_timeframe,18fe42ac87ee79eccba14270bbddd89efa0d7ebc2090c1ba87926b723f970aa9,0,0,ENQUEUE_COMPILE_EA
QM5_9730_bandy-weekly-rsi-extreme-d1-trigger-mr-index,QM5_9730,active,13,AUDUSD.DWX|EURUSD.DWX|GBPUSD.DWX|GDAXI.DWX|NDX.DWX|NZDUSD.DWX|SP500.DWX|UK100.DWX|USDCAD.DWX|USDCHF.DWX|USDJPY.DWX|WS30.DWX|XAUUSD.DWX,D1,ea_label,596c4e7347274426e18682b14df6cb62979e15bae817db613dbe74001c1d5ec2,0,0,ENQUEUE_COMPILE_EA
QM5_9908_bandy-psar-flip-trend,QM5_9908,active,13,AUDUSD.DWX|EURUSD.DWX|GBPUSD.DWX|GDAXI.DWX|NDX.DWX|NZDUSD.DWX|SP500.DWX|UK100.DWX|USDCAD.DWX|USDCHF.DWX|USDJPY.DWX|WS30.DWX|XAUUSD.DWX,D1,card_frontmatter:period,4eba4c8d73ebd02166e6d4183ca5d038845654f65518ac533d55a700c17db44e,0,0,ENQUEUE_COMPILE_EA
QM5_9909_bandy-lrchannel-breakout-trend,QM5_9909,active,13,AUDUSD.DWX|EURUSD.DWX|GBPUSD.DWX|GDAXI.DWX|NDX.DWX|NZDUSD.DWX|SP500.DWX|UK100.DWX|USDCAD.DWX|USDCHF.DWX|USDJPY.DWX|WS30.DWX|XAUUSD.DWX,D1,card_frontmatter:period,6d8a570568322544352a2636de90b9ea7d31784ac111914b33ccbd6297c9e78d,0,0,ENQUEUE_COMPILE_EA
QM5_9910_bandy-tema-adx-crossover-trend,QM5_9910,active,13,AUDUSD.DWX|EURUSD.DWX|GBPUSD.DWX|GDAXI.DWX|NDX.DWX|NZDUSD.DWX|SP500.DWX|UK100.DWX|USDCAD.DWX|USDCHF.DWX|USDJPY.DWX|WS30.DWX|XAUUSD.DWX,D1,card_frontmatter:period,c413ab7a09ed790e000f802f8c17a958703b6a102f9bb6a6c4ed8a279c2f6160,0,0,ENQUEUE_COMPILE_EA
QM5_9911_bandy-donchian-20-classic-breakout-trend,QM5_9911,active,13,AUDUSD.DWX|EURUSD.DWX|GBPUSD.DWX|GDAXI.DWX|NDX.DWX|NZDUSD.DWX|SP500.DWX|UK100.DWX|USDCAD.DWX|USDCHF.DWX|USDJPY.DWX|WS30.DWX|XAUUSD.DWX,D1,card_frontmatter:period,1aca365668c319609aa4884ac0693c33c29c0fdd147e97329853abe89b0e802c,0,0,ENQUEUE_COMPILE_EA
QM5_9913_bandy-rsi3-low-adx-mr-index,QM5_9913,active,13,AUDUSD.DWX|EURUSD.DWX|GBPUSD.DWX|GDAXI.DWX|NDX.DWX|NZDUSD.DWX|SP500.DWX|UK100.DWX|USDCAD.DWX|USDCHF.DWX|USDJPY.DWX|WS30.DWX|XAUUSD.DWX,D1,card_frontmatter:period,505d2f7b5044d325628240454ec6fec7ae5949f8199c7d4707433be4ed6a048a,0,0,ENQUEUE_COMPILE_EA
QM5_9914_bandy-zlema-distance-trend,QM5_9914,active,13,AUDUSD.DWX|EURUSD.DWX|GBPUSD.DWX|GDAXI.DWX|NDX.DWX|NZDUSD.DWX|SP500.DWX|UK100.DWX|USDCAD.DWX|USDCHF.DWX|USDJPY.DWX|WS30.DWX|XAUUSD.DWX,D1,card_frontmatter:period,96a92cd52775d281fe76c88a0a8838b542cbfde2c13b56d736498baacc386baf,0,0,ENQUEUE_COMPILE_EA
QM5_9921_bandy-cmo-extreme-fade-mr-index,QM5_9921,active,13,AUDUSD.DWX|EURUSD.DWX|GBPUSD.DWX|GDAXI.DWX|NDX.DWX|NZDUSD.DWX|SP500.DWX|UK100.DWX|USDCAD.DWX|USDCHF.DWX|USDJPY.DWX|WS30.DWX|XAUUSD.DWX,D1,card_frontmatter:period,a0009cffb6761018e69682ff9606865a84274f8a5488913db75dad1e3326a95c,0,0,ENQUEUE_COMPILE_EA
QM5_9922_bandy-vortex-crossover-trend,QM5_9922,active,13,AUDUSD.DWX|EURUSD.DWX|GBPUSD.DWX|GDAXI.DWX|NDX.DWX|NZDUSD.DWX|SP500.DWX|UK100.DWX|USDCAD.DWX|USDCHF.DWX|USDJPY.DWX|WS30.DWX|XAUUSD.DWX,D1,card_frontmatter:period,863bd49d5edfd8f8e7723689e990044b58cda0c319b83adb3500dba66b1d7339,0,0,ENQUEUE_COMPILE_EA
QM5_9923_bandy-hma-crossover-trend,QM5_9923,active,13,AUDUSD.DWX|EURUSD.DWX|GBPUSD.DWX|GDAXI.DWX|NDX.DWX|NZDUSD.DWX|SP500.DWX|UK100.DWX|USDCAD.DWX|USDCHF.DWX|USDJPY.DWX|WS30.DWX|XAUUSD.DWX,D1,card_frontmatter:period,ab97955cf76422d1ff2c01d294f46b27a48b0effecbe81aa0ce7fc82d9359b37,0,0,ENQUEUE_COMPILE_EA
QM5_9924_bandy-dema-crossover-trend,QM5_9924,active,13,AUDUSD.DWX|EURUSD.DWX|GBPUSD.DWX|GDAXI.DWX|NDX.DWX|NZDUSD.DWX|SP500.DWX|UK100.DWX|USDCAD.DWX|USDCHF.DWX|USDJPY.DWX|WS30.DWX|XAUUSD.DWX,D1,card_frontmatter:period,6ba95b7b76b3b09f259b074289563393725f3f5574754fb76e39d6d779bf6b36,0,0,ENQUEUE_COMPILE_EA
QM5_9925_bandy-cci-momentum-breakout-trend,QM5_9925,active,13,AUDUSD.DWX|EURUSD.DWX|GBPUSD.DWX|GDAXI.DWX|NDX.DWX|NZDUSD.DWX|SP500.DWX|UK100.DWX|USDCAD.DWX|USDCHF.DWX|USDJPY.DWX|WS30.DWX|XAUUSD.DWX,D1,card_frontmatter:period,e0ec807c9d19d66a0f79b1ee424672acf49a674ed654f0ce6887b7134891dead,0,0,ENQUEUE_COMPILE_EA
QM5_9932_bandy-roc-zscore-normalised-mr-index,QM5_9932,active,13,AUDUSD.DWX|EURUSD.DWX|GBPUSD.DWX|GDAXI.DWX|NDX.DWX|NZDUSD.DWX|SP500.DWX|UK100.DWX|USDCAD.DWX|USDCHF.DWX|USDJPY.DWX|WS30.DWX|XAUUSD.DWX,D1,card_frontmatter:period,3c0672a591a0ebbbd5c4b00b1fbff7c692fbbe1d5ff2cd84b93a723cc356249e,0,0,ENQUEUE_COMPILE_EA
QM5_9933_bandy-choppiness-index-sideways-rsi2-mr-index,QM5_9933,active,13,AUDUSD.DWX|EURUSD.DWX|GBPUSD.DWX|GDAXI.DWX|NDX.DWX|NZDUSD.DWX|SP500.DWX|UK100.DWX|USDCAD.DWX|USDCHF.DWX|USDJPY.DWX|WS30.DWX|XAUUSD.DWX,D1,card_frontmatter:period,e0c77eeff12f155c925111d5114ba1e5be12993f3003ee8e7cfb487c07615f99,0,0,ENQUEUE_COMPILE_EA
QM5_9934_bandy-ulcer-index-spike-rsi2-mr-index,QM5_9934,active,13,AUDUSD.DWX|EURUSD.DWX|GBPUSD.DWX|GDAXI.DWX|NDX.DWX|NZDUSD.DWX|SP500.DWX|UK100.DWX|USDCAD.DWX|USDCHF.DWX|USDJPY.DWX|WS30.DWX|XAUUSD.DWX,D1,card_frontmatter:period,71f69555febbd3b50617f0da3bb4be231827c2667e9f44a6e3d75490aa77e31e,0,0,ENQUEUE_COMPILE_EA
QM5_9946_bandy-supertrend-flip-trend,QM5_9946,active,13,AUDUSD.DWX|EURUSD.DWX|GBPUSD.DWX|GDAXI.DWX|NDX.DWX|NZDUSD.DWX|SP500.DWX|UK100.DWX|USDCAD.DWX|USDCHF.DWX|USDJPY.DWX|WS30.DWX|XAUUSD.DWX,D1,card_frontmatter:period,204aeb60e2fcfef6eb8083e1bcf5f9e9ddcaa400b25d2556b3dff10808849b1e,0,0,ENQUEUE_COMPILE_EA
QM5_9947_bandy-double-bottom-formalised-mr-index,QM5_9947,active,13,AUDUSD.DWX|EURUSD.DWX|GBPUSD.DWX|GDAXI.DWX|NDX.DWX|NZDUSD.DWX|SP500.DWX|UK100.DWX|USDCAD.DWX|USDCHF.DWX|USDJPY.DWX|WS30.DWX|XAUUSD.DWX,D1,card_frontmatter:period,b5c2307662544735536f9c30a2bb51977fc8686c6a8f53ad9714f0e735a40f62,0,0,ENQUEUE_COMPILE_EA
QM5_9949_bandy-bbwidth-contraction-breakout-trend,QM5_9949,active,13,AUDUSD.DWX|EURUSD.DWX|GBPUSD.DWX|GDAXI.DWX|NDX.DWX|NZDUSD.DWX|SP500.DWX|UK100.DWX|USDCAD.DWX|USDCHF.DWX|USDJPY.DWX|WS30.DWX|XAUUSD.DWX,D1,card_frontmatter:period,fdb1f4b0c1e2921e85a4d70e906800c952a8c038326d6052c822757f3b1a7c86,0,0,ENQUEUE_COMPILE_EA
QM5_9961_bandy-hma-supertrend-confluence-trend,QM5_9961,active,13,AUDUSD.DWX|EURUSD.DWX|GBPUSD.DWX|GDAXI.DWX|NDX.DWX|NZDUSD.DWX|SP500.DWX|UK100.DWX|USDCAD.DWX|USDCHF.DWX|USDJPY.DWX|WS30.DWX|XAUUSD.DWX,D1,card_frontmatter:period,efb041f13295fc4b7203209e1f2307fe070cddc314146c1a8e2d614f0e48704d,0,0,ENQUEUE_COMPILE_EA
QM5_9963_bandy-lr-slope-sign-flip-trend,QM5_9963,active,13,AUDUSD.DWX|EURUSD.DWX|GBPUSD.DWX|GDAXI.DWX|NDX.DWX|NZDUSD.DWX|SP500.DWX|UK100.DWX|USDCAD.DWX|USDCHF.DWX|USDJPY.DWX|WS30.DWX|XAUUSD.DWX,D1,card_frontmatter:period,b2fa66a8c39e8230afe957016bbfc9225e674ae01d452d5d2696631b69da6a1b,0,0,ENQUEUE_COMPILE_EA
QM5_9964_bandy-wide-range-bar-continuation-trend,QM5_9964,active,13,AUDUSD.DWX|EURUSD.DWX|GBPUSD.DWX|GDAXI.DWX|NDX.DWX|NZDUSD.DWX|SP500.DWX|UK100.DWX|USDCAD.DWX|USDCHF.DWX|USDJPY.DWX|WS30.DWX|XAUUSD.DWX,D1,card_frontmatter:period,faa6ace54ec9d0c1b5a1490a8c9029b8da6d9d5958b540951f9b24c640144279,0,0,ENQUEUE_COMPILE_EA
QM5_9965_bandy-index-gap-and-go-continuation,QM5_9965,active,13,AUDUSD.DWX|EURUSD.DWX|GBPUSD.DWX|GDAXI.DWX|NDX.DWX|NZDUSD.DWX|SP500.DWX|UK100.DWX|USDCAD.DWX|USDCHF.DWX|USDJPY.DWX|WS30.DWX|XAUUSD.DWX,D1,card_frontmatter:period,b75797a182d7fdcd9e7f5f01700d468cb427e914f6bf10ffc917f0fb8cf87948,0,0,ENQUEUE_COMPILE_EA
QM5_9970_ff-369ema-scalp-m5,QM5_9970,active,4,AUDUSD.DWX|EURUSD.DWX|GBPUSD.DWX|USDJPY.DWX,M5,card_frontmatter:period,2ebdb8a6bc3d68e976edcbec15a610c4fa9078964fe04766bafd37ce8bc29bb8,0,0,ENQUEUE_COMPILE_EA
QM5_9971_bandy-dpo-zero-cross-mr-index,QM5_9971,active,13,AUDUSD.DWX|EURUSD.DWX|GBPUSD.DWX|GDAXI.DWX|NDX.DWX|NZDUSD.DWX|SP500.DWX|UK100.DWX|USDCAD.DWX|USDCHF.DWX|USDJPY.DWX|WS30.DWX|XAUUSD.DWX,D1,card_frontmatter:period,ececa5cb91e23bf452de4e189de82bd014cb2ffc9e5feb98b7a85f7e5a4b62b8,0,0,ENQUEUE_COMPILE_EA
QM5_9972_bandy-heikin-ashi-color-flip-trend,QM5_9972,active,13,AUDUSD.DWX|EURUSD.DWX|GBPUSD.DWX|GDAXI.DWX|NDX.DWX|NZDUSD.DWX|SP500.DWX|UK100.DWX|USDCAD.DWX|USDCHF.DWX|USDJPY.DWX|WS30.DWX|XAUUSD.DWX,D1,card_frontmatter:period,bcd85ff83ebeda3438dcec436e49c0396023a0135c93f9ff0e45c2e8353da272,0,0,ENQUEUE_COMPILE_EA
QM5_9979_bandy-index-gap-fade-mr-index,QM5_9979,active,13,AUDUSD.DWX|EURUSD.DWX|GBPUSD.DWX|GDAXI.DWX|NDX.DWX|NZDUSD.DWX|SP500.DWX|UK100.DWX|USDCAD.DWX|USDCHF.DWX|USDJPY.DWX|WS30.DWX|XAUUSD.DWX,D1,card_frontmatter:period,14f791869af0bc50dc3ed8afe80b94ad41fca6c65f680cd1b6d6ced77f5117be,0,0,ENQUEUE_COMPILE_EA
QM5_9983_bandy-wide-range-bar-fade-mr-index,QM5_9983,active,13,AUDUSD.DWX|EURUSD.DWX|GBPUSD.DWX|GDAXI.DWX|NDX.DWX|NZDUSD.DWX|SP500.DWX|UK100.DWX|USDCAD.DWX|USDCHF.DWX|USDJPY.DWX|WS30.DWX|XAUUSD.DWX,D1,card_frontmatter:period,d6136d1cbc52caac97976722613462d354dd8776c373ee2f1cb986a9e154eedd,0,0,ENQUEUE_COMPILE_EA
QM5_10367_et-gbs-breakout,QM5_10367,active,4,GDAXI.DWX|NDX.DWX|SP500.DWX|WS30.DWX,D1,card_frontmatter:period,19b4150d3f7f64319d24f88a31c1c597436a7b7e180a9b6a827e11f83faa270e,0,0,ENQUEUE_COMPILE_EA
QM5_11291_tc20-ema18-28-wma5-12-rsi21-h1,QM5_11291,active,3,EURUSD.DWX|GBPUSD.DWX|USDJPY.DWX,H1,card_frontmatter:period,430df6a52ca6bece9aeae08d6b81d8db43486f72f5af2c3e46f2c02c6c038fb6,0,0,ENQUEUE_COMPILE_EA
QM5_11292_trix14-signal-cross,QM5_11292,active,4,AUDUSD.DWX|EURUSD.DWX|GBPUSD.DWX|USDJPY.DWX,H1,card_explicit_host_timeframe,ab0a8fcfa9e37ed8af33c017cf631fe479a83a58ae9f1e5a18752180dd135e3e,0,0,ENQUEUE_COMPILE_EA
QM5_11299_lwma144-smma5-fractal-m5-scalp,QM5_11299,active,2,EURUSD.DWX|GBPUSD.DWX,M5,ea_label,7d297d03aa84bd4c2638bbb490487cab89166388cb42ce22525803b10f4dd7cf,0,0,ENQUEUE_COMPILE_EA
QM5_11300_macd-psar-atr-trender-h4,QM5_11300,active,4,AUDUSD.DWX|EURUSD.DWX|GBPUSD.DWX|USDJPY.DWX,H4,card_frontmatter:period,96b1a39264f183b2e263099cdd28e9ea7e613cfa4ac77921766e2da941cc4de9,0,0,ENQUEUE_COMPILE_EA
QM5_11465_suhr-bank-trading-stop-run-fade-h1,QM5_11465,active,5,AUDUSD.DWX|EURUSD.DWX|GBPUSD.DWX|USDCAD.DWX|USDJPY.DWX,H1,card_frontmatter:period,02e4d2b2c9f063ae7ff56e24088835c4f08fc63b916de54b8288e8a06f57b0b1,0,0,ENQUEUE_COMPILE_EA
QM5_11496_carter-t-ema100-psar-macd64128-m5,QM5_11496,active,3,AUDUSD.DWX|EURUSD.DWX|GBPUSD.DWX,M5,card_frontmatter:period,a63f4131d0cd6e732702c37fe7964ec6b1a19b8980552897705070ed2ab35220,0,0,ENQUEUE_COMPILE_EA
QM5_11516_carter-t-sma7-21-cci5-m15,QM5_11516,active,3,EURUSD.DWX|GBPUSD.DWX|USDJPY.DWX,M15,card_frontmatter:period,2db0313d7d3f14498616bcd2c3fa00c53628fad2ac77bd343367e877b0962c52,0,0,ENQUEUE_COMPILE_EA
QM5_11517_carter-t-ema5-15-50-100-macd-h4,QM5_11517,active,2,EURUSD.DWX|GBPUSD.DWX,H4,card_frontmatter:period,25af9603bb465b734edf2672b659a083b8bb2f5aa16295470a9ed6abb940452c,0,0,ENQUEUE_COMPILE_EA
QM5_11518_carter-t-ema5-100-mtf-m15-h1,QM5_11518,active,2,EURUSD.DWX|GBPUSD.DWX,M15,card_frontmatter:period,ffe2291f68eb5a9a4981729ce3607d9fa46e4ba9656849ccdacdba69d57c3203,0,0,ENQUEUE_COMPILE_EA
QM5_11899_psar-ao-ac-confluence-h1,QM5_11899,active,10,AUDJPY.DWX|AUDUSD.DWX|EURJPY.DWX|EURUSD.DWX|GBPJPY.DWX|GBPUSD.DWX|NZDUSD.DWX|USDCAD.DWX|USDCHF.DWX|USDJPY.DWX,H1,card_frontmatter:period,fe0bcfdf43492c4ec6e478354e596f7646bcae516fef0c3248e6d2bd723151d8,0,0,ENQUEUE_COMPILE_EA
QM5_12931_classical-triple-top-reversal-h4,QM5_12931,active,13,AUDUSD.DWX|EURUSD.DWX|GBPUSD.DWX|GDAXI.DWX|NDX.DWX|NZDUSD.DWX|SP500.DWX|UK100.DWX|USDCAD.DWX|USDCHF.DWX|USDJPY.DWX|WS30.DWX|XAUUSD.DWX,H4,ea_label,b2f59213b918b11f942455c87699ebf010acbb6ab2ea31a5b6e1db8562c25f37,0,0,ENQUEUE_COMPILE_EA
QM5_12932_wyckoff-phase-e-markdown-continuation-h4,QM5_12932,active,13,AUDUSD.DWX|EURUSD.DWX|GBPUSD.DWX|GDAXI.DWX|NDX.DWX|NZDUSD.DWX|SP500.DWX|UK100.DWX|USDCAD.DWX|USDCHF.DWX|USDJPY.DWX|WS30.DWX|XAUUSD.DWX,H4,ea_label,7001372389bb8bfcfbdf79eb6f61facf42e8faaeb1f5865307793efbea4a5d71,0,0,ENQUEUE_COMPILE_EA
QM5_12946_mql5-macd-obv-div-card,QM5_12946,active,3,EURUSD.DWX|GBPUSD.DWX|XAUUSD.DWX,H1,card_frontmatter:period,2c04e592e9e86ab86ecc180b0379369db93054f5b3c6fc521316d24515ac1ac5,0,0,ENQUEUE_COMPILE_EA
QM5_12954_pring-coppock-h4-variant,QM5_12954,active,13,AUDUSD.DWX|EURUSD.DWX|GBPUSD.DWX|GDAXI.DWX|NDX.DWX|NZDUSD.DWX|SP500.DWX|UK100.DWX|USDCAD.DWX|USDCHF.DWX|USDJPY.DWX|WS30.DWX|XAUUSD.DWX,H4,ea_label,7d6ee0394fc65a0ab21c5fbadb6fe28d9169501b920ea16bc37989217445f0aa,0,0,ENQUEUE_COMPILE_EA
QM5_30005_bollinger-bands-grid-dark-venus,QM5_30005,active,4,AUDUSD.DWX|EURUSD.DWX|GBPUSD.DWX|USDCAD.DWX,M15,card_frontmatter:period,e803a87afe1d8ebd15935970a74743fed3e6c725da9a3e24bb9035cad6217021,0,0,ENQUEUE_COMPILE_EA
QM5_30006_adx-ma-trend-grid-dark-kronos,QM5_30006,active,4,AUDCHF.DWX|EURCHF.DWX|GBPCHF.DWX|NZDCHF.DWX,H1,card_frontmatter:period,3d9e4f55662c4a1140fb40d567c2df5c8fc009ca22010c5caf657e697924aeb3,0,0,ENQUEUE_COMPILE_EA
