id,ea,symbol,phase,verdict,verdict_taxonomy,verdict_reason,class,subclass,journal_deals,logger_entries,shell_runs,complete_runs,n_runs,summary_all_zero,max_trades,highest_contiguous_valid_gate,cohort_pre0803,q11_contiguous,moot,newest_newer_id,newest_newer_phase,newest_newer_verdict,note
a64d18d3-bce6-4112-a13e-f610617405c1,QM5_12580,AUDUSD.DWX,Q03,FAIL,strategy,run_smoke_fail:MIN_TRADES_NOT_MET,FALSE_ZERO,,140,146,2,0,2,True,0,Q08,True,False,False,,,,"EA traded but summary=0: journal_deals=140(block=True,testpassed=True) logger_entries=146; shell_runs=2/2"
31fb8246-b518-4a0e-a047-2b457022516f,QM5_13018,XAGUSD.DWX,Q03,FAIL,strategy,run_smoke_fail:MIN_TRADES_NOT_MET,EVIDENCE_PURGED,,,,0,0,0,False,,Q02,False,False,False,,,,no summary.json; report_root contains only an empty directory skeleton (all evidence files purged)
f21f3d2e-7b07-4807-a286-219e650a5f02,QM5_20199,QM5_20199_EURJPY_EURAUD_COINTEGRATION_D1,Q03,FAIL,strategy,run_smoke_fail:MIN_TRADES_NOT_MET;NON_DETERMINISTIC,EVIDENCE_PURGED,,,,0,0,0,False,,Q02,False,False,False,,,,no summary.json; report_root contains only an empty directory skeleton (all evidence files purged)
5a987bd1-b335-404f-85c9-e2406dadb806,QM5_20250,QM5_20250_USDCHF_AUDJPY_COINTEGRATION_D1,Q03,FAIL,strategy,run_smoke_fail:MIN_TRADES_NOT_MET;NON_DETERMINISTIC,OTHER,BELOW_FLOOR_GENUINE,,,0,0,2,False,126,Q02,False,False,False,,,,"EA traded 126 (max across 2 run(s)); complete report; below min_trades=25 -> genuine economic FAIL, not a zero"
35a7995a-10d2-4276-86dc-7ac28aa194bb,QM5_41034,XTIUSD.DWX,Q03,FAIL,strategy,run_smoke_fail:MIN_TRADES_NOT_MET,EVIDENCE_PURGED,,,,0,0,0,False,,Q02,False,False,False,,,,no summary.json; report_root contains only an empty directory skeleton (all evidence files purged)
f2ab5cb2-ebfd-4859-9a89-9d737f6392ab,QM5_41255,XTIUSD.DWX,Q03,FAIL,strategy,run_smoke_fail:MIN_TRADES_NOT_MET,OTHER,BELOW_FLOOR_GENUINE,,,0,0,2,False,2,Q02,False,False,False,,,,"EA traded 2 (max across 2 run(s)); complete report; below min_trades=5 -> genuine economic FAIL, not a zero"
71e69785-9d35-4b25-a187-72ce0dde707d,QM5_41257,XTIUSD.DWX,Q03,FAIL,strategy,run_smoke_fail:MIN_TRADES_NOT_MET,OTHER,BELOW_FLOOR_GENUINE,,,0,0,2,False,3,Q02,False,False,False,,,,"EA traded 3 (max across 2 run(s)); complete report; below min_trades=5 -> genuine economic FAIL, not a zero"
659bbe0b-f28d-4a81-ab2f-5aed9acc76aa,QM5_41261,XTIUSD.DWX,Q03,FAIL,strategy,run_smoke_fail:MIN_TRADES_NOT_MET,OTHER,BELOW_FLOOR_GENUINE,,,0,0,2,False,3,Q02,False,False,False,,,,"EA traded 3 (max across 2 run(s)); complete report; below min_trades=5 -> genuine economic FAIL, not a zero"
23ca1541-80a9-4e0e-9db9-0ab865618f20,QM5_41270,XTIUSD.DWX,Q03,FAIL,strategy,run_smoke_fail:MIN_TRADES_NOT_MET,OTHER,BELOW_FLOOR_GENUINE,,,0,0,2,False,4,Q02,False,False,False,,,,"EA traded 4 (max across 2 run(s)); complete report; below min_trades=5 -> genuine economic FAIL, not a zero"
050dd2ea-e9d0-475f-b5ad-40c2206867ff,QM5_10025,USDJPY.DWX,Q02,ZERO_TRADES,strategy,Q02_ZERO_TRADES,GENUINE_ZERO,,0,0,0,1,1,True,0,,False,False,False,e49888a1-6dbe-45b7-bb4f-29461bbcfb0c,Q02,,"complete report (deposit>0), 0 deals; journal_purged=True logger_entries=0"
db466eec-5b39-4837-9bcb-da31323fa461,QM5_10782,EURUSD.DWX,Q02,ZERO_TRADES,strategy,Q02_ZERO_TRADES,GENUINE_ZERO,,0,0,0,1,1,True,0,,False,False,False,,,,"complete report (deposit>0), 0 deals; journal_purged=True logger_entries=0"
3e8a83ad-4af1-485b-b094-c68cdee86087,QM5_11011,GBPUSD.DWX,Q02,FAIL,strategy,P2_PRESCREEN_run_smoke_fail:MIN_TRADES_NOT_MET,OTHER,BELOW_FLOOR_GENUINE,,,0,0,1,False,3,,False,False,False,,,,"EA traded 3 (max across 1 run(s)); complete report; below min_trades=5 -> genuine economic FAIL, not a zero"
b0d3e5b0-8908-4b29-9b37-3d4a331caa60,QM5_11011,GDAXI.DWX,Q02,FAIL,strategy,P2_PRESCREEN_run_smoke_fail:MIN_TRADES_NOT_MET,OTHER,BELOW_FLOOR_GENUINE,,,0,0,1,False,3,,False,False,False,,,,"EA traded 3 (max across 1 run(s)); complete report; below min_trades=5 -> genuine economic FAIL, not a zero"
aea2de2c-94c9-45d2-8fe6-9942ec62f63d,QM5_11011,USDJPY.DWX,Q02,FAIL,strategy,P2_PRESCREEN_run_smoke_fail:MIN_TRADES_NOT_MET,OTHER,BELOW_FLOOR_GENUINE,,,0,0,1,False,2,,False,False,False,,,,"EA traded 2 (max across 1 run(s)); complete report; below min_trades=5 -> genuine economic FAIL, not a zero"
9db380f0-3d6b-415a-9d26-f9b23b0bdf69,QM5_11011,XAUUSD.DWX,Q02,FAIL,strategy,P2_PRESCREEN_run_smoke_fail:MIN_TRADES_NOT_MET,OTHER,BELOW_FLOOR_GENUINE,,,0,0,1,False,2,,False,False,False,,,,"EA traded 2 (max across 1 run(s)); complete report; below min_trades=5 -> genuine economic FAIL, not a zero"
c3e3ab1f-b65d-47c5-a303-645f3200bf81,QM5_11145,QM5_11145_EURUSD_GBPUSD_PAIR_Z_D1,Q02,FAIL,strategy,run_smoke_fail:MIN_TRADES_NOT_MET,OTHER,BELOW_FLOOR_GENUINE,,,0,0,1,False,4,,False,False,False,,,,"EA traded 4 (max across 1 run(s)); complete report; below min_trades=25 -> genuine economic FAIL, not a zero"
b6415de1-d5a3-5464-a971-c5d0073d4164,QM5_11325,GBPUSD.DWX,Q02,INVALID,invalid,OWNER_APPROVED_Q02_DEAD16_INVALID,OTHER,EMPTY_RUN_NO_MODELING,0,0,0,0,1,True,0,,False,False,False,,,,"all 1 report(s) Bars=0 (no tick modeling); deposit=0 -> dead/empty run, not a backtest zero (outside harness shell-race, which needs Bars>0). reason=OWNER_APPROVED_Q02_DEAD16_INVALID"
b33bec2e-6d1d-59c5-a62e-b7d9d72e3ae0,QM5_11325,USDJPY.DWX,Q02,INVALID,invalid,OWNER_APPROVED_Q02_DEAD16_INVALID,OTHER,EMPTY_RUN_NO_MODELING,0,0,0,0,1,True,0,,False,False,False,,,,"all 1 report(s) Bars=0 (no tick modeling); deposit=0 -> dead/empty run, not a backtest zero (outside harness shell-race, which needs Bars>0). reason=OWNER_APPROVED_Q02_DEAD16_INVALID"
912f0f7b-0a03-59f1-8974-e1a3de71b23a,QM5_11388,GBPUSD.DWX,Q02,INVALID,invalid,OWNER_APPROVED_Q02_DEAD16_INVALID,OTHER,EMPTY_RUN_NO_MODELING,0,0,0,0,1,True,0,,False,False,False,,,,"all 1 report(s) Bars=0 (no tick modeling); deposit=0 -> dead/empty run, not a backtest zero (outside harness shell-race, which needs Bars>0). reason=OWNER_APPROVED_Q02_DEAD16_INVALID"
d1c5b557-e10e-51b6-a6b3-630368e5aa77,QM5_11388,USDJPY.DWX,Q02,INVALID,invalid,OWNER_APPROVED_Q02_DEAD16_INVALID,OTHER,EMPTY_RUN_NO_MODELING,0,0,0,0,1,True,0,,False,False,False,,,,"all 1 report(s) Bars=0 (no tick modeling); deposit=0 -> dead/empty run, not a backtest zero (outside harness shell-race, which needs Bars>0). reason=OWNER_APPROVED_Q02_DEAD16_INVALID"
92d9df39-a322-4455-b051-f7f2db11108f,QM5_11480,AUDUSD.DWX,Q02,FAIL,strategy,run_smoke_fail:MIN_TRADES_NOT_MET,OTHER,BELOW_FLOOR_GENUINE,,,0,0,1,False,21,,False,False,False,,,,"EA traded 21 (max across 1 run(s)); complete report; below min_trades=25 -> genuine economic FAIL, not a zero"
6bb4a658-d88f-4124-9288-95de0548610a,QM5_11480,GBPUSD.DWX,Q02,FAIL,strategy,run_smoke_fail:MIN_TRADES_NOT_MET,OTHER,BELOW_FLOOR_GENUINE,,,0,0,1,False,15,,False,False,False,,,,"EA traded 15 (max across 1 run(s)); complete report; below min_trades=25 -> genuine economic FAIL, not a zero"
73310eee-a661-4fb8-acc8-c4c5a5b3aad6,QM5_11480,USDCAD.DWX,Q02,FAIL,strategy,run_smoke_fail:MIN_TRADES_NOT_MET,OTHER,BELOW_FLOOR_GENUINE,,,0,0,1,False,22,,False,False,False,,,,"EA traded 22 (max across 1 run(s)); complete report; below min_trades=25 -> genuine economic FAIL, not a zero"
21fff718-d793-4066-88f8-792721885f64,QM5_11888,GBPUSD.DWX,Q02,FAIL,strategy,run_smoke_fail:MIN_TRADES_NOT_MET,OTHER,BELOW_FLOOR_GENUINE,,,0,0,1,False,6,,False,False,False,,,,"EA traded 6 (max across 1 run(s)); complete report; below min_trades=25 -> genuine economic FAIL, not a zero"
27054c21-40ce-5f79-a0ec-21109ff6cfba,QM5_12382,XAGUSD.DWX,Q02,INVALID,infra,OWNER_APPROVED_DETERMINISTIC_NO_SUMMARY_INVALID,OTHER,EMPTY_RUN_NO_MODELING,0,0,0,0,3,True,0,,False,False,False,,,,"all 3 report(s) Bars=0 (no tick modeling); deposit=0 -> dead/empty run, not a backtest zero (outside harness shell-race, which needs Bars>0). reason=OWNER_APPROVED_DETERMINISTIC_NO_SUMMARY_INVALID"
cf97df69-9ec8-5161-bb21-8ba2f3cfdd43,QM5_12435,XAUUSD.DWX,Q02,INVALID,invalid,OWNER_APPROVED_Q02_DEAD16_INVALID,OTHER,EMPTY_RUN_NO_MODELING,0,0,0,0,1,True,0,,False,False,False,,,,"all 1 report(s) Bars=0 (no tick modeling); deposit=0 -> dead/empty run, not a backtest zero (outside harness shell-race, which needs Bars>0). reason=OWNER_APPROVED_Q02_DEAD16_INVALID"
e4860ed0-26eb-550b-b770-83e2c77e98f3,QM5_12436,XAUUSD.DWX,Q02,INVALID,invalid,OWNER_APPROVED_Q02_DEAD16_INVALID,OTHER,EMPTY_RUN_NO_MODELING,0,0,0,0,1,True,0,,False,False,False,,,,"all 1 report(s) Bars=0 (no tick modeling); deposit=0 -> dead/empty run, not a backtest zero (outside harness shell-race, which needs Bars>0). reason=OWNER_APPROVED_Q02_DEAD16_INVALID"
e9c72053-1fe6-4f66-a1df-112e465112eb,QM5_12927,EURUSD.DWX,Q02,FAIL,strategy,P2_PRESCREEN_run_smoke_fail:MIN_TRADES_NOT_MET,OTHER,BELOW_FLOOR_GENUINE,,,0,0,1,False,2,,False,False,False,,,,"EA traded 2 (max across 1 run(s)); complete report; below min_trades=5 -> genuine economic FAIL, not a zero"
4ca78f4c-aa75-4468-9877-6423a0e45ef3,QM5_12927,GBPUSD.DWX,Q02,FAIL,strategy,P2_PRESCREEN_run_smoke_fail:MIN_TRADES_NOT_MET,OTHER,BELOW_FLOOR_GENUINE,,,0,0,1,False,3,,False,False,False,,,,"EA traded 3 (max across 1 run(s)); complete report; below min_trades=5 -> genuine economic FAIL, not a zero"
8bfa23af-258f-4ac4-949b-59f8ad84a3fe,QM5_12927,GDAXI.DWX,Q02,FAIL,strategy,P2_PRESCREEN_run_smoke_fail:MIN_TRADES_NOT_MET,OTHER,BELOW_FLOOR_GENUINE,,,0,0,1,False,2,,False,False,False,,,,"EA traded 2 (max across 1 run(s)); complete report; below min_trades=5 -> genuine economic FAIL, not a zero"
9daacf30-554b-46c2-a061-a017f52d7480,QM5_12927,NDX.DWX,Q02,FAIL,strategy,P2_PRESCREEN_run_smoke_fail:MIN_TRADES_NOT_MET,OTHER,BELOW_FLOOR_GENUINE,,,0,0,1,False,2,,False,False,False,,,,"EA traded 2 (max across 1 run(s)); complete report; below min_trades=5 -> genuine economic FAIL, not a zero"
d7cfeef6-5be3-4efa-a783-556b6c141b33,QM5_12927,NZDUSD.DWX,Q02,FAIL,strategy,P2_PRESCREEN_run_smoke_fail:MIN_TRADES_NOT_MET,OTHER,BELOW_FLOOR_GENUINE,,,0,0,1,False,3,,False,False,False,,,,"EA traded 3 (max across 1 run(s)); complete report; below min_trades=5 -> genuine economic FAIL, not a zero"
7d6a3b17-acae-44ac-8337-be617a20ebdc,QM5_12927,SP500.DWX,Q02,FAIL,strategy,P2_PRESCREEN_run_smoke_fail:MIN_TRADES_NOT_MET,OTHER,BELOW_FLOOR_GENUINE,,,0,0,1,False,1,,False,False,False,,,,"EA traded 1 (max across 1 run(s)); complete report; below min_trades=5 -> genuine economic FAIL, not a zero"
4af48f6e-c901-4fa8-8809-11120fb0d771,QM5_12927,USDCAD.DWX,Q02,FAIL,strategy,P2_PRESCREEN_run_smoke_fail:MIN_TRADES_NOT_MET,OTHER,BELOW_FLOOR_GENUINE,,,0,0,1,False,3,,False,False,False,,,,"EA traded 3 (max across 1 run(s)); complete report; below min_trades=5 -> genuine economic FAIL, not a zero"
ed6c0537-ceb6-47dd-9aa8-14eb0cd51248,QM5_12927,USDCHF.DWX,Q02,FAIL,strategy,P2_PRESCREEN_run_smoke_fail:MIN_TRADES_NOT_MET,OTHER,BELOW_FLOOR_GENUINE,,,0,0,1,False,2,,False,False,False,,,,"EA traded 2 (max across 1 run(s)); complete report; below min_trades=5 -> genuine economic FAIL, not a zero"
f8afd14d-0bce-47e3-b98b-497050571a8f,QM5_12927,USDJPY.DWX,Q02,FAIL,strategy,P2_PRESCREEN_run_smoke_fail:MIN_TRADES_NOT_MET,OTHER,BELOW_FLOOR_GENUINE,,,0,0,1,False,2,,False,False,False,,,,"EA traded 2 (max across 1 run(s)); complete report; below min_trades=5 -> genuine economic FAIL, not a zero"
8a9bda06-d225-4198-a1df-4f7f863819a9,QM5_12927,WS30.DWX,Q02,FAIL,strategy,P2_PRESCREEN_run_smoke_fail:MIN_TRADES_NOT_MET,OTHER,BELOW_FLOOR_GENUINE,,,0,0,1,False,3,,False,False,False,,,,"EA traded 3 (max across 1 run(s)); complete report; below min_trades=5 -> genuine economic FAIL, not a zero"
b43d90a1-10a8-4634-98f6-1d3fdd03d965,QM5_12927,XAUUSD.DWX,Q02,FAIL,strategy,P2_PRESCREEN_run_smoke_fail:MIN_TRADES_NOT_MET,OTHER,BELOW_FLOOR_GENUINE,,,0,0,1,False,1,,False,False,False,,,,"EA traded 1 (max across 1 run(s)); complete report; below min_trades=5 -> genuine economic FAIL, not a zero"
1ee15e81-0e74-46b1-9729-d2889fb6d255,QM5_12938,AUDUSD.DWX,Q02,FAIL,strategy,P2_PRESCREEN_run_smoke_fail:MIN_TRADES_NOT_MET,OTHER,BELOW_FLOOR_GENUINE,,,0,0,1,False,2,,False,False,False,,,,"EA traded 2 (max across 1 run(s)); complete report; below min_trades=5 -> genuine economic FAIL, not a zero"
4522a3ef-f417-49fe-9cd7-b9665531f723,QM5_12938,EURUSD.DWX,Q02,FAIL,strategy,P2_PRESCREEN_run_smoke_fail:MIN_TRADES_NOT_MET,OTHER,BELOW_FLOOR_GENUINE,,,0,0,1,False,2,,False,False,False,,,,"EA traded 2 (max across 1 run(s)); complete report; below min_trades=5 -> genuine economic FAIL, not a zero"
7c470ab5-7fed-4898-a4db-514703cbe183,QM5_12938,NDX.DWX,Q02,FAIL,strategy,P2_PRESCREEN_run_smoke_fail:MIN_TRADES_NOT_MET,OTHER,BELOW_FLOOR_GENUINE,,,0,0,1,False,4,,False,False,False,,,,"EA traded 4 (max across 1 run(s)); complete report; below min_trades=5 -> genuine economic FAIL, not a zero"
fa56895f-c874-42f2-a543-3fa5133cd58a,QM5_12938,NZDUSD.DWX,Q02,FAIL,strategy,P2_PRESCREEN_run_smoke_fail:MIN_TRADES_NOT_MET,OTHER,BELOW_FLOOR_GENUINE,,,0,0,1,False,4,,False,False,False,,,,"EA traded 4 (max across 1 run(s)); complete report; below min_trades=5 -> genuine economic FAIL, not a zero"
0b6415f0-3d0e-490e-ae7f-3d0cbf87b3a7,QM5_12938,USDCAD.DWX,Q02,FAIL,strategy,P2_PRESCREEN_run_smoke_fail:MIN_TRADES_NOT_MET,OTHER,BELOW_FLOOR_GENUINE,,,0,0,1,False,4,,False,False,False,,,,"EA traded 4 (max across 1 run(s)); complete report; below min_trades=5 -> genuine economic FAIL, not a zero"
4de1ac70-6cf4-4f50-91ed-40171ca7ba95,QM5_12938,USDCHF.DWX,Q02,FAIL,strategy,P2_PRESCREEN_run_smoke_fail:MIN_TRADES_NOT_MET,OTHER,BELOW_FLOOR_GENUINE,,,0,0,1,False,4,,False,False,False,,,,"EA traded 4 (max across 1 run(s)); complete report; below min_trades=5 -> genuine economic FAIL, not a zero"
53886324-7407-44d9-886d-b5a0461032f9,QM5_12938,XAUUSD.DWX,Q02,FAIL,strategy,P2_PRESCREEN_run_smoke_fail:MIN_TRADES_NOT_MET,OTHER,BELOW_FLOOR_GENUINE,,,0,0,1,False,4,,False,False,False,,,,"EA traded 4 (max across 1 run(s)); complete report; below min_trades=5 -> genuine economic FAIL, not a zero"
964d164d-b3ec-47ce-ba62-4b407fdc3009,QM5_13205,QM5_13205_XAU_XAG_QC_D1,Q02,FAIL,strategy,run_smoke_fail:MIN_TRADES_NOT_MET,OTHER,BELOW_FLOOR_GENUINE,,,0,0,1,False,4,,False,False,False,,,,"EA traded 4 (max across 1 run(s)); complete report; below min_trades=25 -> genuine economic FAIL, not a zero"
a420aaf0-4188-4bde-9c08-aee289fac456,QM5_1354,GDAXI.DWX,Q02,FAIL,strategy,run_smoke_fail:MIN_TRADES_NOT_MET,OTHER,BELOW_FLOOR_GENUINE,,,0,0,1,False,18,,False,False,False,,,,"EA traded 18 (max across 1 run(s)); complete report; below min_trades=25 -> genuine economic FAIL, not a zero"
532ea486-f04b-4933-a6c0-cd1d8be535be,QM5_1354,WS30.DWX,Q02,FAIL,strategy,run_smoke_fail:MIN_TRADES_NOT_MET,OTHER,BELOW_FLOOR_GENUINE,,,0,0,1,False,5,,False,False,False,,,,"EA traded 5 (max across 1 run(s)); complete report; below min_trades=25 -> genuine economic FAIL, not a zero"
94c38461-47dd-4d30-9595-98f02f5da2f5,QM5_1355,GDAXI.DWX,Q02,FAIL,strategy,run_smoke_fail:MIN_TRADES_NOT_MET,OTHER,BELOW_FLOOR_GENUINE,,,0,0,1,False,17,,False,False,False,,,,"EA traded 17 (max across 1 run(s)); complete report; below min_trades=25 -> genuine economic FAIL, not a zero"
18035f51-0ee2-4059-9ad9-2ad3b407e89b,QM5_1355,WS30.DWX,Q02,FAIL,strategy,run_smoke_fail:MIN_TRADES_NOT_MET,OTHER,BELOW_FLOOR_GENUINE,,,0,0,1,False,18,,False,False,False,,,,"EA traded 18 (max across 1 run(s)); complete report; below min_trades=25 -> genuine economic FAIL, not a zero"
32bc1b80-6e6b-4140-a253-a11d02dbe540,QM5_1537,SP500.DWX,Q02,ZERO_TRADES,strategy,Q02_ZERO_TRADES,OTHER,SHELL_UNVERIFIABLE,0,0,1,0,3,True,0,,False,False,False,,,,shell report(s) 1/3 (deposit=0/symbols=0/bars>0) + 2 empty(bars=0) run(s) but NO journal AND no run-complete logger -> trade occurrence unverifiable (confirming evidence purged)
7b4477d8-b4e3-525e-a248-e00d6c5e06e3,QM5_1626,NDX.DWX,Q02,INVALID,invalid,OWNER_APPROVED_Q02_DEAD16_INVALID,OTHER,EMPTY_RUN_NO_MODELING,0,0,0,0,1,True,0,,False,False,False,,,,"all 1 report(s) Bars=0 (no tick modeling); deposit=0 -> dead/empty run, not a backtest zero (outside harness shell-race, which needs Bars>0). reason=OWNER_APPROVED_Q02_DEAD16_INVALID"
0c26bb5c-866e-51e9-bdfe-5d9b9a282d57,QM5_1626,XAUUSD.DWX,Q02,INVALID,invalid,OWNER_APPROVED_Q02_DEAD16_INVALID,OTHER,EMPTY_RUN_NO_MODELING,0,0,0,0,1,True,0,,False,False,False,,,,"all 1 report(s) Bars=0 (no tick modeling); deposit=0 -> dead/empty run, not a backtest zero (outside harness shell-race, which needs Bars>0). reason=OWNER_APPROVED_Q02_DEAD16_INVALID"
e043d28f-8b70-5116-b7a4-5cab2f1cfeea,QM5_20073,XAUUSD.DWX,Q02,INVALID,invalid,OWNER_APPROVED_Q02_DEAD16_INVALID,OTHER,EMPTY_RUN_NO_MODELING,0,0,0,0,1,True,0,,False,False,False,,,,"all 1 report(s) Bars=0 (no tick modeling); deposit=0 -> dead/empty run, not a backtest zero (outside harness shell-race, which needs Bars>0). reason=OWNER_APPROVED_Q02_DEAD16_INVALID"
af79d508-0959-4a93-bd2d-f3178a68f633,QM5_20177,USDJPY.DWX,Q02,ZERO_TRADES,strategy,Q02_ZERO_TRADES,GENUINE_ZERO,,0,0,0,1,1,True,0,,False,False,False,,,,"complete report (deposit>0), 0 deals; journal_purged=True logger_entries=0"
b65eb03a-208c-4a90-bd78-3d4a3cc55f4e,QM5_20262,XNGUSD.DWX,Q02,FAIL,strategy,run_smoke_fail:MIN_TRADES_NOT_MET,OTHER,BELOW_FLOOR_GENUINE,,,0,0,1,False,19,,False,False,False,,,,"EA traded 19 (max across 1 run(s)); complete report; below min_trades=25 -> genuine economic FAIL, not a zero"
257d153d-a880-4431-8661-e4d736676ecb,QM5_20292,QM5_20292_FX_CARRY_UNWIND_D1,Q02,ZERO_TRADES,strategy,Q02_ZERO_TRADES,GENUINE_ZERO,,0,0,1,0,1,True,0,,False,False,False,,,,"logger shows full run, 0 ENTRY/TM_OPEN; shell_runs=1/1"
312cc20b-9861-4055-8f2f-f448f0fed8c3,QM5_21508,EURUSD.DWX,Q02,FAIL,strategy,run_smoke_fail:MIN_TRADES_NOT_MET,OTHER,BELOW_FLOOR_GENUINE,,,0,0,1,False,10,,False,False,False,,,,"EA traded 10 (max across 1 run(s)); complete report; below min_trades=25 -> genuine economic FAIL, not a zero"
dd4bf819-bc70-437b-9d6e-a64a4ca7279a,QM5_21510,SP500.DWX,Q02,ZERO_TRADES,strategy,Q02_ZERO_TRADES,GENUINE_ZERO,,0,0,0,1,1,True,0,,False,False,False,,,,"complete report (deposit>0), 0 deals; journal_purged=True logger_entries=0"
6353edf7-625d-412e-b928-51ebe6715e7e,QM5_21523,XTIUSD.DWX,Q02,ZERO_TRADES,strategy,Q02_ZERO_TRADES,GENUINE_ZERO,,0,0,0,1,1,True,0,,False,False,False,,,,"complete report (deposit>0), 0 deals; journal_purged=True logger_entries=0"
427f21c5-ac7f-4948-9f38-f5df4e8bb63f,QM5_21526,QM5_21526_XAU_XAG_CADF_D1,Q02,ZERO_TRADES,strategy,Q02_ZERO_TRADES,GENUINE_ZERO,,0,0,0,1,1,True,0,,False,False,False,,,,"complete report (deposit>0), 0 deals; journal_purged=True logger_entries=0"
852ad605-3193-4786-ada1-17d80e713657,QM5_30008,EURUSD.DWX,Q02,FAIL,strategy,run_smoke_fail:MIN_TRADES_NOT_MET,OTHER,BELOW_FLOOR_GENUINE,,,0,0,1,False,18,,False,False,False,,,,"EA traded 18 (max across 1 run(s)); complete report; below min_trades=25 -> genuine economic FAIL, not a zero"
cf5e2cef-c5e7-4b40-b79f-cec3b2da9af2,QM5_30008,USDCHF.DWX,Q02,FAIL,strategy,run_smoke_fail:MIN_TRADES_NOT_MET,OTHER,BELOW_FLOOR_GENUINE,,,0,0,1,False,14,,False,False,False,,,,"EA traded 14 (max across 1 run(s)); complete report; below min_trades=25 -> genuine economic FAIL, not a zero"
d9fe6bf4-902c-4f2c-ab26-8c835fcae774,QM5_31004,XAUUSD.DWX,Q02,FAIL,strategy,run_smoke_fail:MIN_TRADES_NOT_MET,OTHER,BELOW_FLOOR_GENUINE,,,0,0,1,False,12,,False,False,False,,,,"EA traded 12 (max across 1 run(s)); complete report; below min_trades=25 -> genuine economic FAIL, not a zero"
fd7af457-ef72-4467-802a-5279f800505d,QM5_31005,GBPJPY.DWX,Q02,FAIL,strategy,run_smoke_fail:MIN_TRADES_NOT_MET,OTHER,BELOW_FLOOR_GENUINE,,,0,0,1,False,5,,False,False,False,,,,"EA traded 5 (max across 1 run(s)); complete report; below min_trades=25 -> genuine economic FAIL, not a zero"
4f69f910-ebe4-45d1-8ae9-78090c362d28,QM5_31005,USDJPY.DWX,Q02,FAIL,strategy,run_smoke_fail:MIN_TRADES_NOT_MET,OTHER,BELOW_FLOOR_GENUINE,,,0,0,1,False,8,,False,False,False,,,,"EA traded 8 (max across 1 run(s)); complete report; below min_trades=25 -> genuine economic FAIL, not a zero"
c7935612-f7fa-43ab-946e-bbf892f79d33,QM5_31006,AUDUSD.DWX,Q02,FAIL,strategy,run_smoke_fail:MIN_TRADES_NOT_MET,OTHER,BELOW_FLOOR_GENUINE,,,0,0,1,False,9,,False,False,False,,,,"EA traded 9 (max across 1 run(s)); complete report; below min_trades=25 -> genuine economic FAIL, not a zero"
737ff0fb-0728-4141-aeb3-297ef3352e60,QM5_31006,EURCHF.DWX,Q02,FAIL,strategy,P2_PRESCREEN_run_smoke_fail:MIN_TRADES_NOT_MET,OTHER,BELOW_FLOOR_GENUINE,,,0,0,1,False,1,,False,False,False,,,,"EA traded 1 (max across 1 run(s)); complete report; below min_trades=5 -> genuine economic FAIL, not a zero"
431f1d2c-3911-4b47-a3d7-f90b717dac5a,QM5_31007,EURUSD.DWX,Q02,FAIL,strategy,run_smoke_fail:MIN_TRADES_NOT_MET,OTHER,BELOW_FLOOR_GENUINE,,,0,0,1,False,7,,False,False,False,,,,"EA traded 7 (max across 1 run(s)); complete report; below min_trades=25 -> genuine economic FAIL, not a zero"
54aea8ef-3a61-4eb7-a0db-f176a408e7cc,QM5_32008,QM5_32008_EUR_TRIPLET_STATARB_M15,Q02,FAIL,strategy,run_smoke_fail:MIN_TRADES_NOT_MET,OTHER,BELOW_FLOOR_GENUINE,,,0,0,1,False,23,,False,False,False,,,,"EA traded 23 (max across 1 run(s)); complete report; below min_trades=25 -> genuine economic FAIL, not a zero"
cdebbcc9-aab1-4095-8003-70fafc3cbb79,QM5_35008,EURCHF.DWX,Q02,FAIL,strategy,P2_PRESCREEN_run_smoke_fail:MIN_TRADES_NOT_MET,OTHER,BELOW_FLOOR_GENUINE,,,0,0,1,False,3,,False,False,False,,,,"EA traded 3 (max across 1 run(s)); complete report; below min_trades=5 -> genuine economic FAIL, not a zero"
980e24c5-5ab3-46cf-8f14-2d6f7f22d7bb,QM5_35008,EURUSD.DWX,Q02,FAIL,strategy,P2_PRESCREEN_run_smoke_fail:MIN_TRADES_NOT_MET,OTHER,BELOW_FLOOR_GENUINE,,,0,0,1,False,2,,False,False,False,,,,"EA traded 2 (max across 1 run(s)); complete report; below min_trades=5 -> genuine economic FAIL, not a zero"
e758b313-fe07-49a6-9d21-6c58e5ea97be,QM5_35008,USDCAD.DWX,Q02,FAIL,strategy,P2_PRESCREEN_run_smoke_fail:MIN_TRADES_NOT_MET,OTHER,BELOW_FLOOR_GENUINE,,,0,0,1,False,2,,False,False,False,,,,"EA traded 2 (max across 1 run(s)); complete report; below min_trades=5 -> genuine economic FAIL, not a zero"
3eeb04fa-dc44-4895-89e5-f26f07c929ce,QM5_36005,AUDNZD.DWX,Q02,FAIL,strategy,MIN_TRADES_NOT_MET,OTHER,BELOW_FLOOR_GENUINE,,,0,0,1,False,22,,False,False,False,,,,"EA traded 22 (max across 1 run(s)); complete report; below min_trades=10 -> genuine economic FAIL, not a zero"
2436c6b7-1330-43dc-b4c0-cfceda684973,QM5_37007,AUDUSD.DWX,Q02,FAIL,strategy,run_smoke_fail:MIN_TRADES_NOT_MET,OTHER,BELOW_FLOOR_GENUINE,,,0,0,1,False,5,,False,False,False,,,,"EA traded 5 (max across 1 run(s)); complete report; below min_trades=25 -> genuine economic FAIL, not a zero"
ce0fde12-1f21-4dab-a31e-9c59c3bff557,QM5_37007,EURUSD.DWX,Q02,FAIL,strategy,run_smoke_fail:MIN_TRADES_NOT_MET,OTHER,BELOW_FLOOR_GENUINE,,,0,0,1,False,11,,False,False,False,,,,"EA traded 11 (max across 1 run(s)); complete report; below min_trades=25 -> genuine economic FAIL, not a zero"
6a6baa9b-ba1a-4931-b736-baa136eb6d0c,QM5_37007,NZDUSD.DWX,Q02,FAIL,strategy,run_smoke_fail:MIN_TRADES_NOT_MET,OTHER,BELOW_FLOOR_GENUINE,,,0,0,1,False,8,,False,False,False,,,,"EA traded 8 (max across 1 run(s)); complete report; below min_trades=25 -> genuine economic FAIL, not a zero"
a79f7351-b305-45d1-b2aa-73c18cd2a2ff,QM5_37007,USDCAD.DWX,Q02,FAIL,strategy,run_smoke_fail:MIN_TRADES_NOT_MET,OTHER,BELOW_FLOOR_GENUINE,,,0,0,1,False,9,,False,False,False,,,,"EA traded 9 (max across 1 run(s)); complete report; below min_trades=25 -> genuine economic FAIL, not a zero"
37f1d7e0-c7d2-43e8-b276-1579069f1773,QM5_38003,EURUSD.DWX,Q02,FAIL,strategy,P2_PRESCREEN_run_smoke_fail:MIN_TRADES_NOT_MET,OTHER,BELOW_FLOOR_GENUINE,,,0,0,1,False,4,,False,False,False,,,,"EA traded 4 (max across 1 run(s)); complete report; below min_trades=5 -> genuine economic FAIL, not a zero"
60cde14d-6d7a-4024-990b-79a582c4b373,QM5_41014,QM5_41014_XTI_XNG_THU_RV_D1,Q02,ZERO_TRADES,strategy,Q02_ZERO_TRADES,GENUINE_ZERO,,0,0,0,1,1,True,0,,False,False,False,,,,"complete report (deposit>0), 0 deals; journal_purged=True logger_entries=0"
58861191-13d9-4170-aa93-82de7aba2b9d,QM5_41015,QM5_41015_XTI_XNG_TUE_RV_D1,Q02,ZERO_TRADES,strategy,Q02_ZERO_TRADES,GENUINE_ZERO,,0,0,0,1,1,True,0,,False,False,False,,,,"complete report (deposit>0), 0 deals; journal_purged=True logger_entries=0"
52032468-6d7e-46ac-a46a-310185ddf5cd,QM5_41016,XTIUSD.DWX,Q02,ZERO_TRADES,strategy,Q02_ZERO_TRADES,GENUINE_ZERO,,0,0,0,1,1,True,0,,False,False,False,,,,"complete report (deposit>0), 0 deals; journal_purged=True logger_entries=0"
7eb89f24-8be4-49a0-8b94-5501e124f059,QM5_41017,XTIUSD.DWX,Q02,ZERO_TRADES,strategy,Q02_ZERO_TRADES,GENUINE_ZERO,,0,0,0,1,1,True,0,,False,False,False,,,,"complete report (deposit>0), 0 deals; journal_purged=True logger_entries=0"
5a4a93ac-0a38-4e71-a12e-298609ee2449,QM5_41018,QM5_41018_XTI_XNG_WED_RV_D1,Q02,ZERO_TRADES,strategy,Q02_ZERO_TRADES,GENUINE_ZERO,,0,0,0,1,1,True,0,,False,False,False,,,,"complete report (deposit>0), 0 deals; journal_purged=True logger_entries=0"
d23c5d11-4bd5-409f-9927-ab9683dbee15,QM5_41021,XTIUSD.DWX,Q02,ZERO_TRADES,strategy,Q02_ZERO_TRADES,GENUINE_ZERO,,0,0,0,1,1,True,0,,False,False,False,,,,"complete report (deposit>0), 0 deals; journal_purged=True logger_entries=0"
0ad6c59b-3f81-4501-a996-bd1a7c7e01fb,QM5_41026,XTIUSD.DWX,Q02,FAIL,strategy,run_smoke_fail:MIN_TRADES_NOT_MET,OTHER,BELOW_FLOOR_GENUINE,,,0,0,1,False,21,,False,False,False,,,,"EA traded 21 (max across 1 run(s)); complete report; below min_trades=25 -> genuine economic FAIL, not a zero"
6c8f3dd6-7d8c-4400-8c74-7f6cc754db29,QM5_41035,XTIUSD.DWX,Q02,FAIL,strategy,run_smoke_fail:MIN_TRADES_NOT_MET,OTHER,BELOW_FLOOR_GENUINE,,,0,0,1,False,20,,False,False,False,,,,"EA traded 20 (max across 1 run(s)); complete report; below min_trades=25 -> genuine economic FAIL, not a zero"
ba6d6d6d-4ce6-4979-ab0a-45ddf1fab1bf,QM5_41036,XTIUSD.DWX,Q02,FAIL,strategy,run_smoke_fail:MIN_TRADES_NOT_MET,OTHER,BELOW_FLOOR_GENUINE,,,0,0,1,False,20,,False,False,False,,,,"EA traded 20 (max across 1 run(s)); complete report; below min_trades=25 -> genuine economic FAIL, not a zero"
5b14781d-cb89-4543-9d4d-65d5ef424bde,QM5_41049,XTIUSD.DWX,Q02,FAIL,strategy,run_smoke_fail:MIN_TRADES_NOT_MET,OTHER,BELOW_FLOOR_GENUINE,,,0,0,1,False,6,,False,False,False,,,,"EA traded 6 (max across 1 run(s)); complete report; below min_trades=25 -> genuine economic FAIL, not a zero"
361c05ab-66d0-4613-94d4-933278d9972b,QM5_41055,XTIUSD.DWX,Q02,FAIL,strategy,run_smoke_fail:MIN_TRADES_NOT_MET,OTHER,BELOW_FLOOR_GENUINE,,,0,0,1,False,2,,False,False,False,,,,"EA traded 2 (max across 1 run(s)); complete report; below min_trades=25 -> genuine economic FAIL, not a zero"
4150215d-3c1b-4518-af57-b1610f1ab6e9,QM5_41059,XTIUSD.DWX,Q02,FAIL,strategy,run_smoke_fail:MIN_TRADES_NOT_MET,OTHER,BELOW_FLOOR_GENUINE,,,0,0,1,False,2,,False,False,False,,,,"EA traded 2 (max across 1 run(s)); complete report; below min_trades=25 -> genuine economic FAIL, not a zero"
e298b33f-555e-49bd-ba45-e5a9b56bd272,QM5_41063,XNGUSD.DWX,Q02,FAIL,strategy,run_smoke_fail:MIN_TRADES_NOT_MET,OTHER,BELOW_FLOOR_GENUINE,,,0,0,1,False,20,,False,False,False,,,,"EA traded 20 (max across 1 run(s)); complete report; below min_trades=25 -> genuine economic FAIL, not a zero"
e5d1dfa2-a198-4769-9a41-f9c99e7d191a,QM5_41064,XTIUSD.DWX,Q02,ZERO_TRADES,strategy,Q02_ZERO_TRADES,GENUINE_ZERO,,0,0,0,1,1,True,0,,False,False,False,,,,"complete report (deposit>0), 0 deals; journal_purged=True logger_entries=0"
e66025e3-b4bf-4e7d-aeba-19f9871e7d1d,QM5_41072,XTIUSD.DWX,Q02,FAIL,strategy,run_smoke_fail:MIN_TRADES_NOT_MET,OTHER,BELOW_FLOOR_GENUINE,,,0,0,1,False,10,,False,False,False,,,,"EA traded 10 (max across 1 run(s)); complete report; below min_trades=25 -> genuine economic FAIL, not a zero"
fd4efd6e-112d-4c2f-ae1c-8e0af970be48,QM5_41073,XTIUSD.DWX,Q02,FAIL,strategy,run_smoke_fail:MIN_TRADES_NOT_MET,OTHER,BELOW_FLOOR_GENUINE,,,0,0,1,False,11,,False,False,False,,,,"EA traded 11 (max across 1 run(s)); complete report; below min_trades=25 -> genuine economic FAIL, not a zero"
b5864e8a-30fd-47c8-9873-6a82a4369aec,QM5_41082,XTIUSD.DWX,Q02,FAIL,strategy,run_smoke_fail:MIN_TRADES_NOT_MET,OTHER,BELOW_FLOOR_GENUINE,,,0,0,1,False,8,,False,False,False,,,,"EA traded 8 (max across 1 run(s)); complete report; below min_trades=25 -> genuine economic FAIL, not a zero"
bf1dfee8-add9-481a-93c1-568314f1c5b3,QM5_41088,QM5_41088_XAU_XAG_WCLVDIV_RV_D1,Q02,FAIL,strategy,run_smoke_fail:MIN_TRADES_NOT_MET,OTHER,BELOW_FLOOR_GENUINE,,,0,0,1,False,8,,False,False,False,,,,"EA traded 8 (max across 1 run(s)); complete report; below min_trades=25 -> genuine economic FAIL, not a zero"
1d772581-dfc4-42d1-a04a-710766faed2e,QM5_41091,XTIUSD.DWX,Q02,ZERO_TRADES,strategy,Q02_ZERO_TRADES,GENUINE_ZERO,,0,0,0,1,1,True,0,,False,False,False,,,,"complete report (deposit>0), 0 deals; journal_purged=True logger_entries=0"
1c0dcc3a-69cf-46dc-96fb-e8f111c949ac,QM5_41092,XTIUSD.DWX,Q02,ZERO_TRADES,strategy,Q02_ZERO_TRADES,GENUINE_ZERO,,0,0,0,1,1,True,0,,False,False,False,,,,"complete report (deposit>0), 0 deals; journal_purged=True logger_entries=0"
be766bd9-7310-45bc-8cbc-c2fdbe90b00b,QM5_41093,XTIUSD.DWX,Q02,ZERO_TRADES,strategy,Q02_ZERO_TRADES,GENUINE_ZERO,,0,0,0,1,1,True,0,,False,False,False,,,,"complete report (deposit>0), 0 deals; journal_purged=True logger_entries=0"
898dac1d-db74-474c-a874-8d9c8bf0b11d,QM5_41094,XNGUSD.DWX,Q02,ZERO_TRADES,strategy,Q02_ZERO_TRADES,GENUINE_ZERO,,0,0,0,1,1,True,0,,False,False,False,,,,"complete report (deposit>0), 0 deals; journal_purged=True logger_entries=0"
b4177689-eff9-4d4c-8f6d-6daa853f1584,QM5_41191,XTIUSD.DWX,Q02,FAIL,strategy,run_smoke_fail:MIN_TRADES_NOT_MET,OTHER,BELOW_FLOOR_GENUINE,,,0,0,1,False,2,,False,False,False,,,,"EA traded 2 (max across 1 run(s)); complete report; below min_trades=25 -> genuine economic FAIL, not a zero"
11d1fedc-5392-4da5-93ac-209696cdb46e,QM5_41199,XTIUSD.DWX,Q02,FAIL,strategy,run_smoke_fail:MIN_TRADES_NOT_MET,OTHER,BELOW_FLOOR_GENUINE,,,0,0,1,False,2,,False,False,False,,,,"EA traded 2 (max across 1 run(s)); complete report; below min_trades=20 -> genuine economic FAIL, not a zero"
ef66984a-2402-4fe4-89c7-2f3394891312,QM5_41202,XTIUSD.DWX,Q02,FAIL,strategy,run_smoke_fail:MIN_TRADES_NOT_MET,OTHER,BELOW_FLOOR_GENUINE,,,0,0,1,False,2,,False,False,False,,,,"EA traded 2 (max across 1 run(s)); complete report; below min_trades=25 -> genuine economic FAIL, not a zero"
60f186f8-2c34-4099-a6c7-f6e5e5d889a8,QM5_41211,XTIUSD.DWX,Q02,FAIL,strategy,run_smoke_fail:MIN_TRADES_NOT_MET,OTHER,BELOW_FLOOR_GENUINE,,,0,0,1,False,1,,False,False,False,,,,"EA traded 1 (max across 1 run(s)); complete report; below min_trades=25 -> genuine economic FAIL, not a zero"
0215220b-5b0b-4a4c-8983-e5c8f77c9f68,QM5_41212,XTIUSD.DWX,Q02,FAIL,strategy,run_smoke_fail:MIN_TRADES_NOT_MET,OTHER,BELOW_FLOOR_GENUINE,,,0,0,1,False,1,,False,False,False,,,,"EA traded 1 (max across 1 run(s)); complete report; below min_trades=25 -> genuine economic FAIL, not a zero"
3a1feed2-2d5c-4b21-82f8-815e62aa1bc2,QM5_41215,NDX.DWX,Q02,FAIL,strategy,P2_PRESCREEN_run_smoke_fail:MIN_TRADES_NOT_MET,OTHER,BELOW_FLOOR_GENUINE,,,0,0,1,False,4,,False,False,False,,,,"EA traded 4 (max across 1 run(s)); complete report; below min_trades=5 -> genuine economic FAIL, not a zero"
d27038b7-2110-45e0-8a36-ecf116c697d2,QM5_41216,XAUUSD.DWX,Q02,FAIL,strategy,P2_PRESCREEN_run_smoke_fail:MIN_TRADES_NOT_MET,OTHER,BELOW_FLOOR_GENUINE,,,0,0,1,False,4,,False,False,False,,,,"EA traded 4 (max across 1 run(s)); complete report; below min_trades=5 -> genuine economic FAIL, not a zero"
511a1c64-6577-4fc5-9bba-9f6b6d72ba43,QM5_41217,GDAXI.DWX,Q02,FAIL,strategy,P2_PRESCREEN_run_smoke_fail:MIN_TRADES_NOT_MET,OTHER,BELOW_FLOOR_GENUINE,,,0,0,1,False,4,,False,False,False,,,,"EA traded 4 (max across 1 run(s)); complete report; below min_trades=5 -> genuine economic FAIL, not a zero"
7aa6cce0-e06a-4a7c-838d-e0a23a4767ac,QM5_41218,EURUSD.DWX,Q02,FAIL,strategy,P2_PRESCREEN_run_smoke_fail:MIN_TRADES_NOT_MET,OTHER,BELOW_FLOOR_GENUINE,,,0,0,1,False,4,,False,False,False,,,,"EA traded 4 (max across 1 run(s)); complete report; below min_trades=5 -> genuine economic FAIL, not a zero"
6e56c36c-135d-4abc-a3d1-aa3f61c74f2c,QM5_41223,XTIUSD.DWX,Q02,FAIL,strategy,run_smoke_fail:MIN_TRADES_NOT_MET,OTHER,BELOW_FLOOR_GENUINE,,,0,0,1,False,2,,False,False,False,,,,"EA traded 2 (max across 1 run(s)); complete report; below min_trades=25 -> genuine economic FAIL, not a zero"
e01180be-9a1c-4fe9-a183-30814f79b09d,QM5_41227,XTIUSD.DWX,Q02,FAIL,strategy,run_smoke_fail:MIN_TRADES_NOT_MET,OTHER,BELOW_FLOOR_GENUINE,,,0,0,1,False,2,,False,False,False,,,,"EA traded 2 (max across 1 run(s)); complete report; below min_trades=25 -> genuine economic FAIL, not a zero"
40be5958-ce3c-4d3e-9534-0499da85cad4,QM5_41228,XTIUSD.DWX,Q02,FAIL,strategy,run_smoke_fail:MIN_TRADES_NOT_MET,OTHER,BELOW_FLOOR_GENUINE,,,0,0,1,False,2,,False,False,False,,,,"EA traded 2 (max across 1 run(s)); complete report; below min_trades=20 -> genuine economic FAIL, not a zero"
a2d52206-0033-4ef5-854b-a76e282da753,QM5_41229,XTIUSD.DWX,Q02,FAIL,strategy,run_smoke_fail:MIN_TRADES_NOT_MET,OTHER,BELOW_FLOOR_GENUINE,,,0,0,1,False,2,,False,False,False,,,,"EA traded 2 (max across 1 run(s)); complete report; below min_trades=25 -> genuine economic FAIL, not a zero"
7d1d8bce-8dec-4d14-acd9-93fa8bfcfb7a,QM5_41230,XTIUSD.DWX,Q02,FAIL,strategy,run_smoke_fail:MIN_TRADES_NOT_MET,OTHER,BELOW_FLOOR_GENUINE,,,0,0,1,False,2,,False,False,False,,,,"EA traded 2 (max across 1 run(s)); complete report; below min_trades=10 -> genuine economic FAIL, not a zero"
942dd5e9-b923-4732-b6a4-9176cfa8e37f,QM5_41231,XTIUSD.DWX,Q02,FAIL,strategy,run_smoke_fail:MIN_TRADES_NOT_MET,OTHER,BELOW_FLOOR_GENUINE,,,0,0,1,False,2,,False,False,False,,,,"EA traded 2 (max across 1 run(s)); complete report; below min_trades=25 -> genuine economic FAIL, not a zero"
63d41957-2762-49ea-8a35-60960c3f899b,QM5_41232,XTIUSD.DWX,Q02,FAIL,strategy,run_smoke_fail:MIN_TRADES_NOT_MET,OTHER,BELOW_FLOOR_GENUINE,,,0,0,1,False,2,,False,False,False,,,,"EA traded 2 (max across 1 run(s)); complete report; below min_trades=25 -> genuine economic FAIL, not a zero"
e4d8adc1-5c06-4cdd-81dc-11331d786e86,QM5_41233,XTIUSD.DWX,Q02,FAIL,strategy,run_smoke_fail:MIN_TRADES_NOT_MET,OTHER,BELOW_FLOOR_GENUINE,,,0,0,1,False,2,,False,False,False,,,,"EA traded 2 (max across 1 run(s)); complete report; below min_trades=25 -> genuine economic FAIL, not a zero"
313a6f99-9730-4563-88d7-55866782c4f9,QM5_41238,XTIUSD.DWX,Q02,FAIL,strategy,run_smoke_fail:MIN_TRADES_NOT_MET,OTHER,BELOW_FLOOR_GENUINE,,,0,0,1,False,2,,False,False,False,,,,"EA traded 2 (max across 1 run(s)); complete report; below min_trades=15 -> genuine economic FAIL, not a zero"
5ca5cc87-bd67-40fe-9970-0e382ba53155,QM5_41239,XTIUSD.DWX,Q02,FAIL,strategy,run_smoke_fail:MIN_TRADES_NOT_MET,OTHER,BELOW_FLOOR_GENUINE,,,0,0,1,False,2,,False,False,False,,,,"EA traded 2 (max across 1 run(s)); complete report; below min_trades=25 -> genuine economic FAIL, not a zero"
61aa2e78-4f80-49f3-b4a0-437d013e40d7,QM5_41249,XTIUSD.DWX,Q02,FAIL,strategy,run_smoke_fail:MIN_TRADES_NOT_MET,OTHER,BELOW_FLOOR_GENUINE,,,0,0,1,False,17,,False,False,False,,,,"EA traded 17 (max across 1 run(s)); complete report; below min_trades=25 -> genuine economic FAIL, not a zero"
fc9d1764-2071-4b1c-9602-ed0302366985,QM5_41250,XTIUSD.DWX,Q02,FAIL,strategy,run_smoke_fail:MIN_TRADES_NOT_MET,OTHER,BELOW_FLOOR_GENUINE,,,0,0,1,False,20,,False,False,False,,,,"EA traded 20 (max across 1 run(s)); complete report; below min_trades=25 -> genuine economic FAIL, not a zero"
dea73845-8c1a-4395-b940-585581c86aa9,QM5_41251,XTIUSD.DWX,Q02,FAIL,strategy,run_smoke_fail:MIN_TRADES_NOT_MET,OTHER,BELOW_FLOOR_GENUINE,,,0,0,1,False,18,,False,False,False,,,,"EA traded 18 (max across 1 run(s)); complete report; below min_trades=20 -> genuine economic FAIL, not a zero"
274bb48e-2444-40c1-aa64-750bb38e2239,QM5_41253,GBPUSD.DWX,Q02,FAIL,strategy,run_smoke_fail:MIN_TRADES_NOT_MET,OTHER,BELOW_FLOOR_GENUINE,,,0,0,1,False,4,,False,False,False,,,,"EA traded 4 (max across 1 run(s)); complete report; below min_trades=25 -> genuine economic FAIL, not a zero"
521db984-5d65-4292-9f6a-15febc46a89a,QM5_41264,XTIUSD.DWX,Q02,FAIL,strategy,MIN_TRADES_NOT_MET,OTHER,BELOW_FLOOR_GENUINE,,,0,0,1,False,19,,False,False,False,,,,"EA traded 19 (max across 1 run(s)); complete report; below min_trades=10 -> genuine economic FAIL, not a zero"
2a367105-aaa8-4458-a559-ec0b59eeddd4,QM5_41266,XTIUSD.DWX,Q02,FAIL,strategy,run_smoke_fail:MIN_TRADES_NOT_MET,OTHER,BELOW_FLOOR_GENUINE,,,0,0,1,False,20,,False,False,False,,,,"EA traded 20 (max across 1 run(s)); complete report; below min_trades=25 -> genuine economic FAIL, not a zero"
d6ba6cdf-4d4e-4eb4-8c22-5c0474d393df,QM5_41267,XTIUSD.DWX,Q02,FAIL,strategy,MIN_TRADES_NOT_MET,OTHER,BELOW_FLOOR_GENUINE,,,0,0,1,False,24,,False,False,False,,,,"EA traded 24 (max across 1 run(s)); complete report; below min_trades=10 -> genuine economic FAIL, not a zero"
7c2e0cec-5209-4109-9b86-a39b9bdd39fe,QM5_41271,XTIUSD.DWX,Q02,FAIL,strategy,MIN_TRADES_NOT_MET,OTHER,BELOW_FLOOR_GENUINE,,,0,0,1,False,23,,False,False,False,,,,"EA traded 23 (max across 1 run(s)); complete report; below min_trades=10 -> genuine economic FAIL, not a zero"
efdc8b9c-074f-4118-9056-efee11110655,QM5_41284,XTIUSD.DWX,Q02,FAIL,strategy,run_smoke_fail:MIN_TRADES_NOT_MET,OTHER,BELOW_FLOOR_GENUINE,,,0,0,1,False,18,,False,False,False,,,,"EA traded 18 (max across 1 run(s)); complete report; below min_trades=20 -> genuine economic FAIL, not a zero"
ca9d4956-a17a-4b83-a396-513d25e087e1,QM5_11881,NZDUSD.DWX,Q03,FAIL,strategy,run_smoke_fail:MIN_TRADES_NOT_MET,EVIDENCE_PURGED,,,,0,0,0,False,,Q02,False,False,True,787b6541-b4de-4976-84b0-1ab6dc56e62c,Q04,FAIL,no summary.json; report_root contains only an empty directory skeleton (all evidence files purged)
3bdd427b-ad1a-4da8-86ab-e93f5249d1c7,QM5_12938,USDJPY.DWX,Q03,FAIL,open,run_smoke_fail:MIN_TRADES_NOT_MET,EVIDENCE_PURGED,,,,0,0,0,False,,Q02,False,False,True,a32ac64b-d3b8-4e90-b57f-ef2a6eae1774,Q04,FAIL,no summary.json; report_root contains only an empty directory skeleton (all evidence files purged)
bd1a53f5-3410-451d-8f42-52197789973f,QM5_1537,GDAXI.DWX,Q02,INVALID,invalid,summary_missing:deterministic_token,OTHER,EMPTY_RUN_NO_MODELING,0,0,0,0,3,True,0,,False,False,True,a54ccc5c-544a-472d-813e-30fc95054e5f,Q02,RETIRE,"all 3 report(s) Bars=0 (no tick modeling); deposit=0 -> dead/empty run, not a backtest zero (outside harness shell-race, which needs Bars>0). reason=summary_missing:deterministic_token"
d6165caf-abc9-4fcb-b7e6-e6882b1782fa,QM5_1537,XAGUSD.DWX,Q02,ZERO_TRADES,strategy,Q02_ZERO_TRADES,OTHER,SHELL_UNVERIFIABLE,0,0,1,0,3,True,0,Q14,False,False,True,af09850e-2c55-59dc-9744-19716b3c4e2d,Q09_NEWS,,shell report(s) 1/3 (deposit=0/symbols=0/bars>0) + 2 empty(bars=0) run(s) but NO journal AND no run-complete logger -> trade occurrence unverifiable (confirming evidence purged)
