ea_id,symbol,classification,primary_cause,infra_row_count,total_q02_p2_rows,open_row_count,noninfra_terminal_count,latest_work_item_id,latest_updated_at,source_work_item_id,source_updated_at,source_status,source_attempt_count,source_verdict_reason,source_final_failure,source_evidence_path,source_evidence_exists,source_evidence_sha256,source_log_path,source_log_exists,source_report_root,source_aggregate_result,source_aggregate_reason_classes,source_aggregate_total_trades,valid_aggregate_work_item_id,valid_aggregate_path,valid_aggregate_sha256,valid_aggregate_type,valid_aggregate_total_trades,row_bound_summary_count,calendar_hard_summary_count,historical_lock_storm,latest_setfile_path,latest_setfile_exists,latest_setfile_sha256,setfile_findings,setfile_missing_headers,registry_status,registry_slug,canonical_ex5_paths,proposed_action,canary_selected,canary_group,canary_sequence,canary_execution_mode,classification_note
QM5_1194,SP500.DWX,INVALID_EVIDENCE_DEFECT,LOG_BOMB,14,14,0,0,559f7cbc-a95a-44eb-b0a2-56abbc07cfe2,2026-07-20T07:21:54+00:00,559f7cbc-a95a-44eb-b0a2-56abbc07cfe2,2026-07-20T07:21:54+00:00,done,99,LOG_BOMB,log_bomb,D:\QM\reports\work_items\559f7cbc-a95a-44eb-b0a2-56abbc07cfe2\log_bomb_evidence.json,False,,D:\QM\strategy_farm\logs\work_item_559f7cbc-a95a-44eb-b0a2-56abbc07cfe2.log,False,D:\QM\reports\work_items\559f7cbc-a95a-44eb-b0a2-56abbc07cfe2,,,,,,,,,0,0,False,C:\QM\repo\framework\EAs\QM5_1194_qp-stress-spx-composite\sets\QM5_1194_SP500.DWX_D1_backtest.set,True,fec415f7735c9af5a1741e0878f839d67512c7174869aa463d4a173d622a6874,,,active,qp-stress-spx-composite,C:\QM\repo\framework\EAs\QM5_1194_qp-stress-spx-composite\QM5_1194_qp-stress-spx-composite.ex5,REPAIR_OR_PREFLIGHT_THEN_GOVERNED_CANARY,False,,,,Most recent row carrying a specific failure signature supplies the primary cause.
QM5_1208,GER40.DWX,INVALID_EVIDENCE_DEFECT,SETFILE_MISSING,12,12,0,0,2ceeccc7-1020-41b3-9674-28ddbc1f849a,2026-06-19T11:33:18+00:00,2ceeccc7-1020-41b3-9674-28ddbc1f849a,2026-06-19T11:33:18+00:00,done,0,run_smoke_fail:REPORT_MISSING;INCOMPLETE_RUNS,,D:\QM\reports\work_items\2ceeccc7-1020-41b3-9674-28ddbc1f849a\QM5_1208\20260619_112857\summary.json,False,,D:\QM\strategy_farm\logs\work_item_2ceeccc7-1020-41b3-9674-28ddbc1f849a.log,False,D:\QM\reports\work_items\2ceeccc7-1020-41b3-9674-28ddbc1f849a,,,,,,,,,0,0,False,C:\QM\repo\framework\EAs\QM5_1208_carver-normmom\sets\QM5_1208_carver-normmom_GER40.DWX_D1_backtest.set,False,,SETFILE_MISSING,,active,carver-normmom,C:\QM\repo\framework\EAs\QM5_1208_carver-normmom\QM5_1208_carver-normmom.ex5,REPAIR_SETFILE_BEFORE_ANY_CANARY,False,,,,Latest bound setfile path is absent on the canonical checkout.
QM5_1225,AUDUSD.DWX,UNCLEAR,SUMMARY_MISSING_NO_ROW_BOUND_AGGREGATE,12,12,0,0,3dda93b2-80be-48f3-8a10-5cdf0a5a4bf2,2026-06-24T21:15:01+00:00,3dda93b2-80be-48f3-8a10-5cdf0a5a4bf2,2026-06-24T21:15:01+00:00,done,99,summary_missing,,,False,,D:\QM\strategy_farm\logs\work_item_3dda93b2-80be-48f3-8a10-5cdf0a5a4bf2.log,False,D:\QM\reports\work_items\3dda93b2-80be-48f3-8a10-5cdf0a5a4bf2,,,,,,,,,0,0,False,C:\QM\repo\framework\EAs\QM5_1225_dahlquist-fx-econmom\sets\QM5_1225_AUDUSD.DWX_D1_backtest.set,True,2c55073682ae0870e9a22f3ad1608e5978e608dd5c6599e09106389cc6f0c22d,,,active,dahlquist-fx-econmom,C:\QM\repo\framework\EAs\QM5_1225_dahlquist-fx-econmom\QM5_1225_dahlquist-fx-econmom.ex5,FORENSIC_REVIEW_NO_REQUEUE,False,,,,Only generic summary-missing history remains; no readable row-bound aggregate or specific failure signature.
QM5_1225,NZDUSD.DWX,UNCLEAR,SUMMARY_MISSING_NO_ROW_BOUND_AGGREGATE,12,12,0,0,3eacd6d8-22b2-4617-b1eb-4b34e9e5c0cf,2026-06-24T21:03:51+00:00,3eacd6d8-22b2-4617-b1eb-4b34e9e5c0cf,2026-06-24T21:03:51+00:00,done,99,summary_missing,,,False,,D:\QM\strategy_farm\logs\work_item_3eacd6d8-22b2-4617-b1eb-4b34e9e5c0cf.log,False,D:\QM\reports\work_items\3eacd6d8-22b2-4617-b1eb-4b34e9e5c0cf,,,,,,,,,0,0,False,C:\QM\repo\framework\EAs\QM5_1225_dahlquist-fx-econmom\sets\QM5_1225_NZDUSD.DWX_D1_backtest.set,True,03bf2514c56ae17762dd4eed1279365ad859756d186ba1d9ec6d60a608ba44fb,,,active,dahlquist-fx-econmom,C:\QM\repo\framework\EAs\QM5_1225_dahlquist-fx-econmom\QM5_1225_dahlquist-fx-econmom.ex5,FORENSIC_REVIEW_NO_REQUEUE,False,,,,Only generic summary-missing history remains; no readable row-bound aggregate or specific failure signature.
QM5_1231,FRA40.DWX,INVALID_EVIDENCE_DEFECT,SETFILE_MISSING,12,12,0,0,d622938c-ff7a-4505-9f5b-6994a56d9697,2026-06-24T21:08:19+00:00,d622938c-ff7a-4505-9f5b-6994a56d9697,2026-06-24T21:08:19+00:00,done,99,,,,False,,D:\QM\strategy_farm\logs\work_item_d622938c-ff7a-4505-9f5b-6994a56d9697.log,False,D:\QM\reports\work_items\d622938c-ff7a-4505-9f5b-6994a56d9697,,,,,,,,,0,0,False,C:\QM\repo\framework\EAs\QM5_1231_carver-pca-alpha\sets\QM5_1231_FRA40.DWX_D1_backtest.set,False,,SETFILE_MISSING,,active,carver-pca-alpha,C:\QM\repo\framework\EAs\QM5_1231_carver-pca-alpha\QM5_1231_carver-pca-alpha.ex5,REPAIR_SETFILE_BEFORE_ANY_CANARY,False,,,,Latest bound setfile path is absent on the canonical checkout.
QM5_1383,NDX.DWX,INVALID_EVIDENCE_DEFECT,ACTIVE_TIMEOUT,12,12,0,0,9210ba34-23f8-419b-bced-bd47a0d25aff,2026-08-07T14:45:39+00:00,9210ba34-23f8-419b-bced-bd47a0d25aff,2026-08-07T14:45:39+00:00,failed,0,ACTIVE_TIMEOUT,,,False,,D:\QM\strategy_farm\logs\work_item_9210ba34-23f8-419b-bced-bd47a0d25aff.log,False,D:\QM\reports\work_items\9210ba34-23f8-419b-bced-bd47a0d25aff,,,,,,,,,0,0,True,C:\QM\repo\framework\EAs\QM5_1383_wave59-quickstrike-gann-h4\sets\QM5_1383_wave59-quickstrike-gann-h4_NDX.DWX_H4_backtest.set,True,a2aaddecba658106104055072d6fc07f49d46493cad9e65f40e104a520100cef,,,active,wave59-quickstrike-gann-h4,C:\QM\repo\framework\EAs\QM5_1383_wave59-quickstrike-gann-h4\QM5_1383_wave59-quickstrike-gann-h4.ex5,REPAIR_OR_PREFLIGHT_THEN_GOVERNED_CANARY,False,,,,Most recent row carrying a specific failure signature supplies the primary cause.
QM5_1536,XAGUSD.DWX,INVALID_EVIDENCE_DEFECT,ONINIT_FAILED,12,12,0,0,fd625699-1b73-4621-9764-a48e3314f366,2026-07-29T12:18:03+00:00,66e131fa-9401-4e5f-81b7-c8058b5d6e52,2026-07-28T15:20:51+00:00,done,0,run_smoke_fail:ONINIT_FAILED;INCOMPLETE_RUNS,summary_missing_retries_exhausted,D:\QM\reports\work_items\66e131fa-9401-4e5f-81b7-c8058b5d6e52\QM5_1536\20260728_151813\summary.json,False,,D:\QM\strategy_farm\logs\work_item_66e131fa-9401-4e5f-81b7-c8058b5d6e52.log,False,D:\QM\reports\work_items\66e131fa-9401-4e5f-81b7-c8058b5d6e52,,,,,,,,,0,0,False,C:\QM\repo\framework\EAs\QM5_1536_aa-mrat-21-200\sets\QM5_1536_aa-mrat-21-200_XAGUSD.DWX_D1_backtest.set,True,764c4f9a3cb8142556ade29678b70758f8e4b290fec69e865da7398af5902b72,,,active,aa-mrat-21-200,C:\QM\repo\framework\EAs\QM5_1536_aa-mrat-21-200\QM5_1536_aa-mrat-21-200.ex5,REPAIR_OR_PREFLIGHT_THEN_GOVERNED_CANARY,False,,,,Most recent row carrying a specific failure signature supplies the primary cause.
QM5_10001,GBPJPY.DWX,INVALID_EVIDENCE_DEFECT,TIMEOUT_METATESTER_HUNG,14,14,0,0,f9261c78-302c-4bd8-ae00-f75b2031e9ec,2026-07-21T17:04:42.564232+00:00,f9261c78-302c-4bd8-ae00-f75b2031e9ec,2026-07-21T17:04:42.564232+00:00,done,0,run_smoke_fail:TIMEOUT;METATESTER_HUNG;INCOMPLETE_RUNS,,D:\QM\reports\work_items\f9261c78-302c-4bd8-ae00-f75b2031e9ec\QM5_10001\20260710_035051\summary.json,False,,D:\QM\strategy_farm\logs\work_item_f9261c78-302c-4bd8-ae00-f75b2031e9ec.log,False,D:\QM\reports\work_items\f9261c78-302c-4bd8-ae00-f75b2031e9ec,,,,,,,,,0,0,False,C:\QM\repo\framework\EAs\QM5_10001_ff-static-fib-open\sets\QM5_10001_ff-static-fib-open_GBPJPY.DWX_M15_backtest.set,True,3a2f605737306ed2e58e4745487fcf5ecaa6f18024aa484c1d6d52dc7d8193fa,,,active,ff-static-fib-open,C:\QM\repo\framework\EAs\QM5_10001_ff-static-fib-open\QM5_10001_ff-static-fib-open.ex5,REPAIR_OR_PREFLIGHT_THEN_GOVERNED_CANARY,False,,,,Most recent row carrying a specific failure signature supplies the primary cause.
QM5_10001,GBPUSD.DWX,INVALID_EVIDENCE_DEFECT,TIMEOUT_METATESTER_HUNG,14,14,0,0,f8ef8557-29ea-44d4-a238-14d2907639ee,2026-07-21T17:04:42.564232+00:00,64ffd2ce-36ba-43a4-ba9d-2b36d3b2f0e6,2026-07-21T17:04:42.564232+00:00,done,0,run_smoke_fail:TIMEOUT;METATESTER_HUNG;INCOMPLETE_RUNS,,D:\QM\reports\work_items\64ffd2ce-36ba-43a4-ba9d-2b36d3b2f0e6\QM5_10001\20260710_021708\summary.json,False,,D:\QM\strategy_farm\logs\work_item_64ffd2ce-36ba-43a4-ba9d-2b36d3b2f0e6.log,False,D:\QM\reports\work_items\64ffd2ce-36ba-43a4-ba9d-2b36d3b2f0e6,,,,,,,,,0,0,False,C:\QM\repo\framework\EAs\QM5_10001_ff-static-fib-open\sets\QM5_10001_ff-static-fib-open_GBPUSD.DWX_M15_backtest.set,True,a1faf49f982ed8522631345a01dd8fb6ba1220b78571019b0176beeb89d2d33d,,,active,ff-static-fib-open,C:\QM\repo\framework\EAs\QM5_10001_ff-static-fib-open\QM5_10001_ff-static-fib-open.ex5,REPAIR_OR_PREFLIGHT_THEN_GOVERNED_CANARY,False,,,,Most recent row carrying a specific failure signature supplies the primary cause.
QM5_10001,USDJPY.DWX,INVALID_EVIDENCE_DEFECT,NO_HISTORY_TRANSIENT,14,14,0,0,fe1aed09-5068-469f-8a96-46ccc8dabc50,2026-07-21T17:04:42.564232+00:00,4f79476d-dfb8-40c5-b5fa-09543d3c17d8,2026-07-21T17:04:42.564232+00:00,done,0,run_smoke_fail:NO_HISTORY;INCOMPLETE_RUNS,,D:\QM\reports\work_items\4f79476d-dfb8-40c5-b5fa-09543d3c17d8\QM5_10001\20260619_054908\summary.json,False,,D:\QM\strategy_farm\logs\work_item_4f79476d-dfb8-40c5-b5fa-09543d3c17d8.log,False,D:\QM\reports\work_items\4f79476d-dfb8-40c5-b5fa-09543d3c17d8,,,,,,,,,0,0,False,C:\QM\repo\framework\EAs\QM5_10001_ff-static-fib-open\sets\QM5_10001_ff-static-fib-open_USDJPY.DWX_M15_backtest.set,True,d2ed7ea1870aab3b8721f38832c53e4bb30312a32a3340ea20bce86ac8f4441b,,,active,ff-static-fib-open,C:\QM\repo\framework\EAs\QM5_10001_ff-static-fib-open\QM5_10001_ff-static-fib-open.ex5,REPAIR_OR_PREFLIGHT_THEN_GOVERNED_CANARY,False,,,,Most recent row carrying a specific failure signature supplies the primary cause.
QM5_10016,XAUUSD.DWX,INVALID_EVIDENCE_DEFECT,ACTIVE_TIMEOUT,12,12,0,0,0c5d31f9-f3ca-4351-bd21-e3ec85c75660,2026-07-29T12:18:03+00:00,0c5d31f9-f3ca-4351-bd21-e3ec85c75660,2026-07-29T12:18:03+00:00,failed,0,ACTIVE_TIMEOUT,summary_missing_retries_exhausted,D:\QM\strategy_farm\logs\work_item_0c5d31f9-f3ca-4351-bd21-e3ec85c75660.log,False,,D:\QM\strategy_farm\logs\work_item_0c5d31f9-f3ca-4351-bd21-e3ec85c75660.log,False,D:\QM\reports\work_items\0c5d31f9-f3ca-4351-bd21-e3ec85c75660,,,,,,,,,0,0,False,C:\QM\repo\framework\EAs\QM5_10016_ff-ema100-bb-tdi-h1\sets\QM5_10016_ff-ema100-bb-tdi-h1_XAUUSD.DWX_H1_backtest.set,True,8f7259c70d559d12fd19c4a74fd25e936a7ede77fa94fc86a2995cf3302b9ef6,,,active,ff-ema100-bb-tdi-h1,C:\QM\repo\framework\EAs\QM5_10016_ff-ema100-bb-tdi-h1\QM5_10016_ff-ema100-bb-tdi-h1.ex5,REPAIR_OR_PREFLIGHT_THEN_GOVERNED_CANARY,False,,,,Most recent row carrying a specific failure signature supplies the primary cause.
QM5_10037,NDX.DWX,INVALID_EVIDENCE_DEFECT,ONINIT_FAILED,13,13,0,0,5cb6caf5-8534-4734-947b-708bce7c1042,2026-07-29T12:18:03+00:00,959e1d77-168e-4f55-a00d-77506fa19f85,2026-07-27T23:19:32+00:00,done,0,run_smoke_fail:ONINIT_FAILED;INCOMPLETE_RUNS,summary_missing_retries_exhausted,D:\QM\reports\work_items\959e1d77-168e-4f55-a00d-77506fa19f85\QM5_10037\20260727_231728\summary.json,False,,D:\QM\strategy_farm\logs\work_item_959e1d77-168e-4f55-a00d-77506fa19f85.log,False,D:\QM\reports\work_items\959e1d77-168e-4f55-a00d-77506fa19f85,,,,,,,,,0,0,False,C:\QM\repo\framework\EAs\QM5_10037_rw-caa-mvo\sets\QM5_10037_rw-caa-mvo_NDX.DWX_D1_backtest.set,True,e838f0ef1d0b8c550aa33835bed02fc67772d117bc2924cac8e29eb99ab4e87f,,,active,rw-caa-mvo,C:\QM\repo\framework\EAs\QM5_10037_rw-caa-mvo\QM5_10037_rw-caa-mvo.ex5,REPAIR_OR_PREFLIGHT_THEN_GOVERNED_CANARY,False,,,,Most recent row carrying a specific failure signature supplies the primary cause.
QM5_10369,SP500.DWX,INVALID_EVIDENCE_DEFECT,ONINIT_FAILED,12,12,0,0,037fbde7-537f-48a4-8ec5-a0fac38f41ea,2026-07-29T12:18:03+00:00,113a2f7d-c165-44e8-8c4f-1bf5fd8c7923,2026-07-28T17:26:15+00:00,done,0,run_smoke_fail:ONINIT_FAILED;INCOMPLETE_RUNS,,D:\QM\reports\work_items\113a2f7d-c165-44e8-8c4f-1bf5fd8c7923\QM5_10369\20260728_172351\summary.json,False,,D:\QM\strategy_farm\logs\work_item_113a2f7d-c165-44e8-8c4f-1bf5fd8c7923.log,False,D:\QM\reports\work_items\113a2f7d-c165-44e8-8c4f-1bf5fd8c7923,,,,,,,,,0,0,True,C:\QM\repo\framework\EAs\QM5_10369_et-magnet-limits\sets\QM5_10369_et-magnet-limits_SP500.DWX_M1_backtest.set,True,19330b44d5d7b6afed035d27a9af5c9419edea4d09dc14a0624d523f1ad6fe7b,,,active,et-magnet-limits,C:\QM\repo\framework\EAs\QM5_10369_et-magnet-limits\QM5_10369_et-magnet-limits.ex5,REPAIR_OR_PREFLIGHT_THEN_GOVERNED_CANARY,False,,,,Most recent row carrying a specific failure signature supplies the primary cause.
QM5_10466,EURUSD.DWX,INVALID_EVIDENCE_DEFECT,ACTIVE_TIMEOUT,12,12,0,0,a3bc8d81-d7b4-49e6-b771-390903382ff3,2026-08-05T23:26:59+00:00,a3bc8d81-d7b4-49e6-b771-390903382ff3,2026-08-05T23:26:59+00:00,failed,0,ACTIVE_TIMEOUT,,,False,,D:\QM\strategy_farm\logs\work_item_a3bc8d81-d7b4-49e6-b771-390903382ff3.log,False,D:\QM\reports\work_items\a3bc8d81-d7b4-49e6-b771-390903382ff3,,,,,,,,,1,0,False,C:\QM\repo\framework\EAs\QM5_10466_mql5-mom-ma\sets\QM5_10466_mql5-mom-ma_EURUSD.DWX_H1_backtest.set,True,1d521c1df3c074f8ce673e432ada4f9b6260e0cbf22f61df358fa34983c47f27,,,active,mql5-mom-ma,C:\QM\repo\framework\EAs\QM5_10466_mql5-mom-ma\QM5_10466_mql5-mom-ma.ex5,REPAIR_OR_PREFLIGHT_THEN_GOVERNED_CANARY,False,,,,Most recent row carrying a specific failure signature supplies the primary cause.
QM5_10565,XAUUSD.DWX,INVALID_EVIDENCE_DEFECT,ACTIVE_TIMEOUT,12,12,0,0,9fb32a34-0bef-4023-a25f-24c4968f1c0a,2026-07-29T12:18:03+00:00,9fb32a34-0bef-4023-a25f-24c4968f1c0a,2026-07-29T12:18:03+00:00,failed,0,ACTIVE_TIMEOUT,summary_missing_retries_exhausted,D:\QM\strategy_farm\logs\work_item_9fb32a34-0bef-4023-a25f-24c4968f1c0a.log,False,,D:\QM\strategy_farm\logs\work_item_9fb32a34-0bef-4023-a25f-24c4968f1c0a.log,False,D:\QM\reports\work_items\9fb32a34-0bef-4023-a25f-24c4968f1c0a,,,,,,,,,0,0,False,C:\QM\repo\framework\EAs\QM5_10565_mql5-rvidiff\sets\QM5_10565_mql5-rvidiff_XAUUSD.DWX_H6_backtest.set,True,4e975e7a91b155170f1a4cc5cf8ac6d8c68fdeb2e8e7c9cb1fd6affc17a8e77b,,,active,mql5-rvidiff,C:\QM\repo\framework\EAs\QM5_10565_mql5-rvidiff\QM5_10565_mql5-rvidiff.ex5,REPAIR_OR_PREFLIGHT_THEN_GOVERNED_CANARY,False,,,,Most recent row carrying a specific failure signature supplies the primary cause.
QM5_10574,EURJPY.DWX,INVALID_EVIDENCE_DEFECT,ACTIVE_TIMEOUT,13,13,0,0,508692f2-969c-425d-90b4-5377a244bdf7,2026-08-13T08:16:11+00:00,8e098c6a-6b45-45a4-81ae-31696250d645,2026-08-10T10:00:38+00:00,failed,0,ACTIVE_TIMEOUT,,,False,,D:\QM\strategy_farm\logs\work_item_8e098c6a-6b45-45a4-81ae-31696250d645.log,False,D:\QM\reports\work_items\8e098c6a-6b45-45a4-81ae-31696250d645,,,,,,,,,4,0,False,C:\QM\repo\framework\EAs\QM5_10574_mql5-bsi\sets\QM5_10574_mql5-bsi_EURJPY.DWX_H8_backtest.set,True,3468c05faf50e23d3822a794e80de79b5f9dcb9809388e55701666b6cdbe6110,,,active,mql5-bsi,C:\QM\repo\framework\EAs\QM5_10574_mql5-bsi\QM5_10574_mql5-bsi.ex5,REPAIR_OR_PREFLIGHT_THEN_GOVERNED_CANARY,False,,,,Most recent row carrying a specific failure signature supplies the primary cause.
QM5_10591,XAUUSD.DWX,INVALID_EVIDENCE_DEFECT,ACTIVE_TIMEOUT,12,12,0,0,0b2e8803-4ba2-4b55-9053-81a901a127c7,2026-07-29T12:18:03+00:00,0b2e8803-4ba2-4b55-9053-81a901a127c7,2026-07-29T12:18:03+00:00,failed,0,ACTIVE_TIMEOUT,summary_missing_retries_exhausted,D:\QM\strategy_farm\logs\work_item_0b2e8803-4ba2-4b55-9053-81a901a127c7.log,False,,D:\QM\strategy_farm\logs\work_item_0b2e8803-4ba2-4b55-9053-81a901a127c7.log,False,D:\QM\reports\work_items\0b2e8803-4ba2-4b55-9053-81a901a127c7,,,,,,,,,0,0,True,C:\QM\repo\framework\EAs\QM5_10591_mql5-ozym\sets\QM5_10591_mql5-ozym_XAUUSD.DWX_H4_backtest.set,True,4bc6afec5a87fd966aff9b410c4ddd2196c4e6ff1da723b0bf6a8a9922473d89,,,active,mql5-ozym,C:\QM\repo\framework\EAs\QM5_10591_mql5-ozym\QM5_10591_mql5-ozym.ex5,REPAIR_OR_PREFLIGHT_THEN_GOVERNED_CANARY,False,,,,Most recent row carrying a specific failure signature supplies the primary cause.
QM5_11056,NDX.DWX,INVALID_EVIDENCE_DEFECT,ACTIVE_TIMEOUT,12,12,0,0,090e3cdb-1e97-4d3c-ad56-daebf6ae2b5a,2026-08-07T17:14:13+00:00,090e3cdb-1e97-4d3c-ad56-daebf6ae2b5a,2026-08-07T17:14:13+00:00,failed,1,ACTIVE_TIMEOUT,,,False,,D:\QM\strategy_farm\logs\work_item_090e3cdb-1e97-4d3c-ad56-daebf6ae2b5a.log,False,D:\QM\reports\work_items\090e3cdb-1e97-4d3c-ad56-daebf6ae2b5a,,,,,,,,,0,0,True,C:\QM\repo\framework\EAs\QM5_11056_pst-normmom\sets\QM5_11056_pst-normmom_NDX.DWX_H1_backtest.set,True,7585019c56044a466252e91425b8688c4e75e5a42010d74ae4fb7e633382c55e,,,active,pst-normmom,C:\QM\repo\framework\EAs\QM5_11056_pst-normmom\QM5_11056_pst-normmom.ex5,REPAIR_OR_PREFLIGHT_THEN_GOVERNED_CANARY,False,,,,Most recent row carrying a specific failure signature supplies the primary cause.
QM5_11100,AUDUSD.DWX,INVALID_EVIDENCE_DEFECT,ACTIVE_TIMEOUT,13,13,0,0,3047390b-7336-448a-a62d-93b86defe021,2026-08-02T07:20:32+00:00,3047390b-7336-448a-a62d-93b86defe021,2026-08-02T07:20:32+00:00,failed,1,ACTIVE_TIMEOUT,,,False,,D:\QM\strategy_farm\logs\work_item_3047390b-7336-448a-a62d-93b86defe021.log,False,D:\QM\reports\work_items\3047390b-7336-448a-a62d-93b86defe021,,,,,,,,,0,0,False,C:\QM\repo\framework\EAs\QM5_11100_csl-strength-cross\sets\QM5_11100_csl-strength-cross_AUDUSD.DWX_H1_backtest.set,True,77ab664ff4bb526a4497c20aaf9f479947017467f883cdf749655c5e23938574,,,active,csl-strength-cross,C:\QM\repo\framework\EAs\QM5_11100_csl-strength-cross\QM5_11100_csl-strength-cross.ex5,REPAIR_OR_PREFLIGHT_THEN_GOVERNED_CANARY,False,,,,Most recent row carrying a specific failure signature supplies the primary cause.
QM5_11145,GER40.DWX,INVALID_EVIDENCE_DEFECT,SETFILE_MISSING,12,12,0,0,1e550769-acdd-4b02-87c1-36560504d04a,2026-06-25T15:31:16+00:00,1e550769-acdd-4b02-87c1-36560504d04a,2026-06-25T15:31:16+00:00,done,2,run_smoke_fail:REPORT_MISSING;INCOMPLETE_RUNS,,D:\QM\reports\work_items\1e550769-acdd-4b02-87c1-36560504d04a\QM5_11145\20260625_152707\summary.json,False,,D:\QM\strategy_farm\logs\work_item_1e550769-acdd-4b02-87c1-36560504d04a.log,False,D:\QM\reports\work_items\1e550769-acdd-4b02-87c1-36560504d04a,,,,,,,,,0,0,False,C:\QM\repo\framework\EAs\QM5_11145_vbt-pair-z\sets\QM5_11145_vbt-pair-z_GER40.DWX_D1_backtest.set,False,,SETFILE_MISSING,,active,vbt-pair-z,C:\QM\repo\framework\EAs\QM5_11145_vbt-pair-z\QM5_11145_vbt-pair-z.ex5,REPAIR_SETFILE_BEFORE_ANY_CANARY,False,,,,Latest bound setfile path is absent on the canonical checkout.
QM5_11147,FTSE100.DWX,INVALID_EVIDENCE_DEFECT,SETFILE_MISSING,12,12,0,0,27cbab9d-0e29-4c13-9caa-39ff9d4c86d7,2026-06-25T12:39:47+00:00,27cbab9d-0e29-4c13-9caa-39ff9d4c86d7,2026-06-25T12:39:47+00:00,done,1,run_smoke_fail:REPORT_MISSING;INCOMPLETE_RUNS,,D:\QM\reports\work_items\27cbab9d-0e29-4c13-9caa-39ff9d4c86d7\QM5_11147\20260625_123539\summary.json,False,,D:\QM\strategy_farm\logs\work_item_27cbab9d-0e29-4c13-9caa-39ff9d4c86d7.log,False,D:\QM\reports\work_items\27cbab9d-0e29-4c13-9caa-39ff9d4c86d7,,,,,,,,,0,0,False,C:\QM\repo\framework\EAs\QM5_11147_clenow-vam-rot\sets\QM5_11147_clenow-vam-rot_FTSE100.DWX_D1_backtest.set,False,,SETFILE_MISSING,,active,clenow-vam-rot,C:\QM\repo\framework\EAs\QM5_11147_clenow-vam-rot\QM5_11147_clenow-vam-rot.ex5,REPAIR_SETFILE_BEFORE_ANY_CANARY,False,,,,Latest bound setfile path is absent on the canonical checkout.
QM5_11147,GER40.DWX,INVALID_EVIDENCE_DEFECT,SETFILE_MISSING,12,12,0,0,af578b68-ba7a-47f5-bd47-9dd1d35d6465,2026-06-25T13:03:55+00:00,af578b68-ba7a-47f5-bd47-9dd1d35d6465,2026-06-25T13:03:55+00:00,done,1,run_smoke_fail:REPORT_MISSING;INCOMPLETE_RUNS,,D:\QM\reports\work_items\af578b68-ba7a-47f5-bd47-9dd1d35d6465\QM5_11147\20260625_125947\summary.json,False,,D:\QM\strategy_farm\logs\work_item_af578b68-ba7a-47f5-bd47-9dd1d35d6465.log,False,D:\QM\reports\work_items\af578b68-ba7a-47f5-bd47-9dd1d35d6465,,,,,,,,,0,0,False,C:\QM\repo\framework\EAs\QM5_11147_clenow-vam-rot\sets\QM5_11147_clenow-vam-rot_GER40.DWX_D1_backtest.set,False,,SETFILE_MISSING,,active,clenow-vam-rot,C:\QM\repo\framework\EAs\QM5_11147_clenow-vam-rot\QM5_11147_clenow-vam-rot.ex5,REPAIR_SETFILE_BEFORE_ANY_CANARY,False,,,,Latest bound setfile path is absent on the canonical checkout.
QM5_11605,GBPUSD.DWX,INVALID_EVIDENCE_DEFECT,ACTIVE_TIMEOUT,12,12,0,0,e4d954ab-d641-4da8-89ce-5b62451ad919,2026-07-29T12:18:03+00:00,e4d954ab-d641-4da8-89ce-5b62451ad919,2026-07-29T12:18:03+00:00,failed,0,ACTIVE_TIMEOUT,,D:\QM\strategy_farm\logs\work_item_e4d954ab-d641-4da8-89ce-5b62451ad919.log,False,,D:\QM\strategy_farm\logs\work_item_e4d954ab-d641-4da8-89ce-5b62451ad919.log,False,D:\QM\reports\work_items\e4d954ab-d641-4da8-89ce-5b62451ad919,,,,,,,,,0,0,False,C:\QM\repo\framework\EAs\QM5_11605_ar-supertrend\sets\QM5_11605_ar-supertrend_GBPUSD.DWX_H4_backtest.set,True,d42eed17b5ec7bc720be1ca03ed2a014886cb88cc7f174e115fd8baf5dd47714,,,active,ar-supertrend,C:\QM\repo\framework\EAs\QM5_11605_ar-supertrend\QM5_11605_ar-supertrend.ex5,REPAIR_OR_PREFLIGHT_THEN_GOVERNED_CANARY,False,,,,Most recent row carrying a specific failure signature supplies the primary cause.
QM5_11625,NDX.DWX,INVALID_EVIDENCE_DEFECT,NO_HISTORY_TRANSIENT,15,15,0,0,bdb0be61-b5ab-4ba3-8cc2-964a9f774a32,2026-07-29T12:18:03+00:00,238952c9-ee65-4b55-a1c7-d03427712213,2026-07-28T22:12:34+00:00,failed,3,cold_cache_retries_exhausted:NO_HISTORY,cold_cache_retries_exhausted,D:\QM\reports\work_items\238952c9-ee65-4b55-a1c7-d03427712213\QM5_11625\20260728_220627\summary.json,False,,,False,D:\QM\reports\work_items\238952c9-ee65-4b55-a1c7-d03427712213,,,,,,,,,0,0,True,C:\QM\repo\framework\EAs\QM5_11625_ba-ema-dual\sets\QM5_11625_ba-ema-dual_NDX.DWX_H1_backtest.set,True,38f8c33952682440bd066ce40cf422f0fa50d0571af805e92cc074e010616703,,,active,ba-ema-dual,C:\QM\repo\framework\EAs\QM5_11625_ba-ema-dual\QM5_11625_ba-ema-dual.ex5,REPAIR_OR_PREFLIGHT_THEN_GOVERNED_CANARY,False,,,,Most recent row carrying a specific failure signature supplies the primary cause.
QM5_11673,GBPUSD.DWX,UNCLEAR,SUMMARY_MISSING_NO_ROW_BOUND_AGGREGATE,12,12,0,0,12b555b8-9156-4475-bd32-06a41d11cd14,2026-06-24T14:24:34+00:00,12b555b8-9156-4475-bd32-06a41d11cd14,2026-06-24T14:24:34+00:00,done,99,,,,False,,D:\QM\strategy_farm\logs\work_item_12b555b8-9156-4475-bd32-06a41d11cd14.log,False,D:\QM\reports\work_items\12b555b8-9156-4475-bd32-06a41d11cd14,,,,,,,,,0,0,False,C:\QM\repo\framework\EAs\QM5_11673_tc-h1-s8-bb20-ema3-macd617-rsi\sets\QM5_11673_tc-h1-s8-bb20-ema3-macd617-rsi_GBPUSD.DWX_H1_backtest.set,True,549cc53041a24cc4c988cdf7ae70b93e4ba3cb80a90fa7cabd3e846dd3f445f9,,,active,tc-h1-s8-bb20-ema3-macd617-rsi,C:\QM\repo\framework\EAs\QM5_11673_tc-h1-s8-bb20-ema3-macd617-rsi\QM5_11673_tc-h1-s8-bb20-ema3-macd617-rsi.ex5,FORENSIC_REVIEW_NO_REQUEUE,False,,,,Only generic summary-missing history remains; no readable row-bound aggregate or specific failure signature.
QM5_12486,GBPUSD.DWX,INVALID_EVIDENCE_DEFECT,SETFILE_MISSING,12,12,0,0,11abcc49-c00f-482b-b1ca-4428c3a03972,2026-08-11T15:34:27+00:00,11abcc49-c00f-482b-b1ca-4428c3a03972,2026-08-11T15:34:27+00:00,failed,0,setfile_missing,,D:\QM\reports\work_items\11abcc49-c00f-482b-b1ca-4428c3a03972\QM5_12486\Q02\preflight_failure.json,True,4318708e40df7b17a41cd4f3794c7d2038f05352c10aac08e1c1aa3418412916,,False,D:\QM\reports\work_items\11abcc49-c00f-482b-b1ca-4428c3a03972,,,,,,,,,5,0,False,C:\QM\repo\framework\EAs\QM5_12486_shv-supertrend\sets\QM5_12486_shv-supertrend_GBPUSD.DWX_H1_backtest.set,False,,SETFILE_MISSING,,active,shv-supertrend,C:\QM\repo\framework\EAs\QM5_12486_shv-supertrend\QM5_12486_shv-supertrend.ex5,REPAIR_SETFILE_BEFORE_ANY_CANARY,False,,,,Latest bound setfile path is absent on the canonical checkout.
QM5_12538,AUDUSD.DWX,INVALID_EVIDENCE_DEFECT,ACTIVE_TIMEOUT,12,12,0,0,dc02c52b-02ee-48e4-900e-5aee594273f3,2026-08-07T22:24:57+00:00,dc02c52b-02ee-48e4-900e-5aee594273f3,2026-08-07T22:24:57+00:00,failed,0,ACTIVE_TIMEOUT,,,False,,D:\QM\strategy_farm\logs\work_item_dc02c52b-02ee-48e4-900e-5aee594273f3.log,False,D:\QM\reports\work_items\dc02c52b-02ee-48e4-900e-5aee594273f3,,,,,,,,,0,0,False,C:\QM\repo\framework\EAs\QM5_12538_nnfx-canonical-stack2-st-vortex\sets\QM5_12538_nnfx-canonical-stack2-st-vortex_AUDUSD.DWX_D1_backtest.set,True,ec78b5b748ff9465bb9ff3ea9be6d3c5243364c5a52ce414931ead39b1401690,,,active,nnfx-canonical-stack2-st-vortex,C:\QM\repo\framework\EAs\QM5_12538_nnfx-canonical-stack2-st-vortex\QM5_12538_nnfx-canonical-stack2-st-vortex.ex5,REPAIR_OR_PREFLIGHT_THEN_GOVERNED_CANARY,False,,,,Most recent row carrying a specific failure signature supplies the primary cause.
QM5_12538,GBPUSD.DWX,INVALID_EVIDENCE_DEFECT,ACTIVE_TIMEOUT,12,12,0,0,6f60d222-18e0-4990-9397-dd2d27948079,2026-08-07T11:40:12+00:00,6f60d222-18e0-4990-9397-dd2d27948079,2026-08-07T11:40:12+00:00,failed,0,ACTIVE_TIMEOUT,,,False,,D:\QM\strategy_farm\logs\work_item_6f60d222-18e0-4990-9397-dd2d27948079.log,False,D:\QM\reports\work_items\6f60d222-18e0-4990-9397-dd2d27948079,,,,,,,,,0,0,False,C:\QM\repo\framework\EAs\QM5_12538_nnfx-canonical-stack2-st-vortex\sets\QM5_12538_nnfx-canonical-stack2-st-vortex_GBPUSD.DWX_D1_backtest.set,True,8f8b4e84e2ddd94bb618d90f99169f3776e915787339c40a1821bf32b2f2af46,,,active,nnfx-canonical-stack2-st-vortex,C:\QM\repo\framework\EAs\QM5_12538_nnfx-canonical-stack2-st-vortex\QM5_12538_nnfx-canonical-stack2-st-vortex.ex5,REPAIR_OR_PREFLIGHT_THEN_GOVERNED_CANARY,False,,,,Most recent row carrying a specific failure signature supplies the primary cause.
QM5_12538,NZDUSD.DWX,INVALID_EVIDENCE_DEFECT,ACTIVE_TIMEOUT,12,12,0,0,2947c1a1-3019-465a-ba0c-8e76f2c5aa00,2026-08-08T21:19:36+00:00,2947c1a1-3019-465a-ba0c-8e76f2c5aa00,2026-08-08T21:19:36+00:00,failed,0,ACTIVE_TIMEOUT,,,False,,D:\QM\strategy_farm\logs\work_item_2947c1a1-3019-465a-ba0c-8e76f2c5aa00.log,False,D:\QM\reports\work_items\2947c1a1-3019-465a-ba0c-8e76f2c5aa00,,,,,,,,,0,0,False,C:\QM\repo\framework\EAs\QM5_12538_nnfx-canonical-stack2-st-vortex\sets\QM5_12538_nnfx-canonical-stack2-st-vortex_NZDUSD.DWX_D1_backtest.set,True,8143fc09db751bcb4f895bee69a350dc7873e6760bd3b980512b4773ac1e5d13,,,active,nnfx-canonical-stack2-st-vortex,C:\QM\repo\framework\EAs\QM5_12538_nnfx-canonical-stack2-st-vortex\QM5_12538_nnfx-canonical-stack2-st-vortex.ex5,REPAIR_OR_PREFLIGHT_THEN_GOVERNED_CANARY,False,,,,Most recent row carrying a specific failure signature supplies the primary cause.
QM5_12538,USDCAD.DWX,INVALID_EVIDENCE_DEFECT,ACTIVE_TIMEOUT,12,12,0,0,58623ee1-0a6e-4364-a3db-671642ee1b77,2026-08-10T11:31:44+00:00,58623ee1-0a6e-4364-a3db-671642ee1b77,2026-08-10T11:31:44+00:00,failed,0,ACTIVE_TIMEOUT,,,False,,D:\QM\strategy_farm\logs\work_item_58623ee1-0a6e-4364-a3db-671642ee1b77.log,False,D:\QM\reports\work_items\58623ee1-0a6e-4364-a3db-671642ee1b77,,,,,,,,,0,0,False,C:\QM\repo\framework\EAs\QM5_12538_nnfx-canonical-stack2-st-vortex\sets\QM5_12538_nnfx-canonical-stack2-st-vortex_USDCAD.DWX_D1_backtest.set,True,6dceed052238a1a43a31ac046ced330ec90aea4f496be1b323eca704dc96e6a0,,,active,nnfx-canonical-stack2-st-vortex,C:\QM\repo\framework\EAs\QM5_12538_nnfx-canonical-stack2-st-vortex\QM5_12538_nnfx-canonical-stack2-st-vortex.ex5,REPAIR_OR_PREFLIGHT_THEN_GOVERNED_CANARY,False,,,,Most recent row carrying a specific failure signature supplies the primary cause.
QM5_12538,USDCHF.DWX,INVALID_EVIDENCE_DEFECT,ACTIVE_TIMEOUT,12,12,0,0,a0b28a46-8581-4a37-a379-441595559dc5,2026-08-08T21:19:36+00:00,a0b28a46-8581-4a37-a379-441595559dc5,2026-08-08T21:19:36+00:00,failed,0,ACTIVE_TIMEOUT,,,False,,D:\QM\strategy_farm\logs\work_item_a0b28a46-8581-4a37-a379-441595559dc5.log,False,D:\QM\reports\work_items\a0b28a46-8581-4a37-a379-441595559dc5,,,,,,,,,0,0,False,C:\QM\repo\framework\EAs\QM5_12538_nnfx-canonical-stack2-st-vortex\sets\QM5_12538_nnfx-canonical-stack2-st-vortex_USDCHF.DWX_D1_backtest.set,True,300e27c8a0f9de2df0a8efbbec3e901d84e34981e6b140d9dd99f3de3c3bccd3,,,active,nnfx-canonical-stack2-st-vortex,C:\QM\repo\framework\EAs\QM5_12538_nnfx-canonical-stack2-st-vortex\QM5_12538_nnfx-canonical-stack2-st-vortex.ex5,REPAIR_OR_PREFLIGHT_THEN_GOVERNED_CANARY,False,,,,Most recent row carrying a specific failure signature supplies the primary cause.
QM5_12538,USDJPY.DWX,INVALID_EVIDENCE_DEFECT,ACTIVE_TIMEOUT,12,12,0,0,97e5b05f-8367-4c15-ad8a-7c81f9ddea39,2026-08-06T00:51:18+00:00,97e5b05f-8367-4c15-ad8a-7c81f9ddea39,2026-08-06T00:51:18+00:00,failed,0,ACTIVE_TIMEOUT,,,False,,D:\QM\strategy_farm\logs\work_item_97e5b05f-8367-4c15-ad8a-7c81f9ddea39.log,False,D:\QM\reports\work_items\97e5b05f-8367-4c15-ad8a-7c81f9ddea39,,,,,,,,,0,0,False,C:\QM\repo\framework\EAs\QM5_12538_nnfx-canonical-stack2-st-vortex\sets\QM5_12538_nnfx-canonical-stack2-st-vortex_USDJPY.DWX_D1_backtest.set,True,fc11fd3889ede0071cd01ee534a7fe122f63ea7e03576c6abfba1613c27594e3,,,active,nnfx-canonical-stack2-st-vortex,C:\QM\repo\framework\EAs\QM5_12538_nnfx-canonical-stack2-st-vortex\QM5_12538_nnfx-canonical-stack2-st-vortex.ex5,REPAIR_OR_PREFLIGHT_THEN_GOVERNED_CANARY,False,,,,Most recent row carrying a specific failure signature supplies the primary cause.
QM5_12975,NDX.DWX,INVALID_EVIDENCE_DEFECT,ACTIVE_TIMEOUT,12,12,0,0,676c2c4a-1068-433c-80b9-802a7a1a63d1,2026-08-04T20:50:53+00:00,676c2c4a-1068-433c-80b9-802a7a1a63d1,2026-08-04T20:50:53+00:00,failed,0,ACTIVE_TIMEOUT,,,False,,D:\QM\strategy_farm\logs\work_item_676c2c4a-1068-433c-80b9-802a7a1a63d1.log,False,D:\QM\reports\work_items\676c2c4a-1068-433c-80b9-802a7a1a63d1,,,,,,,,,2,0,True,C:\QM\repo\framework\EAs\QM5_12975_ehlers-pma-triple-swing\sets\QM5_12975_ehlers-pma-triple-swing_NDX.DWX_D1_backtest.set,True,0e6f4acfd6e56b1c281a525f6b426d07abcf9a425c475d0e5a13abdc6842298e,,,active,ehlers-pma-triple-swing,C:\QM\repo\framework\EAs\QM5_12975_ehlers-pma-triple-swing\QM5_12975_ehlers-pma-triple-swing.ex5,REPAIR_OR_PREFLIGHT_THEN_GOVERNED_CANARY,False,,,,Most recent row carrying a specific failure signature supplies the primary cause.
QM5_13212,SP500.DWX,INVALID_EVIDENCE_DEFECT,ONINIT_FAILED,12,12,0,0,13d97397-67c7-495b-b884-164c9812e218,2026-07-29T12:18:03+00:00,7a722809-7747-47d2-97c3-58df881f62d9,2026-07-28T17:28:53+00:00,done,0,run_smoke_fail:ONINIT_FAILED;INCOMPLETE_RUNS,,D:\QM\reports\work_items\7a722809-7747-47d2-97c3-58df881f62d9\QM5_13212\20260728_172616\summary.json,False,,D:\QM\strategy_farm\logs\work_item_7a722809-7747-47d2-97c3-58df881f62d9.log,False,D:\QM\reports\work_items\7a722809-7747-47d2-97c3-58df881f62d9,,,,,,,,,0,0,True,C:\QM\repo\framework\EAs\QM5_13212_mulham-us500-org\sets\QM5_13212_mulham-us500-org_SP500.DWX_M15_backtest.set,True,b994ddd3b44f524a2e99b2fc87b36ff2d0d6ff765651ac68c4fb8bd7cd00721f,,,active,mulham-us500-org,C:\QM\repo\framework\EAs\QM5_13212_mulham-us500-org\QM5_13212_mulham-us500-org.ex5,REPAIR_OR_PREFLIGHT_THEN_GOVERNED_CANARY,False,,,,Most recent row carrying a specific failure signature supplies the primary cause.
