ea_id,symbol,infra_fail_rows,distinct_reason_count,distinct_reasons,last_updated,ea_dir_exists,ea_dir_name,registry_status,classification,terminal_work_item_id,current_repo_ex5_sha256
QM5_10000,EURUSD.DWX,13,2,run_smoke_fail:ONINIT_FAILED;INCOMPLETE_RUNS | summary_missing_retries_exhausted,2026-07-28T11:59:26+00:00,True,QM5_10000_ff-tasayc-cci-breakout,active,RECOVERABLE_MIXED_TRANSIENT,b6313fe4-c42a-43a4-8667-1ccd25ef3ded,334bef9ee9cd7f872437eb617d8572f05d5e34789b7d2d3992f4fbb464c46a8d
QM5_10001,GBPJPY.DWX,14,3,run_smoke_fail:NO_HISTORY;INCOMPLETE_RUNS | run_smoke_fail:TIMEOUT;METATESTER_HUNG;INCOMPLETE_RUNS | summary_missing_retries_exhausted,2026-07-21T17:04:42.564232+00:00,True,QM5_10001_ff-static-fib-open,active,RECOVERABLE_MIXED_TRANSIENT,6ea7acbf-2c8c-497e-a62b-f4cdbe83a6c6,a4949a2683cdb642e54e03b929836ce2f9b156ee9ce3b1d414c05603cf217ade
QM5_10001,GBPUSD.DWX,14,3,ACTIVE_TIMEOUT | run_smoke_fail:TIMEOUT;METATESTER_HUNG;INCOMPLETE_RUNS | summary_missing_retries_exhausted,2026-07-21T17:04:42.564232+00:00,True,QM5_10001_ff-static-fib-open,active,RECOVERABLE_MIXED_TRANSIENT,1324d219-2b28-4017-a0ab-62d155044819,a4949a2683cdb642e54e03b929836ce2f9b156ee9ce3b1d414c05603cf217ade
QM5_10001,USDJPY.DWX,14,3,run_smoke_fail:NO_HISTORY;INCOMPLETE_RUNS | run_smoke_fail:TIMEOUT;METATESTER_HUNG;INCOMPLETE_RUNS | summary_missing_retries_exhausted,2026-07-21T17:04:42.564232+00:00,True,QM5_10001_ff-static-fib-open,active,RECOVERABLE_MIXED_TRANSIENT,4ba9aedc-17fb-417b-a65a-6735a49c2cb8,a4949a2683cdb642e54e03b929836ce2f9b156ee9ce3b1d414c05603cf217ade
QM5_10016,XAUUSD.DWX,12,3,ACTIVE_TIMEOUT | run_smoke_fail:ONINIT_FAILED;INCOMPLETE_RUNS | summary_missing_retries_exhausted,2026-07-29T12:18:03+00:00,True,QM5_10016_ff-ema100-bb-tdi-h1,active,RECOVERABLE_MIXED_TRANSIENT,0c5d31f9-f3ca-4351-bd21-e3ec85c75660,fc579442286424d361a84f1391755889370ca0861b156fe36b5ac2456be6cfca
QM5_10037,NDX.DWX,13,4, | run_smoke_fail:ONINIT_FAILED;INCOMPLETE_RUNS | run_smoke_fail:REPORT_MISSING;METATESTER_HUNG;INCOMPLETE_RUNS | summary_missing_retries_exhausted,2026-07-29T12:18:03+00:00,True,QM5_10037_rw-caa-mvo,active,RECOVERABLE_MIXED_TRANSIENT,5cb6caf5-8534-4734-947b-708bce7c1042,29dc483c5e56ad0177fac92e1dccca8efaf77c44f21fd5c7cdfbbb7ecbcc5088
QM5_10189,NDX.DWX,12,4, | cold_cache_retries_exhausted:BARS_ZERO | run_smoke_fail:NO_HISTORY;INCOMPLETE_RUNS | summary_missing_retries_exhausted,2026-08-07T16:35:49+00:00,True,QM5_10189_tv-piv-vwap-brk,active,RECOVERABLE_MIXED_TRANSIENT,298130ed-7e85-4863-8a31-07de88584c36,efcc7950b86f9b4e10f59e38536e0d9dbc831493839de7e2b904ad41ee9e2de9
QM5_10269,NDX.DWX,13,2,run_smoke_fail:ONINIT_FAILED;INCOMPLETE_RUNS | summary_missing_retries_exhausted,2026-07-27T22:50:13+00:00,True,QM5_10269_gawd-wma30-trend,active,RECOVERABLE_MIXED_TRANSIENT,9d9c2f6e-6a6c-4a15-b232-928f5d90275c,13e0f1e170447b6a951a19f617b8f8534337bc428219467d48f0d7a57cb8680c
QM5_10327,GDAXI.DWX,12,2,run_smoke_fail:TIMEOUT;METATESTER_HUNG;INCOMPLETE_RUNS | summary_missing_retries_exhausted,2026-07-28T01:35:53+00:00,True,QM5_10327_eod-reversal,active,RECOVERABLE_MIXED_TRANSIENT,11ccf611-b70a-47d4-a05c-09ff4139114f,af1b49c4361a7bc3e60b991f6600200dad096323b3dc1cb82b940472126c04f4
QM5_10327,SP500.DWX,12,2,run_smoke_fail:TIMEOUT;METATESTER_HUNG;INCOMPLETE_RUNS | summary_missing_retries_exhausted,2026-07-27T23:31:59+00:00,True,QM5_10327_eod-reversal,active,RECOVERABLE_MIXED_TRANSIENT,ed418b10-e4a4-4aa2-8d7d-f8f480d7bcc3,af1b49c4361a7bc3e60b991f6600200dad096323b3dc1cb82b940472126c04f4
QM5_10369,GDAXI.DWX,12,3,ACTIVE_TIMEOUT | cold_cache_retries_exhausted:BARS_ZERO | run_smoke_fail:BARS_ZERO;INCOMPLETE_RUNS,2026-08-07T21:44:30+00:00,True,QM5_10369_et-magnet-limits,active,RECOVERABLE_MIXED_TRANSIENT,8d437458-29a1-442a-be4e-1c72f99d8227,e954e88b1e6d01b04422bd3f96bb8242f58eca7c3b362aebd0f8f280485e72a1
QM5_10369,NDX.DWX,12,7, | cold_cache_retries_exhausted:BARS_ZERO | cold_cache_retries_exhausted:NO_HISTORY | run_smoke_fail:BARS_ZERO;INCOMPLETE_RUNS | run_smoke_fail:NO_HISTORY;INCOMPLETE_RUNS | run_smoke_fail:ONINIT_FAILED;INCOMPLETE_RUNS | summary_missing_retries_exhausted,2026-08-08T20:21:36+00:00,True,QM5_10369_et-magnet-limits,active,RECOVERABLE_MIXED_TRANSIENT,e44ec023-032d-4be5-bee1-897ac6bee2e6,e954e88b1e6d01b04422bd3f96bb8242f58eca7c3b362aebd0f8f280485e72a1
QM5_10369,SP500.DWX,12,6,run_smoke_fail:BARS_ZERO;INCOMPLETE_RUNS | run_smoke_fail:BARS_ZERO;NO_HISTORY;INCOMPLETE_RUNS | run_smoke_fail:NO_HISTORY;INCOMPLETE_RUNS | run_smoke_fail:ONINIT_FAILED;INCOMPLETE_RUNS | shared_bases_history_lock_transient_cap_exhausted | summary_missing_retries_exhausted,2026-07-29T12:18:03+00:00,True,QM5_10369_et-magnet-limits,active,RECOVERABLE_MIXED_TRANSIENT,037fbde7-537f-48a4-8ec5-a0fac38f41ea,e954e88b1e6d01b04422bd3f96bb8242f58eca7c3b362aebd0f8f280485e72a1
QM5_10466,EURUSD.DWX,12,3,ACTIVE_TIMEOUT | cold_cache_retries_exhausted:NO_HISTORY | summary_missing_retries_exhausted,2026-08-05T23:26:59+00:00,True,QM5_10466_mql5-mom-ma,active,RECOVERABLE_MIXED_TRANSIENT,a3bc8d81-d7b4-49e6-b771-390903382ff3,f9ff318e1cb123eab1f74c47232c5c63a49bcd51ad8a8ec5164898b34bb1d03f
QM5_10565,XAUUSD.DWX,12,2,ACTIVE_TIMEOUT | summary_missing_retries_exhausted,2026-07-29T12:18:03+00:00,True,QM5_10565_mql5-rvidiff,active,RECOVERABLE_MIXED_TRANSIENT,9fb32a34-0bef-4023-a25f-24c4968f1c0a,c7637a0a966d6697749bb5a37c959679b70055dd39431e358b21d829e80e0a4b
QM5_10574,EURJPY.DWX,13,4,ACTIVE_TIMEOUT | cold_cache_retries_exhausted:BARS_ZERO | run_smoke_fail:BARS_ZERO;INCOMPLETE_RUNS | summary_missing:unclassified,2026-08-13T08:16:11+00:00,True,QM5_10574_mql5-bsi,active,RECOVERABLE_MIXED_TRANSIENT,508692f2-969c-425d-90b4-5377a244bdf7,a647912002f847a86ffca3cc027da118adec89a6a551a6632d52a63332622fab
QM5_10591,XAUUSD.DWX,12,2,ACTIVE_TIMEOUT | summary_missing_retries_exhausted,2026-07-29T12:18:03+00:00,True,QM5_10591_mql5-ozym,active,RECOVERABLE_MIXED_TRANSIENT,0b2e8803-4ba2-4b55-9053-81a901a127c7,0dd503bfd16af2b547a660f02306d098aad9dfd2f401a5ee452ef655fad07c80
QM5_10718,AUDCHF.DWX,12,3,cold_cache_retries_exhausted:BARS_ZERO | run_smoke_fail:ONINIT_FAILED;INCOMPLETE_RUNS | summary_missing_retries_exhausted,2026-07-28T08:56:28+00:00,True,QM5_10718_edgelab-regime-filtered-carry,active,RECOVERABLE_MIXED_TRANSIENT,05d3fd36-5876-4b1e-b3dd-af0ef265a12b,0f1ec072c7c91376755cdaca64949097f9bb64f58aabcca317efbde41d185b4e
QM5_10718,CADJPY.DWX,12,3,cold_cache_retries_exhausted:BARS_ZERO | run_smoke_fail:NO_HISTORY;INCOMPLETE_RUNS | summary_missing_retries_exhausted,2026-07-28T09:09:46+00:00,True,QM5_10718_edgelab-regime-filtered-carry,active,RECOVERABLE_MIXED_TRANSIENT,1bb97ebf-774d-46b1-8118-e97c4587a4f3,0f1ec072c7c91376755cdaca64949097f9bb64f58aabcca317efbde41d185b4e
QM5_10718,EURGBP.DWX,12,3,cold_cache_retries_exhausted:BARS_ZERO | run_smoke_fail:NO_HISTORY;INCOMPLETE_RUNS | summary_missing_retries_exhausted,2026-07-28T14:39:40+00:00,True,QM5_10718_edgelab-regime-filtered-carry,active,RECOVERABLE_MIXED_TRANSIENT,35a7c376-7393-4280-a348-26bc69b4856f,0f1ec072c7c91376755cdaca64949097f9bb64f58aabcca317efbde41d185b4e
QM5_10718,EURJPY.DWX,12,3,cold_cache_retries_exhausted:BARS_ZERO | run_smoke_fail:NO_HISTORY;INCOMPLETE_RUNS | summary_missing_retries_exhausted,2026-07-28T21:58:09+00:00,True,QM5_10718_edgelab-regime-filtered-carry,active,RECOVERABLE_MIXED_TRANSIENT,07c5e522-2ab6-420d-aea3-96f2f6f4dfb2,0f1ec072c7c91376755cdaca64949097f9bb64f58aabcca317efbde41d185b4e
QM5_10718,EURNZD.DWX,12,3,cold_cache_retries_exhausted:BARS_ZERO | run_smoke_fail:NO_HISTORY;INCOMPLETE_RUNS | summary_missing_retries_exhausted,2026-07-28T21:51:00+00:00,True,QM5_10718_edgelab-regime-filtered-carry,active,RECOVERABLE_MIXED_TRANSIENT,2186794f-30d2-4f13-8837-c49a08b2fb62,0f1ec072c7c91376755cdaca64949097f9bb64f58aabcca317efbde41d185b4e
QM5_10718,GBPCHF.DWX,12,3,cold_cache_retries_exhausted:BARS_ZERO | run_smoke_fail:NO_HISTORY;INCOMPLETE_RUNS | summary_missing_retries_exhausted,2026-07-28T16:59:12+00:00,True,QM5_10718_edgelab-regime-filtered-carry,active,RECOVERABLE_MIXED_TRANSIENT,00fd266c-f06b-466b-b388-366c6bb08b03,0f1ec072c7c91376755cdaca64949097f9bb64f58aabcca317efbde41d185b4e
QM5_10718,GBPJPY.DWX,12,3,cold_cache_retries_exhausted:BARS_ZERO | run_smoke_fail:NO_HISTORY;INCOMPLETE_RUNS | summary_missing_retries_exhausted,2026-07-28T23:51:25+00:00,True,QM5_10718_edgelab-regime-filtered-carry,active,RECOVERABLE_MIXED_TRANSIENT,1acf7591-3cd7-4b23-b8b8-06d273f9ba3c,0f1ec072c7c91376755cdaca64949097f9bb64f58aabcca317efbde41d185b4e
QM5_10718,NZDCHF.DWX,12,4,cold_cache_retries_exhausted:BARS_ZERO | run_smoke_fail:BARS_ZERO;INCOMPLETE_RUNS | run_smoke_fail:NO_HISTORY;INCOMPLETE_RUNS | summary_missing_retries_exhausted,2026-07-28T16:52:22+00:00,True,QM5_10718_edgelab-regime-filtered-carry,active,RECOVERABLE_MIXED_TRANSIENT,0c5d403e-b36c-43d1-a544-fa67e1c3d306,0f1ec072c7c91376755cdaca64949097f9bb64f58aabcca317efbde41d185b4e
QM5_10718,NZDJPY.DWX,12,3,ACTIVE_TIMEOUT | run_smoke_fail:NO_HISTORY;INCOMPLETE_RUNS | summary_missing_retries_exhausted,2026-07-29T12:18:03+00:00,True,QM5_10718_edgelab-regime-filtered-carry,active,RECOVERABLE_MIXED_TRANSIENT,2c3015cc-9d87-43dd-99ee-91123f89bd18,0f1ec072c7c91376755cdaca64949097f9bb64f58aabcca317efbde41d185b4e
QM5_10718,USDCAD.DWX,12,3,cold_cache_retries_exhausted:NO_HISTORY | run_smoke_fail:NO_HISTORY;INCOMPLETE_RUNS | summary_missing_retries_exhausted,2026-07-28T08:49:44+00:00,True,QM5_10718_edgelab-regime-filtered-carry,active,RECOVERABLE_MIXED_TRANSIENT,170ff7d9-c390-4933-b157-f3dcd798719f,0f1ec072c7c91376755cdaca64949097f9bb64f58aabcca317efbde41d185b4e
QM5_10907,EURUSD.DWX,12,3,ACTIVE_TIMEOUT | run_smoke_fail:ONINIT_FAILED;INCOMPLETE_RUNS | summary_missing_retries_exhausted,2026-07-29T12:18:03+00:00,True,QM5_10907_carter-ema60-pb,active,RECOVERABLE_MIXED_TRANSIENT,a012dfad-e627-4d1a-a40f-683864036a38,fe4990fc26a128e870c69cbf0023d05d7316bb52512e68992b28698364a49baf
QM5_11056,NDX.DWX,12,5, | ACTIVE_TIMEOUT | run_smoke_fail:NO_HISTORY;INCOMPLETE_RUNS | run_smoke_fail:ONINIT_FAILED;INCOMPLETE_RUNS | summary_missing_retries_exhausted,2026-08-07T17:14:13+00:00,True,QM5_11056_pst-normmom,active,RECOVERABLE_MIXED_TRANSIENT,090e3cdb-1e97-4d3c-ad56-daebf6ae2b5a,c9fe560e0d6165585dd6960c4a137a99fa4f3c3155f1172e1463552db52360f9
QM5_11100,AUDUSD.DWX,13,3,ACTIVE_TIMEOUT | run_smoke_fail:NO_HISTORY;INCOMPLETE_RUNS | summary_missing_retries_exhausted,2026-08-02T07:20:32+00:00,True,QM5_11100_csl-strength-cross,active,RECOVERABLE_MIXED_TRANSIENT,3047390b-7336-448a-a62d-93b86defe021,8364a9d4ffe47d2abb4ffba7d60eea42c9be2d2bd8e5887097164c8960b4efee
QM5_11145,GER40.DWX,12,2,run_smoke_fail:REPORT_MISSING;INCOMPLETE_RUNS | summary_missing_retries_exhausted,2026-06-25T15:31:16+00:00,True,QM5_11145_vbt-pair-z,active,RECOVERABLE_MIXED_TRANSIENT,1e550769-acdd-4b02-87c1-36560504d04a,40d3fb46de28a3f94993c8438d77c2d482db76b95a56296a9fd0cebe16ba2f1e
QM5_11147,FTSE100.DWX,12,2,run_smoke_fail:REPORT_MISSING;INCOMPLETE_RUNS | summary_missing_retries_exhausted,2026-06-25T12:39:47+00:00,True,QM5_11147_clenow-vam-rot,active,RECOVERABLE_MIXED_TRANSIENT,27cbab9d-0e29-4c13-9caa-39ff9d4c86d7,48371f5611e36a10440c798a758cf79b86a1a730ba54cfa8a4fb53594561af21
QM5_11147,GER40.DWX,12,2,run_smoke_fail:REPORT_MISSING;INCOMPLETE_RUNS | summary_missing_retries_exhausted,2026-06-25T13:03:55+00:00,True,QM5_11147_clenow-vam-rot,active,RECOVERABLE_MIXED_TRANSIENT,af578b68-ba7a-47f5-bd47-9dd1d35d6465,48371f5611e36a10440c798a758cf79b86a1a730ba54cfa8a4fb53594561af21
QM5_11232,EURUSD.DWX,12,4,cold_cache_retries_exhausted:NO_HISTORY | run_smoke_fail:NO_HISTORY;INCOMPLETE_RUNS | run_smoke_fail:ONINIT_FAILED;INCOMPLETE_RUNS | summary_missing_retries_exhausted,2026-07-31T15:31:33+00:00,True,QM5_11232_ft-tr-pullback,active,RECOVERABLE_MIXED_TRANSIENT,8c0f5a34-448e-4cf4-808d-13dde7895eb3,a74beb31f7b1276be1c5ecb369c12d3da8c0477467f7f9e9418fe29d79dd2eb5
QM5_11235,NDX.DWX,12,5, | cold_cache_retries_exhausted:BARS_ZERO | cold_cache_retries_exhausted:NO_HISTORY | run_smoke_fail:NO_HISTORY;INCOMPLETE_RUNS | summary_missing_retries_exhausted,2026-08-07T22:21:43+00:00,True,QM5_11235_ft-tr-emax,active,RECOVERABLE_MIXED_TRANSIENT,119e2522-3719-4553-a1c9-2c42f06c03f0,dc01cf2b89d35781569bae19e810c82cb165291068f65b86f8371a056219a184
QM5_11325,GBPUSD.DWX,12,1,run_smoke_fail:ONINIT_FAILED;INCOMPLETE_RUNS,2026-08-11T11:24:20+00:00,True,QM5_11325_tc-m5-9-ema50-100-macd-partial-exit,active,LIKELY_DEAD_DETERMINISTIC_ONINIT,955025a1-735c-4aec-b5dd-7f587147d9b2,2bf875d2a303fe36dbae9c8a51d85c9ae44bdbe28c8099c25a4a2596b8d6c171
QM5_11325,USDJPY.DWX,12,1,run_smoke_fail:ONINIT_FAILED;INCOMPLETE_RUNS,2026-08-11T07:05:26+00:00,True,QM5_11325_tc-m5-9-ema50-100-macd-partial-exit,active,LIKELY_DEAD_DETERMINISTIC_ONINIT,e763acba-f1cc-4911-8119-76a7a650241d,2bf875d2a303fe36dbae9c8a51d85c9ae44bdbe28c8099c25a4a2596b8d6c171
QM5_11353,AUDCHF.DWX,12,1,run_smoke_fail:ONINIT_FAILED;INCOMPLETE_RUNS,2026-07-28T15:07:53+00:00,True,QM5_11353_rbt-cci14-zone-cross-h1,active,LIKELY_DEAD_DETERMINISTIC_ONINIT,dda4325b-572a-4ae8-b796-14815bd5ac90,8d786847a22752c348277012fee71a95dd83894031565bc1ebc3c98861bdefa8
QM5_11353,AUDJPY.DWX,12,1,run_smoke_fail:ONINIT_FAILED;INCOMPLETE_RUNS,2026-07-28T16:24:01+00:00,True,QM5_11353_rbt-cci14-zone-cross-h1,active,LIKELY_DEAD_DETERMINISTIC_ONINIT,c2600156-a1d6-48b2-ac5b-909596c6b539,8d786847a22752c348277012fee71a95dd83894031565bc1ebc3c98861bdefa8
QM5_11353,AUDNZD.DWX,12,1,run_smoke_fail:ONINIT_FAILED;INCOMPLETE_RUNS,2026-07-28T16:00:16+00:00,True,QM5_11353_rbt-cci14-zone-cross-h1,active,LIKELY_DEAD_DETERMINISTIC_ONINIT,bbc12e4b-7681-406e-8533-faf84884c74f,8d786847a22752c348277012fee71a95dd83894031565bc1ebc3c98861bdefa8
QM5_11388,GBPUSD.DWX,12,1,run_smoke_fail:ONINIT_FAILED;INCOMPLETE_RUNS,2026-08-11T11:28:34+00:00,True,QM5_11388_russ-horn-golden-smma55-wpr55-stoch555,active,LIKELY_DEAD_DETERMINISTIC_ONINIT,53ba1a53-dda6-4c1a-a051-277f57054d65,331387bff5154b40200c5cd3d3520fa88bb5c2e4e9fb09d55c94cb9fca95c765
QM5_11388,USDJPY.DWX,12,1,run_smoke_fail:ONINIT_FAILED;INCOMPLETE_RUNS,2026-08-11T07:56:51+00:00,True,QM5_11388_russ-horn-golden-smma55-wpr55-stoch555,active,LIKELY_DEAD_DETERMINISTIC_ONINIT,30b11b5d-fa63-4771-91ce-d02282e71351,331387bff5154b40200c5cd3d3520fa88bb5c2e4e9fb09d55c94cb9fca95c765
QM5_11605,GBPUSD.DWX,12,3,ACTIVE_TIMEOUT | run_smoke_fail:NO_HISTORY;INCOMPLETE_RUNS | summary_missing_retries_exhausted,2026-07-29T12:18:03+00:00,True,QM5_11605_ar-supertrend,active,RECOVERABLE_MIXED_TRANSIENT,6714e1fe-252e-4de0-a82c-0144826906c3,ad78332e81b53f4b7e9cb43425e83ca06503d0b64ffc5fb58b1e6e7aea796277
QM5_11619,AUDUSD.DWX,12,2,run_smoke_fail:BARS_ZERO;ONINIT_FAILED;INCOMPLETE_RUNS | run_smoke_fail:ONINIT_FAILED;INCOMPLETE_RUNS,2026-08-02T16:17:17+00:00,True,QM5_11619_robo-psar01-ema6-11-34-h1,active,RECOVERABLE_MIXED_TRANSIENT,2321e54c-5f39-4842-b27b-931841c6090b,4af188afc102ed145dff707af06680e77fdaa23183f9ba19d6a29d12d4f4a603
QM5_11619,EURUSD.DWX,12,2,cold_cache_retries_exhausted:NO_HISTORY | run_smoke_fail:ONINIT_FAILED;INCOMPLETE_RUNS,2026-08-05T09:02:57+00:00,True,QM5_11619_robo-psar01-ema6-11-34-h1,active,RECOVERABLE_MIXED_TRANSIENT,7a25fdcb-494e-44cd-a534-065bc017c94b,4af188afc102ed145dff707af06680e77fdaa23183f9ba19d6a29d12d4f4a603
QM5_11619,GBPUSD.DWX,12,1,run_smoke_fail:ONINIT_FAILED;INCOMPLETE_RUNS,2026-08-02T16:17:25+00:00,True,QM5_11619_robo-psar01-ema6-11-34-h1,active,LIKELY_DEAD_DETERMINISTIC_ONINIT,cb6dee0a-ab14-4fca-b08a-14e8dbe90f40,4af188afc102ed145dff707af06680e77fdaa23183f9ba19d6a29d12d4f4a603
QM5_11625,NDX.DWX,15,4, | cold_cache_retries_exhausted:NO_HISTORY | run_smoke_fail:NO_HISTORY;INCOMPLETE_RUNS | summary_missing_retries_exhausted,2026-07-29T12:18:03+00:00,True,QM5_11625_ba-ema-dual,active,RECOVERABLE_MIXED_TRANSIENT,bdb0be61-b5ab-4ba3-8cc2-964a9f774a32,da9e3ecc9e89378c970821a1509a25ff3a513e58053e9c6918d2772a911e16bb
QM5_11673,GBPUSD.DWX,12,2, | summary_missing_retries_exhausted,2026-06-24T14:24:34+00:00,True,QM5_11673_tc-h1-s8-bb20-ema3-macd617-rsi,active,RECOVERABLE_MIXED_TRANSIENT,12b555b8-9156-4475-bd32-06a41d11cd14,e38e996643bb8323d83098b3e990a2ec2e1d73d04b3407ca8bccba1b5da7cc99
QM5_1194,SP500.DWX,14,3,LOG_BOMB | run_smoke_fail:NO_HISTORY;INCOMPLETE_RUNS | summary_missing_retries_exhausted,2026-07-20T07:21:54+00:00,True,QM5_1194_qp-stress-spx-composite,active,RECOVERABLE_MIXED_TRANSIENT,559f7cbc-a95a-44eb-b0a2-56abbc07cfe2,f10a4eb1c400ded04831fe4877fb87bfa0945de2ea7409309930d6f6ed802e76
QM5_1208,GER40.DWX,12,2,run_smoke_fail:REPORT_MISSING;INCOMPLETE_RUNS | summary_missing_retries_exhausted,2026-06-19T11:33:18+00:00,True,QM5_1208_carver-normmom,active,RECOVERABLE_MIXED_TRANSIENT,2ceeccc7-1020-41b3-9674-28ddbc1f849a,e9699957c5f643eeb26acc6d3f74000429d40c13da267212b311cc90bc2cc2fc
QM5_1225,AUDUSD.DWX,12,2,summary_missing | summary_missing_retries_exhausted,2026-06-24T21:15:01+00:00,True,QM5_1225_dahlquist-fx-econmom,active,RECOVERABLE_MIXED_TRANSIENT,3dda93b2-80be-48f3-8a10-5cdf0a5a4bf2,0d46edad1454e1c99bbc7b12ac9a1ec30817d7e728722155fb7c382d087c50ad
QM5_1225,NZDUSD.DWX,12,2,summary_missing | summary_missing_retries_exhausted,2026-06-24T21:03:51+00:00,True,QM5_1225_dahlquist-fx-econmom,active,RECOVERABLE_MIXED_TRANSIENT,3eacd6d8-22b2-4617-b1eb-4b34e9e5c0cf,0d46edad1454e1c99bbc7b12ac9a1ec30817d7e728722155fb7c382d087c50ad
QM5_1229,EURCAD.DWX,13,2,cold_cache_retries_exhausted:BARS_ZERO | summary_missing_retries_exhausted,2026-07-28T16:02:26+00:00,True,QM5_1229_carver-statevol,active,RECOVERABLE_MIXED_TRANSIENT,4bbd64fb-0a5c-4749-8a8e-72f7ff100659,a1cb81c11a932a1f3f5f00f1af7a32952466d26fcbf3ff31434a4cc22256eda1
QM5_1229,EURCHF.DWX,13,2,cold_cache_retries_exhausted:BARS_ZERO | summary_missing_retries_exhausted,2026-07-28T14:41:44+00:00,True,QM5_1229_carver-statevol,active,RECOVERABLE_MIXED_TRANSIENT,8870ee05-fbc6-4bc2-a721-b3cba2a334c5,a1cb81c11a932a1f3f5f00f1af7a32952466d26fcbf3ff31434a4cc22256eda1
QM5_1229,EURJPY.DWX,13,2,cold_cache_retries_exhausted:BARS_ZERO | summary_missing_retries_exhausted,2026-07-28T15:38:39+00:00,True,QM5_1229_carver-statevol,active,RECOVERABLE_MIXED_TRANSIENT,56a2ef41-095b-49c3-904a-7b0386019cc1,a1cb81c11a932a1f3f5f00f1af7a32952466d26fcbf3ff31434a4cc22256eda1
QM5_1231,FRA40.DWX,12,3, | summary_missing | summary_missing_retries_exhausted,2026-06-24T21:08:19+00:00,True,QM5_1231_carver-pca-alpha,active,RECOVERABLE_MIXED_TRANSIENT,d622938c-ff7a-4505-9f5b-6994a56d9697,d3de676c33f8fb117ccbe11f1e4ffaf908dfeeccc4d421ea99ed8190172c44ca
QM5_12356,NDX.DWX,15,5, | cold_cache_retries_exhausted:NO_HISTORY | run_smoke_fail:NO_HISTORY;INCOMPLETE_RUNS | run_smoke_fail:ONINIT_FAILED;INCOMPLETE_RUNS | summary_missing_retries_exhausted,2026-08-07T23:29:57+00:00,True,QM5_12356_orev-ma-break,active,RECOVERABLE_MIXED_TRANSIENT,8a9af591-82c0-4dfb-9bfe-6a7fe3ad8031,bdbeda2474a7c54e8bd408790087f3a6e1f3aa3ca02c45473fdfa9bb075e36e4
QM5_12430,XAUUSD.DWX,12,2,run_smoke_fail:BARS_ZERO;ONINIT_FAILED;INCOMPLETE_RUNS | run_smoke_fail:ONINIT_FAILED;INCOMPLETE_RUNS,2026-08-11T20:25:23+00:00,True,QM5_12430_ea31337-stoch,active,RECOVERABLE_MIXED_TRANSIENT,7cd5de5d-cc5e-48f6-8257-e9dbade10230,c95a74aefef7e3f632cc40797842a1bc886d79cc3ebecde6480cb478c4fd6560
QM5_12435,XAUUSD.DWX,12,1,run_smoke_fail:ONINIT_FAILED;INCOMPLETE_RUNS,2026-08-11T20:30:16+00:00,True,QM5_12435_ea31337-cci,active,LIKELY_DEAD_DETERMINISTIC_ONINIT,5582cd68-52b2-408c-8f0c-685f5df8c5bd,55a4dee833b7ea9e8eef6998ae7c3c9d6a04ebe2bdc6e28bbe0f86139a17024d
QM5_12436,XAUUSD.DWX,12,1,run_smoke_fail:ONINIT_FAILED;INCOMPLETE_RUNS,2026-08-11T22:19:34+00:00,True,QM5_12436_ea31337-wpr,active,LIKELY_DEAD_DETERMINISTIC_ONINIT,3391cc7d-0115-4a7a-8416-01d1aa37928f,001a02c6c5d2e199c6d06e72631c99a470c0f82b915b7bd597acf9f615634b85
QM5_12486,GBPUSD.DWX,12,4,ACTIVE_TIMEOUT | run_smoke_fail:TIMEOUT;INCOMPLETE_RUNS | setfile_missing | summary_missing_retries_exhausted,2026-08-11T15:34:27+00:00,True,QM5_12486_shv-supertrend,active,RECOVERABLE_MIXED_TRANSIENT,11abcc49-c00f-482b-b1ca-4428c3a03972,1914888fa9340346209655c547dcd766c6cb92cd4d054c3827482fe117a73fbc
QM5_12538,AUDUSD.DWX,12,4,ACTIVE_TIMEOUT | run_smoke_fail:NO_HISTORY;INCOMPLETE_RUNS | run_smoke_fail:REPORT_MISSING;INCOMPLETE_RUNS | summary_missing_retries_exhausted,2026-08-07T22:24:57+00:00,True,QM5_12538_nnfx-canonical-stack2-st-vortex,active,RECOVERABLE_MIXED_TRANSIENT,dc02c52b-02ee-48e4-900e-5aee594273f3,0157749c0fc7e8ead324238468b2489b45b641f32e5a2b24be25dff300f4cd20
QM5_12538,GBPUSD.DWX,12,3,ACTIVE_TIMEOUT | run_smoke_fail:NO_HISTORY;INCOMPLETE_RUNS | summary_missing_retries_exhausted,2026-08-07T11:40:12+00:00,True,QM5_12538_nnfx-canonical-stack2-st-vortex,active,RECOVERABLE_MIXED_TRANSIENT,6f60d222-18e0-4990-9397-dd2d27948079,0157749c0fc7e8ead324238468b2489b45b641f32e5a2b24be25dff300f4cd20
QM5_12538,NZDUSD.DWX,12,5,ACTIVE_TIMEOUT | run_smoke_fail:NO_HISTORY;INCOMPLETE_RUNS | run_smoke_fail:ONINIT_FAILED;INCOMPLETE_RUNS | run_smoke_fail:REPORT_MISSING;METATESTER_HUNG;INCOMPLETE_RUNS | summary_missing_retries_exhausted,2026-08-08T21:19:36+00:00,True,QM5_12538_nnfx-canonical-stack2-st-vortex,active,RECOVERABLE_MIXED_TRANSIENT,2947c1a1-3019-465a-ba0c-8e76f2c5aa00,0157749c0fc7e8ead324238468b2489b45b641f32e5a2b24be25dff300f4cd20
QM5_12538,USDCAD.DWX,12,4,ACTIVE_TIMEOUT | run_smoke_fail:NO_HISTORY;INCOMPLETE_RUNS | run_smoke_fail:REPORT_MISSING;METATESTER_HUNG;INCOMPLETE_RUNS | summary_missing_retries_exhausted,2026-08-10T11:31:44+00:00,True,QM5_12538_nnfx-canonical-stack2-st-vortex,active,RECOVERABLE_MIXED_TRANSIENT,58623ee1-0a6e-4364-a3db-671642ee1b77,0157749c0fc7e8ead324238468b2489b45b641f32e5a2b24be25dff300f4cd20
QM5_12538,USDCHF.DWX,12,4,ACTIVE_TIMEOUT | run_smoke_fail:NO_HISTORY;INCOMPLETE_RUNS | run_smoke_fail:REPORT_MISSING;METATESTER_HUNG;INCOMPLETE_RUNS | summary_missing_retries_exhausted,2026-08-08T21:19:36+00:00,True,QM5_12538_nnfx-canonical-stack2-st-vortex,active,RECOVERABLE_MIXED_TRANSIENT,a0b28a46-8581-4a37-a379-441595559dc5,0157749c0fc7e8ead324238468b2489b45b641f32e5a2b24be25dff300f4cd20
QM5_12538,USDJPY.DWX,12,4,ACTIVE_TIMEOUT | run_smoke_fail:NO_HISTORY;INCOMPLETE_RUNS | run_smoke_fail:REPORT_MISSING;METATESTER_HUNG;INCOMPLETE_RUNS | summary_missing_retries_exhausted,2026-08-06T00:51:18+00:00,True,QM5_12538_nnfx-canonical-stack2-st-vortex,active,RECOVERABLE_MIXED_TRANSIENT,97e5b05f-8367-4c15-ad8a-7c81f9ddea39,0157749c0fc7e8ead324238468b2489b45b641f32e5a2b24be25dff300f4cd20
QM5_12582,XNGUSD.DWX,12,3,run_smoke_fail:ONINIT_FAILED;INCOMPLETE_RUNS | shared_bases_history_lock_transient_cap_exhausted | summary_missing_retries_exhausted,2026-07-28T16:54:59+00:00,True,QM5_12582_chan-ng-spring,active,RECOVERABLE_MIXED_TRANSIENT,028d4e54-7a7b-4a8f-b47b-29fa1e826841,c6d66c602ce572cea369b92353aba0c6a814476733dbf536e9c3db1673786974
QM5_12705,XNGUSD.DWX,12,2,run_smoke_fail:ONINIT_FAILED;INCOMPLETE_RUNS | shared_bases_history_lock_transient_cap_exhausted,2026-07-28T17:14:11+00:00,True,QM5_12705_xngusd-fall-storage-short,active,RECOVERABLE_MIXED_TRANSIENT,a8f560a0-f4e7-45d3-a7fd-3e4f0363a96e,281a558da6554c4a768c78855ad542ce02b863c1d61febd0b565c56af7be16b2
QM5_12972,GDAXI.DWX,12,2,run_smoke_fail:BARS_ZERO;ONINIT_FAILED;INCOMPLETE_RUNS | run_smoke_fail:ONINIT_FAILED;INCOMPLETE_RUNS,2026-08-10T13:59:12+00:00,True,QM5_12972_gdaxi-pre-ecb-drift,active,RECOVERABLE_MIXED_TRANSIENT,fd340c0a-2144-4fb6-a305-397d025d6f40,9cb4d826b8ef0beb37fa90ce037321691ddf7a8149b702c2d8fc6aa30f7ecd8e
QM5_12975,NDX.DWX,12,3, | ACTIVE_TIMEOUT | cold_cache_retries_exhausted:NO_HISTORY,2026-08-04T20:50:53+00:00,True,QM5_12975_ehlers-pma-triple-swing,active,RECOVERABLE_MIXED_TRANSIENT,676c2c4a-1068-433c-80b9-802a7a1a63d1,151ea7b5aa238b472f33c270f4d3cef7761b2d4d239f653dd7c6806cbeca54d2
QM5_12997,XNGUSD.DWX,12,2,run_smoke_fail:ONINIT_FAILED;INCOMPLETE_RUNS | shared_bases_history_lock_transient_cap_exhausted,2026-07-28T17:04:55+00:00,True,QM5_12997_xng-rig-fri-mom,active,RECOVERABLE_MIXED_TRANSIENT,23b7ed51-bff7-4a16-9400-04f64af30014,865a25dd43ab6ce542bb1c74916ec93836aaa24017ca9952ca16f37eb63fee05
QM5_13037,XNGUSD.DWX,12,2,run_smoke_fail:ONINIT_FAILED;INCOMPLETE_RUNS | shared_bases_history_lock_transient_cap_exhausted,2026-07-28T17:23:49+00:00,True,QM5_13037_xng-prod-brk,active,RECOVERABLE_MIXED_TRANSIENT,bc7e341b-9473-4e5b-a263-9f0ba1fc2b8c,ec34ca5cbaadf37ebd2f9931f14af02d1366a12a6cfeac54ffb0c16a30c81da1
QM5_13212,SP500.DWX,12,4,run_smoke_fail:BARS_ZERO;INCOMPLETE_RUNS | run_smoke_fail:ONINIT_FAILED;INCOMPLETE_RUNS | shared_bases_history_lock_transient_cap_exhausted | summary_missing_retries_exhausted,2026-07-29T12:18:03+00:00,True,QM5_13212_mulham-us500-org,active,RECOVERABLE_MIXED_TRANSIENT,13d97397-67c7-495b-b884-164c9812e218,a227a820e4b69cbb24d46f69613f5980ac4d99cf1a29b190239fc9a83f1d9cae
QM5_1383,NDX.DWX,12,5, | ACTIVE_TIMEOUT | P2_PRESCREEN_run_smoke_fail:MIN_TRADES_NOT_MET | run_smoke_fail:NO_HISTORY;INCOMPLETE_RUNS | summary_missing_retries_exhausted,2026-08-07T14:45:39+00:00,True,QM5_1383_wave59-quickstrike-gann-h4,active,RECOVERABLE_MIXED_TRANSIENT,9210ba34-23f8-419b-bced-bd47a0d25aff,21b3ce37dc9461f9c7a144cfa018048275439dd3550fe83fac63afa4d26d4f6f
QM5_1536,XAGUSD.DWX,12,2,run_smoke_fail:ONINIT_FAILED;INCOMPLETE_RUNS | summary_missing_retries_exhausted,2026-07-29T12:18:03+00:00,True,QM5_1536_aa-mrat-21-200,active,RECOVERABLE_MIXED_TRANSIENT,9d490b6b-5c11-4ed7-a5a4-e0d3b95e59df,74e8304eca1bf0618a45200af596b2bec7bf9524605707eccc0b6fc26323f116
QM5_1560,SP500.DWX,12,1,run_smoke_fail:LOG_BOMB;INCOMPLETE_RUNS,2026-07-28T17:03:53+00:00,True,QM5_1560_aa-zak-macd-3-12-6,active,LIKELY_DEAD_DETERMINISTIC_SINGLE_REASON,ffbd3c6f-d355-45ce-91f0-c9a81c0399ca,7570d3226923f5efb09aba9269e5f749c7113b584ca7400b52ef68a47dc0e130
QM5_1560,WS30.DWX,12,1,run_smoke_fail:LOG_BOMB;INCOMPLETE_RUNS,2026-07-28T16:26:23+00:00,True,QM5_1560_aa-zak-macd-3-12-6,active,LIKELY_DEAD_DETERMINISTIC_SINGLE_REASON,7d2d3966-d16b-44fa-9d04-2d866a97dd0a,7570d3226923f5efb09aba9269e5f749c7113b584ca7400b52ef68a47dc0e130
QM5_1626,NDX.DWX,12,1,run_smoke_fail:ONINIT_FAILED;INCOMPLETE_RUNS,2026-08-11T17:56:57+00:00,True,QM5_1626_hopwood-bermaui-stoch-h4,active,LIKELY_DEAD_DETERMINISTIC_ONINIT,9d42d3a5-f98c-4315-a297-a138a25afc9d,787e0b05c68e63e2cf4961dac1445caa251dd29a36752ab4b8bf15a1f6e0a22c
QM5_1626,XAUUSD.DWX,12,1,run_smoke_fail:ONINIT_FAILED;INCOMPLETE_RUNS,2026-08-11T22:23:17+00:00,True,QM5_1626_hopwood-bermaui-stoch-h4,active,LIKELY_DEAD_DETERMINISTIC_ONINIT,04e0f1df-a76b-4b70-878b-ea2ee59ecae6,787e0b05c68e63e2cf4961dac1445caa251dd29a36752ab4b8bf15a1f6e0a22c
QM5_1642,GDAXI.DWX,12,4,cold_cache_retries_exhausted:BARS_ZERO | run_smoke_fail:BARS_ZERO;INCOMPLETE_RUNS | run_smoke_fail:LOG_BOMB;INCOMPLETE_RUNS | summary_missing_retries_exhausted,2026-07-28T08:26:27+00:00,True,QM5_1642_aa-xasset-xmom-third,active,RECOVERABLE_MIXED_TRANSIENT,7e16a8be-7014-4e89-a8a3-63b3264029b8,ada03e8548298af271b67759523674951338d73a7d119ae1a2a2339427774882
QM5_1800,NDX.DWX,12,4, | cold_cache_retries_exhausted:NO_HISTORY | run_smoke_fail:NO_HISTORY;INCOMPLETE_RUNS | summary_missing_retries_exhausted,2026-08-07T16:33:50+00:00,True,QM5_1800_chande-vidya-cross-h4,active,RECOVERABLE_MIXED_TRANSIENT,fb41ff7f-85ac-4a8d-b602-56bd42f7a505,8d73ec0f45d2d3f1edfc48d4c6b2b27c29cf4555f15f3e020b0fde084ecc5c51
QM5_20073,XAUUSD.DWX,12,1,run_smoke_fail:ONINIT_FAILED;INCOMPLETE_RUNS,2026-08-11T22:26:03+00:00,True,QM5_20073_pip-hunter-heiken-ashi-r1-recovery,active,LIKELY_DEAD_DETERMINISTIC_ONINIT,abb01855-75d6-4322-a39c-86cffe574961,04bd3445580f18b4e7fca82984fb7511e75214fe9002b6b51b3329f2320dcbca
QM5_20143,EURUSD.DWX,12,4,ACTIVE_TIMEOUT | cold_cache_retries_exhausted:NO_HISTORY | run_smoke_fail:NO_HISTORY;ONINIT_FAILED;INCOMPLETE_RUNS | run_smoke_fail:ONINIT_FAILED;INCOMPLETE_RUNS,2026-08-05T07:09:21+00:00,True,QM5_20143_macd-bb-campaign-m5,active,RECOVERABLE_MIXED_TRANSIENT,57af5db0-b07d-4288-a8da-a6bffd08efed,32be593045e544aa1c462993af5aae97e55a98c12b1a26a717719d85c5ccb470
QM5_20143,GBPUSD.DWX,13,2,run_smoke_fail:NO_HISTORY;ONINIT_FAILED;INCOMPLETE_RUNS | run_smoke_fail:ONINIT_FAILED;INCOMPLETE_RUNS,2026-08-01T01:20:31+00:00,True,QM5_20143_macd-bb-campaign-m5,active,RECOVERABLE_MIXED_TRANSIENT,97c83ebb-2290-4d75-916a-db0ce34d85ab,32be593045e544aa1c462993af5aae97e55a98c12b1a26a717719d85c5ccb470
QM5_20144,USDCHF.DWX,12,1,run_smoke_fail:ONINIT_FAILED;INCOMPLETE_RUNS,2026-07-28T22:55:26+00:00,True,QM5_20144_ichimoku-atr-cloud-d1,active,LIKELY_DEAD_DETERMINISTIC_ONINIT,c0d0e446-29c7-4193-8aa8-54e279f8a041,cf823cbb71c08b08090c6fc1eb7efc95fffdd5c2eb33ed676affdbd79cb6620c
QM5_9940,GBPJPY.DWX,12,3,run_smoke_fail:BARS_ZERO;TIMEOUT;METATESTER_HUNG;INCOMPLETE_RUNS | run_smoke_fail:TIMEOUT;METATESTER_HUNG;INCOMPLETE_RUNS | summary_missing_retries_exhausted,2026-08-07T00:34:31+00:00,True,QM5_9940_ff-ha-ma-fractal-h1,active,RECOVERABLE_MIXED_TRANSIENT,4003e1f9-c0b6-4cec-83d3-bc1f6b3b7740,6e5e7a6920506153a96c0467de8db25554bdf2835a98678fcd21df8763e35d32
QM5_9940,USDJPY.DWX,12,2,run_smoke_fail:TIMEOUT;METATESTER_HUNG;INCOMPLETE_RUNS | summary_missing_retries_exhausted,2026-08-03T00:29:33+00:00,True,QM5_9940_ff-ha-ma-fractal-h1,active,RECOVERABLE_MIXED_TRANSIENT,b40023ea-eb15-436e-a53c-0a3159b1b282,6e5e7a6920506153a96c0467de8db25554bdf2835a98678fcd21df8763e35d32
