work_item_id,ea_id,ea_label,work_item_status,work_item_verdict,work_item_created_at,hold_code,bound_mq5_sha256,current_mq5_sha256,source_path,successor_work_item_id,successor_status,successor_verdict,successor_created_at,classification,action
04d0ec0c-dc35-4f7f-b1f8-7c73a3cefbd8,QM5_1612,QM5_1612_aa-dsp-hplwma10,failed,INVALID,2026-08-21T19:33:17+00:00,COMPILE_EA_WORKER_ROLLOUT_PENDING,be34c1f732107e83ff3151d085b8e62a2ae95eae0e0fce94c3e0f2699a73d0a3,a875de301a1fa8dbb36419e971270626a15fb430341396c7d09e8092424bbf8a,C:\QM\repo\framework\EAs\QM5_1612_aa-dsp-hplwma10\QM5_1612_aa-dsp-hplwma10.mq5,,,,,ROLLOUT_PREDECESSOR_NO_CURRENT_SUCCESSOR,ENQUEUE_CURRENT_SOURCE_SUCCESSOR
0c97cf91-ae80-41c0-95b9-1dc16df99e11,QM5_1345,QM5_1345_chan-cot-spec-momo,failed,INVALID,2026-08-21T19:33:17+00:00,COMPILE_EA_WORKER_ROLLOUT_PENDING,28e96316281f49a376e2e1edf3a21f9dc5cafdd39906423a4743fee5a7b4475c,99cf42d0a60d3857be1189c14429b9f71649b7f512851add410016de37b94dbf,C:\QM\repo\framework\EAs\QM5_1345_chan-cot-spec-momo\QM5_1345_chan-cot-spec-momo.mq5,,,,,ROLLOUT_PREDECESSOR_NO_CURRENT_SUCCESSOR,ENQUEUE_CURRENT_SOURCE_SUCCESSOR
0cd87495-72f1-4fd8-bb04-bcd6d45f4c09,QM5_9933,QM5_9933_bandy-choppiness-index-sideways-rsi2-mr-index,failed,INVALID,2026-08-21T19:33:17+00:00,COMPILE_EA_WORKER_ROLLOUT_PENDING,e0c77eeff12f155c925111d5114ba1e5be12993f3003ee8e7cfb487c07615f99,1136450b351d39bb4b7e432483d4244e23a0b6e88e3ad77bf4e70770acd4dcf8,C:\QM\repo\framework\EAs\QM5_9933_bandy-choppiness-index-sideways-rsi2-mr-index\QM5_9933_bandy-choppiness-index-sideways-rsi2-mr-index.mq5,,,,,ROLLOUT_PREDECESSOR_NO_CURRENT_SUCCESSOR,ENQUEUE_CURRENT_SOURCE_SUCCESSOR
1229455a-5042-4dc5-8016-e170bb532249,QM5_9718,QM5_9718_bandy-cumulative-rsi2-mr-index,failed,INVALID,2026-08-21T19:33:17+00:00,COMPILE_EA_WORKER_ROLLOUT_PENDING,7ed171acf4a12cde403f08a39f2e549377bafcba6b356502fbc3dca756ba033e,a1f3e7c8c89e9493ee90575f38c32825127d01afc6f5c4a126a68f12014afacb,C:\QM\repo\framework\EAs\QM5_9718_bandy-cumulative-rsi2-mr-index\QM5_9718_bandy-cumulative-rsi2-mr-index.mq5,,,,,ROLLOUT_PREDECESSOR_NO_CURRENT_SUCCESSOR,ENQUEUE_CURRENT_SOURCE_SUCCESSOR
13c40b41-4c0b-4a89-8bf6-413c65242709,QM5_11291,QM5_11291_tc20-ema18-28-wma5-12-rsi21-h1,failed,INVALID,2026-08-21T19:33:17+00:00,COMPILE_EA_WORKER_ROLLOUT_PENDING,430df6a52ca6bece9aeae08d6b81d8db43486f72f5af2c3e46f2c02c6c038fb6,d03f5e8cb8231072953ce3b5f3055028de1c1196161aa432d039a5722ca1c1c5,C:\QM\repo\framework\EAs\QM5_11291_tc20-ema18-28-wma5-12-rsi21-h1\QM5_11291_tc20-ema18-28-wma5-12-rsi21-h1.mq5,,,,,ROLLOUT_PREDECESSOR_NO_CURRENT_SUCCESSOR,ENQUEUE_CURRENT_SOURCE_SUCCESSOR
15e9cd6e-b6b5-4638-ab7c-349e164adc5c,QM5_30006,QM5_30006_adx-ma-trend-grid-dark-kronos,failed,INVALID,2026-08-21T19:33:17+00:00,COMPILE_EA_WORKER_ROLLOUT_PENDING,3d9e4f55662c4a1140fb40d567c2df5c8fc009ca22010c5caf657e697924aeb3,3d9e4f55662c4a1140fb40d567c2df5c8fc009ca22010c5caf657e697924aeb3,C:\QM\repo\framework\EAs\QM5_30006_adx-ma-trend-grid-dark-kronos\QM5_30006_adx-ma-trend-grid-dark-kronos.mq5,17dfb510-5c5a-49ab-a2ba-c7a94f032f6a,failed,COMPILE_FAIL,2026-08-22T05:23:59.194007+00:00,ROLLOUT_PREDECESSOR_CURRENT_SUCCESSOR_EXISTS,SUPERSEDE_AND_CLOSE_PREDECESSOR_HOLD
19fc353a-a646-43c8-b49c-2d30e613ea0c,QM5_11517,QM5_11517_carter-t-ema5-15-50-100-macd-h4,failed,INVALID,2026-08-21T19:33:17+00:00,COMPILE_EA_WORKER_ROLLOUT_PENDING,25af9603bb465b734edf2672b659a083b8bb2f5aa16295470a9ed6abb940452c,860b44ac1743654f9f93fd5eb446aae6573d268c8ca29f017b083e9c599994bc,C:\QM\repo\framework\EAs\QM5_11517_carter-t-ema5-15-50-100-macd-h4\QM5_11517_carter-t-ema5-15-50-100-macd-h4.mq5,,,,,ROLLOUT_PREDECESSOR_NO_CURRENT_SUCCESSOR,ENQUEUE_CURRENT_SOURCE_SUCCESSOR
1ad02128-7a74-480f-b5fa-281fe85b5173,QM5_9908,QM5_9908_bandy-psar-flip-trend,failed,INVALID,2026-08-21T19:33:17+00:00,COMPILE_EA_WORKER_ROLLOUT_PENDING,4eba4c8d73ebd02166e6d4183ca5d038845654f65518ac533d55a700c17db44e,55593f9475a8d73cf0e863c4f5f10a38ec51151db533bc0acf739041aae0cddb,C:\QM\repo\framework\EAs\QM5_9908_bandy-psar-flip-trend\QM5_9908_bandy-psar-flip-trend.mq5,,,,,ROLLOUT_PREDECESSOR_NO_CURRENT_SUCCESSOR,ENQUEUE_CURRENT_SOURCE_SUCCESSOR
1ae1b96c-9a40-4d54-8db5-c112780702e7,QM5_11516,QM5_11516_carter-t-sma7-21-cci5-m15,failed,INVALID,2026-08-21T19:33:17+00:00,COMPILE_EA_WORKER_ROLLOUT_PENDING,2db0313d7d3f14498616bcd2c3fa00c53628fad2ac77bd343367e877b0962c52,931a1646e0608b615cdfe189e5a43ab2e46d7fd279e083c2df3db62b3f739d7b,C:\QM\repo\framework\EAs\QM5_11516_carter-t-sma7-21-cci5-m15\QM5_11516_carter-t-sma7-21-cci5-m15.mq5,,,,,ROLLOUT_PREDECESSOR_NO_CURRENT_SUCCESSOR,ENQUEUE_CURRENT_SOURCE_SUCCESSOR
1da055cc-7762-42e1-b110-7d920e1c7d10,QM5_1607,QM5_1607_aa-mom-tol-band,failed,INVALID,2026-08-21T19:33:17+00:00,COMPILE_EA_WORKER_ROLLOUT_PENDING,3d8c8ac29b33b1e9f681e431d2f803e63a4d1bedfb08a4524874efbbe3374a80,9a66c131b68f17dbe388e8299dc973b6975a6b235d91da32e595f8e89d88a19a,C:\QM\repo\framework\EAs\QM5_1607_aa-mom-tol-band\QM5_1607_aa-mom-tol-band.mq5,,,,,ROLLOUT_PREDECESSOR_NO_CURRENT_SUCCESSOR,ENQUEUE_CURRENT_SOURCE_SUCCESSOR
1eadbb57-0fd7-420a-8477-89c2939a797c,QM5_1606,QM5_1606_aa-gvmt-robust,failed,INVALID,2026-08-21T19:33:17+00:00,COMPILE_EA_WORKER_ROLLOUT_PENDING,ef729779e1d346ffbd9ef015184dc212c392048411806ba8edc5d1c2127060e3,c19d4ff735c6ae7b386f1c5ab5342bb14ebae09474fb9a27795a2b823fa49c87,C:\QM\repo\framework\EAs\QM5_1606_aa-gvmt-robust\QM5_1606_aa-gvmt-robust.mq5,,,,,ROLLOUT_PREDECESSOR_NO_CURRENT_SUCCESSOR,ENQUEUE_CURRENT_SOURCE_SUCCESSOR
23250d90-8c2b-48b9-8890-7b6a8daf1bde,QM5_9468,QM5_9468_connors-rsi4-3day-d1,failed,INVALID,2026-08-21T19:33:17+00:00,COMPILE_EA_WORKER_ROLLOUT_PENDING,464f77b452a08a146b06c8f0ceb3d7f48cedc0d1e56c05b222270ddf1b2acb6c,906930c7ac293d3fe673157b9a69e89727f61e16e3da50e5e40dd4921d40a1f5,C:\QM\repo\framework\EAs\QM5_9468_connors-rsi4-3day-d1\QM5_9468_connors-rsi4-3day-d1.mq5,,,,,ROLLOUT_PREDECESSOR_NO_CURRENT_SUCCESSOR,ENQUEUE_CURRENT_SOURCE_SUCCESSOR
24a0ece2-3637-4565-b739-23cb040911c4,QM5_11518,QM5_11518_carter-t-ema5-100-mtf-m15-h1,failed,INVALID,2026-08-21T19:33:17+00:00,COMPILE_EA_WORKER_ROLLOUT_PENDING,ffe2291f68eb5a9a4981729ce3607d9fa46e4ba9656849ccdacdba69d57c3203,c940168bb8d46c8f5ffcbec9b420ed64c65f2308e1a6ca47e999836679f52583,C:\QM\repo\framework\EAs\QM5_11518_carter-t-ema5-100-mtf-m15-h1\QM5_11518_carter-t-ema5-100-mtf-m15-h1.mq5,,,,,ROLLOUT_PREDECESSOR_NO_CURRENT_SUCCESSOR,ENQUEUE_CURRENT_SOURCE_SUCCESSOR
27639a02-2f41-4186-9eae-ea74b9aa398b,QM5_9924,QM5_9924_bandy-dema-crossover-trend,failed,INVALID,2026-08-21T19:33:17+00:00,COMPILE_EA_WORKER_ROLLOUT_PENDING,6ba95b7b76b3b09f259b074289563393725f3f5574754fb76e39d6d779bf6b36,387a6779b153f4bb107cefe3d4126a3737a5afeb84d15446ab14770a314342b1,C:\QM\repo\framework\EAs\QM5_9924_bandy-dema-crossover-trend\QM5_9924_bandy-dema-crossover-trend.mq5,,,,,ROLLOUT_PREDECESSOR_NO_CURRENT_SUCCESSOR,ENQUEUE_CURRENT_SOURCE_SUCCESSOR
2ef85cd7-f24b-407a-ae92-2fe2080dd5b5,QM5_1613,QM5_1613_aa-dsp-atsmom,failed,INVALID,2026-08-21T19:33:17+00:00,COMPILE_EA_WORKER_ROLLOUT_PENDING,db5a1d8db8941d6acf45bed6949d0c5b02964875c1b9a466f6f4bb0eafcbb8c7,fa9ebc4d5f97425e2916c1b2386fba878f7a8c31be49a7f44e5657c5fdc4cafb,C:\QM\repo\framework\EAs\QM5_1613_aa-dsp-atsmom\QM5_1613_aa-dsp-atsmom.mq5,,,,,ROLLOUT_PREDECESSOR_NO_CURRENT_SUCCESSOR,ENQUEUE_CURRENT_SOURCE_SUCCESSOR
335aa087-735d-432b-9fd7-7f7f6ce7e5aa,QM5_1617,QM5_1617_mql5-sar-sma-rapid,failed,INVALID,2026-08-21T19:33:17+00:00,COMPILE_EA_WORKER_ROLLOUT_PENDING,038e41d571cc8f0e7b8ce3ac1f34f0e7c3bc5d698b70cce9c5d7081e597cf6af,09b433e6ec4bc5bcc793a903ffc2370f7f8699e58e63d7545101b85799ffbc61,C:\QM\repo\framework\EAs\QM5_1617_mql5-sar-sma-rapid\QM5_1617_mql5-sar-sma-rapid.mq5,,,,,ROLLOUT_PREDECESSOR_NO_CURRENT_SUCCESSOR,ENQUEUE_CURRENT_SOURCE_SUCCESSOR
3471137d-72ed-4f5e-ab16-fe16ff241578,QM5_1583,QM5_1583_aa-sma10-tr4-risk,failed,INVALID,2026-08-21T19:33:17+00:00,COMPILE_EA_WORKER_ROLLOUT_PENDING,873688d8bcc404d0f8b980aa75ade67e9ba3a3d7d500c1f9e4e98cd3e3c7e185,80dcf9e348e680b19986d4ca1b43ca6511ab03928ea47e5e32d5e6e14672fed0,C:\QM\repo\framework\EAs\QM5_1583_aa-sma10-tr4-risk\QM5_1583_aa-sma10-tr4-risk.mq5,,,,,ROLLOUT_PREDECESSOR_NO_CURRENT_SUCCESSOR,ENQUEUE_CURRENT_SOURCE_SUCCESSOR
3a50e5da-dcb5-4f78-ba76-ffbcdb9bcf5d,QM5_9467,QM5_9467_connors-crsi-pullback-d1,failed,INVALID,2026-08-21T19:33:17+00:00,COMPILE_EA_WORKER_ROLLOUT_PENDING,5f2cfd1976d027352b01c1e1213a821900599677cb5dacfab03c75b2184f4db4,d8f342298f97d87779ea8de8bc280148485828d3a01c6bac8d81495f715a8f2b,C:\QM\repo\framework\EAs\QM5_9467_connors-crsi-pullback-d1\QM5_9467_connors-crsi-pullback-d1.mq5,,,,,ROLLOUT_PREDECESSOR_NO_CURRENT_SUCCESSOR,ENQUEUE_CURRENT_SOURCE_SUCCESSOR
42edbc15-5fb0-4afb-8cad-7c81f996bd8f,QM5_30005,QM5_30005_bollinger-bands-grid-dark-venus,failed,INVALID,2026-08-21T19:33:17+00:00,COMPILE_EA_WORKER_ROLLOUT_PENDING,e803a87afe1d8ebd15935970a74743fed3e6c725da9a3e24bb9035cad6217021,e803a87afe1d8ebd15935970a74743fed3e6c725da9a3e24bb9035cad6217021,C:\QM\repo\framework\EAs\QM5_30005_bollinger-bands-grid-dark-venus\QM5_30005_bollinger-bands-grid-dark-venus.mq5,ade3388f-b7ab-42a4-9d46-667c5e86e7d1,failed,COMPILE_FAIL,2026-08-22T05:23:59.194007+00:00,ROLLOUT_PREDECESSOR_CURRENT_SUCCESSOR_EXISTS,SUPERSEDE_AND_CLOSE_PREDECESSOR_HOLD
4301b4f2-645e-47c5-b03e-9d5753ebc92a,QM5_9983,QM5_9983_bandy-wide-range-bar-fade-mr-index,failed,INVALID,2026-08-21T19:33:17+00:00,COMPILE_EA_WORKER_ROLLOUT_PENDING,d6136d1cbc52caac97976722613462d354dd8776c373ee2f1cb986a9e154eedd,d6136d1cbc52caac97976722613462d354dd8776c373ee2f1cb986a9e154eedd,C:\QM\repo\framework\EAs\QM5_9983_bandy-wide-range-bar-fade-mr-index\QM5_9983_bandy-wide-range-bar-fade-mr-index.mq5,c45c45f6-a352-42cb-8671-a7646ac8b5a0,failed,COMPILE_FAIL,2026-08-22T05:23:59.186485+00:00,ROLLOUT_PREDECESSOR_CURRENT_SUCCESSOR_EXISTS,SUPERSEDE_AND_CLOSE_PREDECESSOR_HOLD
449ca810-a45c-405b-bb60-b625d2d8deff,QM5_9961,QM5_9961_bandy-hma-supertrend-confluence-trend,failed,INVALID,2026-08-21T19:33:17+00:00,COMPILE_EA_WORKER_ROLLOUT_PENDING,efb041f13295fc4b7203209e1f2307fe070cddc314146c1a8e2d614f0e48704d,b23164335d7991e77c91ba1b4fd16414ed3618f1ffe3bee47d9381a6fdc8eccc,C:\QM\repo\framework\EAs\QM5_9961_bandy-hma-supertrend-confluence-trend\QM5_9961_bandy-hma-supertrend-confluence-trend.mq5,,,,,ROLLOUT_PREDECESSOR_NO_CURRENT_SUCCESSOR,ENQUEUE_CURRENT_SOURCE_SUCCESSOR
45b31d6a-062e-46ad-b6f8-13aba2ef6978,QM5_9949,QM5_9949_bandy-bbwidth-contraction-breakout-trend,failed,INVALID,2026-08-21T19:33:17+00:00,COMPILE_EA_WORKER_ROLLOUT_PENDING,fdb1f4b0c1e2921e85a4d70e906800c952a8c038326d6052c822757f3b1a7c86,a05654921ff354fe942b3a78f13fde3869a56890638d366a72a18118acfc2b60,C:\QM\repo\framework\EAs\QM5_9949_bandy-bbwidth-contraction-breakout-trend\QM5_9949_bandy-bbwidth-contraction-breakout-trend.mq5,,,,,ROLLOUT_PREDECESSOR_NO_CURRENT_SUCCESSOR,ENQUEUE_CURRENT_SOURCE_SUCCESSOR
49fbdf8a-3a52-4d01-a4f6-10d3ff12f39e,QM5_9730,QM5_9730_bandy-weekly-rsi-extreme-d1-trigger-mr-index,failed,INVALID,2026-08-21T19:33:17+00:00,COMPILE_EA_WORKER_ROLLOUT_PENDING,596c4e7347274426e18682b14df6cb62979e15bae817db613dbe74001c1d5ec2,406a8740c2469fac9e6fd384fee1380532f13a65bb15b65350f11ecd30bdde92,C:\QM\repo\framework\EAs\QM5_9730_bandy-weekly-rsi-extreme-d1-trigger-mr-index\QM5_9730_bandy-weekly-rsi-extreme-d1-trigger-mr-index.mq5,,,,,ROLLOUT_PREDECESSOR_NO_CURRENT_SUCCESSOR,ENQUEUE_CURRENT_SOURCE_SUCCESSOR
4c4c06be-9ef7-4dbf-bcfd-2ac2b759e6e5,QM5_9947,QM5_9947_bandy-double-bottom-formalised-mr-index,failed,INVALID,2026-08-21T19:33:17+00:00,COMPILE_EA_WORKER_ROLLOUT_PENDING,b5c2307662544735536f9c30a2bb51977fc8686c6a8f53ad9714f0e735a40f62,9f5af6df4dc21f756f732127d422ebc206ba17d6c7b250c4c84d55a926790c43,C:\QM\repo\framework\EAs\QM5_9947_bandy-double-bottom-formalised-mr-index\QM5_9947_bandy-double-bottom-formalised-mr-index.mq5,,,,,ROLLOUT_PREDECESSOR_NO_CURRENT_SUCCESSOR,ENQUEUE_CURRENT_SOURCE_SUCCESSOR
57281123-63a0-4781-af13-a43ec10e1328,QM5_9406,QM5_9406_qs-daily-mac,failed,INVALID,2026-08-21T19:33:17+00:00,COMPILE_EA_WORKER_ROLLOUT_PENDING,152244997911119e18cc3624121cd0e20d394b180057d14aa85e236c4181209c,23bc76a30cadb074ca66c66ffcd9a5602222cd1649232a433ed29510d0c4c5cf,C:\QM\repo\framework\EAs\QM5_9406_qs-daily-mac\QM5_9406_qs-daily-mac.mq5,,,,,ROLLOUT_PREDECESSOR_NO_CURRENT_SUCCESSOR,ENQUEUE_CURRENT_SOURCE_SUCCESSOR
5f9032d3-fa8b-4fe4-8b54-f3c2e49ea934,QM5_1009,QM5_1009_lien-fade-double-zeros,failed,INVALID,2026-08-21T19:33:17+00:00,COMPILE_EA_WORKER_ROLLOUT_PENDING,61a44051923374687f5d99bd0c6bf938d4bb4c4d3f43fee12ac2fe953d3ccd82,61a44051923374687f5d99bd0c6bf938d4bb4c4d3f43fee12ac2fe953d3ccd82,C:\QM\repo\framework\EAs\QM5_1009_lien-fade-double-zeros\QM5_1009_lien-fade-double-zeros.mq5,e4fe9323-3b8a-43c7-933e-49a7ce06c373,failed,COMPILE_FAIL,2026-08-22T07:34:07.973324+00:00,ROLLOUT_PREDECESSOR_CURRENT_SUCCESSOR_EXISTS,SUPERSEDE_AND_CLOSE_PREDECESSOR_HOLD
608c1ac7-1293-4a05-ad33-9111427e71e6,QM5_9466,QM5_9466_connors-r2-d1,failed,INVALID,2026-08-21T19:33:17+00:00,COMPILE_EA_WORKER_ROLLOUT_PENDING,a6c78f1a1127f1743825b0cb2597349097b0be6d967d82cae07a846ed16b826d,b2d42a6818d5cbf8b22dd73eadb8a3e81215c00f4f7b28ac42d3b561428c4b8c,C:\QM\repo\framework\EAs\QM5_9466_connors-r2-d1\QM5_9466_connors-r2-d1.mq5,,,,,ROLLOUT_PREDECESSOR_NO_CURRENT_SUCCESSOR,ENQUEUE_CURRENT_SOURCE_SUCCESSOR
6719a390-2f86-4653-848d-eca79be0ffa9,QM5_9965,QM5_9965_bandy-index-gap-and-go-continuation,failed,INVALID,2026-08-21T19:33:17+00:00,COMPILE_EA_WORKER_ROLLOUT_PENDING,b75797a182d7fdcd9e7f5f01700d468cb427e914f6bf10ffc917f0fb8cf87948,250b76c60c18b0623b059e73894d7dea3bac56234fc6ead6163fdd72e539a2a4,C:\QM\repo\framework\EAs\QM5_9965_bandy-index-gap-and-go-continuation\QM5_9965_bandy-index-gap-and-go-continuation.mq5,,,,,ROLLOUT_PREDECESSOR_NO_CURRENT_SUCCESSOR,ENQUEUE_CURRENT_SOURCE_SUCCESSOR
6b08b0fc-0780-4ea4-8330-b90d2825cb13,QM5_1640,QM5_1640_aa-indmom-12-0,failed,INVALID,2026-08-21T19:33:17+00:00,COMPILE_EA_WORKER_ROLLOUT_PENDING,bf204cf8422ed6a78cb46756adbeea71efcaa1bafb3e7c7567bb3147dd93636b,dc0d8c16c67995554ef31572d5ad3b1698f020b6967e28396036beb3c051f394,C:\QM\repo\framework\EAs\QM5_1640_aa-indmom-12-0\QM5_1640_aa-indmom-12-0.mq5,,,,,ROLLOUT_PREDECESSOR_NO_CURRENT_SUCCESSOR,ENQUEUE_CURRENT_SOURCE_SUCCESSOR
7381be27-e196-4618-880a-45bd9ccd5389,QM5_9911,QM5_9911_bandy-donchian-20-classic-breakout-trend,failed,INVALID,2026-08-21T19:33:17+00:00,COMPILE_EA_WORKER_ROLLOUT_PENDING,1aca365668c319609aa4884ac0693c33c29c0fdd147e97329853abe89b0e802c,13b1bfefd404cddf97e0086b4212c0f1bc1f053c6bd51aa48e67a0307499cdf0,C:\QM\repo\framework\EAs\QM5_9911_bandy-donchian-20-classic-breakout-trend\QM5_9911_bandy-donchian-20-classic-breakout-trend.mq5,,,,,ROLLOUT_PREDECESSOR_NO_CURRENT_SUCCESSOR,ENQUEUE_CURRENT_SOURCE_SUCCESSOR
75228588-cdaa-49d1-bf8f-3d49ffa02926,QM5_1538,QM5_1538_aa-tsmom-1-3-12,failed,INVALID,2026-08-21T19:33:17+00:00,COMPILE_EA_WORKER_ROLLOUT_PENDING,c9ec0b29192876241d12005812d2aced593a16af1ff44336f2b362575ad5bfc0,9d3647ac1ec3aeec6f1f2a981f64bfee4a687239b9cc10f1b0b25312b63ef50e,C:\QM\repo\framework\EAs\QM5_1538_aa-tsmom-1-3-12\QM5_1538_aa-tsmom-1-3-12.mq5,,,,,ROLLOUT_PREDECESSOR_NO_CURRENT_SUCCESSOR,ENQUEUE_CURRENT_SOURCE_SUCCESSOR
75aa510f-e979-406d-874a-2095f35ada40,QM5_1404,QM5_1404_as-raa-unemp-canary,failed,INVALID,2026-08-21T19:33:17+00:00,COMPILE_EA_WORKER_ROLLOUT_PENDING,db2e06ca7aa202559707ce751b8185832343ef140d885ad52be4ece726537433,db2e06ca7aa202559707ce751b8185832343ef140d885ad52be4ece726537433,C:\QM\repo\framework\EAs\QM5_1404_as-raa-unemp-canary\QM5_1404_as-raa-unemp-canary.mq5,f5ba6093-62ac-4453-bd07-0f18c085365a,failed,COMPILE_FAIL,2026-08-22T05:23:59.160467+00:00,ROLLOUT_PREDECESSOR_CURRENT_SUCCESSOR_EXISTS,SUPERSEDE_AND_CLOSE_PREDECESSOR_HOLD
78375084-339f-4850-ba37-4c9e210a97d7,QM5_9934,QM5_9934_bandy-ulcer-index-spike-rsi2-mr-index,failed,INVALID,2026-08-21T19:33:17+00:00,COMPILE_EA_WORKER_ROLLOUT_PENDING,71f69555febbd3b50617f0da3bb4be231827c2667e9f44a6e3d75490aa77e31e,d3b2355cfdf0633a7f236cb75497fa4a4c0bd2c99f9fa57ca935858c76ca8cf9,C:\QM\repo\framework\EAs\QM5_9934_bandy-ulcer-index-spike-rsi2-mr-index\QM5_9934_bandy-ulcer-index-spike-rsi2-mr-index.mq5,,,,,ROLLOUT_PREDECESSOR_NO_CURRENT_SUCCESSOR,ENQUEUE_CURRENT_SOURCE_SUCCESSOR
78609c47-5993-464a-829f-7c1aaa5ea5e7,QM5_1611,QM5_1611_aa-dsp-hpes024,failed,INVALID,2026-08-21T19:33:17+00:00,COMPILE_EA_WORKER_ROLLOUT_PENDING,cdc1195e93e5aea56901e1a858e17d914fdfee06b69a5b2011edee1b88445eaa,cdc1195e93e5aea56901e1a858e17d914fdfee06b69a5b2011edee1b88445eaa,C:\QM\repo\framework\EAs\QM5_1611_aa-dsp-hpes024\QM5_1611_aa-dsp-hpes024.mq5,993c18da-b608-42ba-ae4e-8185b9c1c498,failed,COMPILE_FAIL,2026-08-22T05:23:59.165479+00:00,ROLLOUT_PREDECESSOR_CURRENT_SUCCESSOR_EXISTS,SUPERSEDE_AND_CLOSE_PREDECESSOR_HOLD
7a651660-10dc-41e7-af3c-b70b7b322911,QM5_9972,QM5_9972_bandy-heikin-ashi-color-flip-trend,failed,INVALID,2026-08-21T19:33:17+00:00,COMPILE_EA_WORKER_ROLLOUT_PENDING,bcd85ff83ebeda3438dcec436e49c0396023a0135c93f9ff0e45c2e8353da272,ee65efe4cb93520863ebe83811de25b3e29fa01713537e5aba0ee38c16a0f47a,C:\QM\repo\framework\EAs\QM5_9972_bandy-heikin-ashi-color-flip-trend\QM5_9972_bandy-heikin-ashi-color-flip-trend.mq5,,,,,ROLLOUT_PREDECESSOR_NO_CURRENT_SUCCESSOR,ENQUEUE_CURRENT_SOURCE_SUCCESSOR
7e6429df-bb9c-408f-aa7d-2e552b734f9b,QM5_11465,QM5_11465_suhr-bank-trading-stop-run-fade-h1,failed,INVALID,2026-08-21T19:33:17+00:00,COMPILE_EA_WORKER_ROLLOUT_PENDING,02e4d2b2c9f063ae7ff56e24088835c4f08fc63b916de54b8288e8a06f57b0b1,44aa223ce9c0f29d856accdac9b79c168e548e717e6389cbb19462270adaab92,C:\QM\repo\framework\EAs\QM5_11465_suhr-bank-trading-stop-run-fade-h1\QM5_11465_suhr-bank-trading-stop-run-fade-h1.mq5,,,,,ROLLOUT_PREDECESSOR_NO_CURRENT_SUCCESSOR,ENQUEUE_CURRENT_SOURCE_SUCCESSOR
7edf5c34-f711-4bff-ac13-48923689183c,QM5_11292,QM5_11292_trix14-signal-cross,failed,INVALID,2026-08-21T19:33:17+00:00,COMPILE_EA_WORKER_ROLLOUT_PENDING,ab0a8fcfa9e37ed8af33c017cf631fe479a83a58ae9f1e5a18752180dd135e3e,948212d0030c59c7423ad1b18eeacf727ccd063ec5e5a3d2caf06882bf097242,C:\QM\repo\framework\EAs\QM5_11292_trix14-signal-cross\QM5_11292_trix14-signal-cross.mq5,,,,,ROLLOUT_PREDECESSOR_NO_CURRENT_SUCCESSOR,ENQUEUE_CURRENT_SOURCE_SUCCESSOR
80c126c5-b8ea-44ac-848e-3b874848e9b6,QM5_1405,QM5_1405_as-rpv-bestvalue,failed,INVALID,2026-08-21T19:33:17+00:00,COMPILE_EA_WORKER_ROLLOUT_PENDING,01dfb70410b3c62f2e210baaabb6eedd5fc7bb4208019a9de3678f61f5a97f83,9cd62e05d6fb745d70f37ec4ff38c6c49dac0ac25be1acfdee8f37833c2c273e,C:\QM\repo\framework\EAs\QM5_1405_as-rpv-bestvalue\QM5_1405_as-rpv-bestvalue.mq5,,,,,ROLLOUT_PREDECESSOR_NO_CURRENT_SUCCESSOR,ENQUEUE_CURRENT_SOURCE_SUCCESSOR
86532b43-86dd-40de-88ae-a9ee05dfdf55,QM5_11899,QM5_11899_psar-ao-ac-confluence-h1,failed,INVALID,2026-08-21T19:33:17+00:00,COMPILE_EA_WORKER_ROLLOUT_PENDING,fe0bcfdf43492c4ec6e478354e596f7646bcae516fef0c3248e6d2bd723151d8,01d9a06e46b8f1007757b78bf23aabf026811bd443b6b31c2d977efabf9c42aa,C:\QM\repo\framework\EAs\QM5_11899_psar-ao-ac-confluence-h1\QM5_11899_psar-ao-ac-confluence-h1.mq5,,,,,ROLLOUT_PREDECESSOR_NO_CURRENT_SUCCESSOR,ENQUEUE_CURRENT_SOURCE_SUCCESSOR
89950d1d-1546-495b-acc1-678396df5281,QM5_9353,QM5_9353_chande-stochrsi-base-cross-h4,failed,INVALID,2026-08-21T19:33:17+00:00,COMPILE_EA_WORKER_ROLLOUT_PENDING,67da622a1cf807078ff9dd85205f4c5008f313b628b092458e8cedd28f12691f,d64ec4794913d69ea4ff69213f6a2649e871b5ace010aaf8c5de4ecffcf6136f,C:\QM\repo\framework\EAs\QM5_9353_chande-stochrsi-base-cross-h4\QM5_9353_chande-stochrsi-base-cross-h4.mq5,,,,,ROLLOUT_PREDECESSOR_NO_CURRENT_SUCCESSOR,ENQUEUE_CURRENT_SOURCE_SUCCESSOR
8f6e1e6f-ebea-4da9-b910-420dec9cb301,QM5_9922,QM5_9922_bandy-vortex-crossover-trend,failed,INVALID,2026-08-21T19:33:17+00:00,COMPILE_EA_WORKER_ROLLOUT_PENDING,863bd49d5edfd8f8e7723689e990044b58cda0c319b83adb3500dba66b1d7339,77d234edd9c1234d169972858ba489a5453ddecfecf47762e91aaade5c132ced,C:\QM\repo\framework\EAs\QM5_9922_bandy-vortex-crossover-trend\QM5_9922_bandy-vortex-crossover-trend.mq5,,,,,ROLLOUT_PREDECESSOR_NO_CURRENT_SUCCESSOR,ENQUEUE_CURRENT_SOURCE_SUCCESSOR
90bb47ec-3ebf-46f8-90eb-dd84458298ed,QM5_9921,QM5_9921_bandy-cmo-extreme-fade-mr-index,failed,INVALID,2026-08-21T19:33:17+00:00,COMPILE_EA_WORKER_ROLLOUT_PENDING,a0009cffb6761018e69682ff9606865a84274f8a5488913db75dad1e3326a95c,d83dd96dd179e830cf280f62da4fc263df35762d401f98928373ea00d728f517,C:\QM\repo\framework\EAs\QM5_9921_bandy-cmo-extreme-fade-mr-index\QM5_9921_bandy-cmo-extreme-fade-mr-index.mq5,,,,,ROLLOUT_PREDECESSOR_NO_CURRENT_SUCCESSOR,ENQUEUE_CURRENT_SOURCE_SUCCESSOR
921cf22a-0040-4088-8eee-671f1eb43867,QM5_9113,QM5_9113_aa-ab-velocity,failed,INVALID,2026-08-21T19:33:17+00:00,COMPILE_EA_WORKER_ROLLOUT_PENDING,107d656ed153c10f90b8e4e54dfdb7f1b664303fe6778025a337050382e994b8,b4e90ed45ec563035cca641eb6db71bd48470594a9016d3cd96d16295296c3d4,C:\QM\repo\framework\EAs\QM5_9113_aa-ab-velocity\QM5_9113_aa-ab-velocity.mq5,,,,,ROLLOUT_PREDECESSOR_NO_CURRENT_SUCCESSOR,ENQUEUE_CURRENT_SOURCE_SUCCESSOR
92b2f511-a9bf-42ec-b441-15e62ea3674b,QM5_11299,QM5_11299_lwma144-smma5-fractal-m5-scalp,failed,INVALID,2026-08-21T19:33:17+00:00,COMPILE_EA_WORKER_ROLLOUT_PENDING,7d297d03aa84bd4c2638bbb490487cab89166388cb42ce22525803b10f4dd7cf,bc7ae0c2110fb16408bb1de58a46ca812c155d62bc47b386067b0f4ea7f94ca3,C:\QM\repo\framework\EAs\QM5_11299_lwma144-smma5-fractal-m5-scalp\QM5_11299_lwma144-smma5-fractal-m5-scalp.mq5,,,,,ROLLOUT_PREDECESSOR_NO_CURRENT_SUCCESSOR,ENQUEUE_CURRENT_SOURCE_SUCCESSOR
953aefae-0519-472c-9a31-0c8e70982925,QM5_9914,QM5_9914_bandy-zlema-distance-trend,failed,INVALID,2026-08-21T19:33:17+00:00,COMPILE_EA_WORKER_ROLLOUT_PENDING,96a92cd52775d281fe76c88a0a8838b542cbfde2c13b56d736498baacc386baf,92bbba767ef24e3c7307ccfb73685261d38110c57782b1eaf2ccaf251031474e,C:\QM\repo\framework\EAs\QM5_9914_bandy-zlema-distance-trend\QM5_9914_bandy-zlema-distance-trend.mq5,,,,,ROLLOUT_PREDECESSOR_NO_CURRENT_SUCCESSOR,ENQUEUE_CURRENT_SOURCE_SUCCESSOR
9622076c-4e8f-4d3d-abbe-a5975174b48e,QM5_9946,QM5_9946_bandy-supertrend-flip-trend,failed,INVALID,2026-08-21T19:33:17+00:00,COMPILE_EA_WORKER_ROLLOUT_PENDING,204aeb60e2fcfef6eb8083e1bcf5f9e9ddcaa400b25d2556b3dff10808849b1e,1d3ebe66d5f87ba879872c23f1c2fbebe77f33c77de90f450b5ee430c3be558c,C:\QM\repo\framework\EAs\QM5_9946_bandy-supertrend-flip-trend\QM5_9946_bandy-supertrend-flip-trend.mq5,,,,,ROLLOUT_PREDECESSOR_NO_CURRENT_SUCCESSOR,ENQUEUE_CURRENT_SOURCE_SUCCESSOR
96a9d355-2167-45ad-95be-773edb089052,QM5_9971,QM5_9971_bandy-dpo-zero-cross-mr-index,failed,INVALID,2026-08-21T19:33:17+00:00,COMPILE_EA_WORKER_ROLLOUT_PENDING,ececa5cb91e23bf452de4e189de82bd014cb2ffc9e5feb98b7a85f7e5a4b62b8,b1489ae54dd00882051ff82d0b594272d7b8aefeb6cb552d3796ee2cbee0e7ed,C:\QM\repo\framework\EAs\QM5_9971_bandy-dpo-zero-cross-mr-index\QM5_9971_bandy-dpo-zero-cross-mr-index.mq5,,,,,ROLLOUT_PREDECESSOR_NO_CURRENT_SUCCESSOR,ENQUEUE_CURRENT_SOURCE_SUCCESSOR
98c4dfab-8def-4ef4-a064-f6ef558fd0db,QM5_9727,QM5_9727_bandy-atr-ratio-compression-breakout-trend,failed,INVALID,2026-08-21T19:33:17+00:00,COMPILE_EA_WORKER_ROLLOUT_PENDING,18fe42ac87ee79eccba14270bbddd89efa0d7ebc2090c1ba87926b723f970aa9,ece192603106d3fbddfdec4d74564cc423f4142c4424fd6b310478146f2e992e,C:\QM\repo\framework\EAs\QM5_9727_bandy-atr-ratio-compression-breakout-trend\QM5_9727_bandy-atr-ratio-compression-breakout-trend.mq5,,,,,ROLLOUT_PREDECESSOR_NO_CURRENT_SUCCESSOR,ENQUEUE_CURRENT_SOURCE_SUCCESSOR
9a28f945-1478-4a4e-8e6b-fc69ae26b531,QM5_9719,QM5_9719_bandy-percentrank-channel-mr-index,failed,INVALID,2026-08-21T19:33:17+00:00,COMPILE_EA_WORKER_ROLLOUT_PENDING,9cbe459ccbd440390795ad0979bd3957cd5f9f9dc16fd03bbebcea3485ca6a68,daf7f3bde16ead8d3e4d474430ee6724709bf05671fe32838d6c8b46f0a3035e,C:\QM\repo\framework\EAs\QM5_9719_bandy-percentrank-channel-mr-index\QM5_9719_bandy-percentrank-channel-mr-index.mq5,,,,,ROLLOUT_PREDECESSOR_NO_CURRENT_SUCCESSOR,ENQUEUE_CURRENT_SOURCE_SUCCESSOR
9ed589c2-f8a6-49bd-bec3-2be2dffc2f76,QM5_9111,QM5_9111_aa-dlwma-trend10,failed,INVALID,2026-08-21T19:33:17+00:00,COMPILE_EA_WORKER_ROLLOUT_PENDING,960aeb9e14c01b04a505b103dd2e36af9bedaaa425fc68106decd4c4fe73f44b,49b21e7604f41908ff6120fc565d7b1f00865ae05ddbff63586f5a7e56ddcd46,C:\QM\repo\framework\EAs\QM5_9111_aa-dlwma-trend10\QM5_9111_aa-dlwma-trend10.mq5,,,,,ROLLOUT_PREDECESSOR_NO_CURRENT_SUCCESSOR,ENQUEUE_CURRENT_SOURCE_SUCCESSOR
9f2447e1-995b-4e28-b04b-525a4a0f7fe1,QM5_9720,QM5_9720_bandy-adx-regime-filter-trend,failed,INVALID,2026-08-21T19:33:17+00:00,COMPILE_EA_WORKER_ROLLOUT_PENDING,5cebf59116cb04f2677236b79dc32acc9e6485f8e61fff84c2642e33af6429ad,0a432e165805faa1f08eed7e775d3ac0ca16a0429729ac29075b27bbf56d9d3d,C:\QM\repo\framework\EAs\QM5_9720_bandy-adx-regime-filter-trend\QM5_9720_bandy-adx-regime-filter-trend.mq5,,,,,ROLLOUT_PREDECESSOR_NO_CURRENT_SUCCESSOR,ENQUEUE_CURRENT_SOURCE_SUCCESSOR
a17841d0-9ede-4efa-8454-d8b782d65868,QM5_9910,QM5_9910_bandy-tema-adx-crossover-trend,failed,INVALID,2026-08-21T19:33:17+00:00,COMPILE_EA_WORKER_ROLLOUT_PENDING,c413ab7a09ed790e000f802f8c17a958703b6a102f9bb6a6c4ed8a279c2f6160,8d19dff75f54158b7f2ff026f12cf0a582a961b4e720fea00318e7cc41c0c78c,C:\QM\repo\framework\EAs\QM5_9910_bandy-tema-adx-crossover-trend\QM5_9910_bandy-tema-adx-crossover-trend.mq5,,,,,ROLLOUT_PREDECESSOR_NO_CURRENT_SUCCESSOR,ENQUEUE_CURRENT_SOURCE_SUCCESSOR
a1c474d1-290e-46c6-8716-2173023830b9,QM5_1572,QM5_1572_aa-ls-mom-bear24,failed,INVALID,2026-08-21T19:33:17+00:00,COMPILE_EA_WORKER_ROLLOUT_PENDING,0629ff6be2981d1a0b0ae2ba64211229830ad845824496c6a6b480448599a63f,0629ff6be2981d1a0b0ae2ba64211229830ad845824496c6a6b480448599a63f,C:\QM\repo\framework\EAs\QM5_1572_aa-ls-mom-bear24\QM5_1572_aa-ls-mom-bear24.mq5,28798520-09c3-4d51-aa5d-a8d00c2ea55f,failed,COMPILE_FAIL,2026-08-22T05:23:59.163475+00:00,ROLLOUT_PREDECESSOR_CURRENT_SUCCESSOR_EXISTS,SUPERSEDE_AND_CLOSE_PREDECESSOR_HOLD
a4c9d988-49bc-4326-af8e-6ced88cb1135,QM5_9465,QM5_9465_connors-rsi25-d1,failed,INVALID,2026-08-21T19:33:17+00:00,COMPILE_EA_WORKER_ROLLOUT_PENDING,58d5810a2ccc2a9dd0963d537799051a8d77d67537685cda56f4ed7a79209bf2,286d70a1c6978b66b48983d132fc53984e9fad3865468d12ff0cadb6a2005713,C:\QM\repo\framework\EAs\QM5_9465_connors-rsi25-d1\QM5_9465_connors-rsi25-d1.mq5,,,,,ROLLOUT_PREDECESSOR_NO_CURRENT_SUCCESSOR,ENQUEUE_CURRENT_SOURCE_SUCCESSOR
ab1d7633-902b-4c17-9a4f-c24aaae93440,QM5_9716,QM5_9716_bandy-trend-stretch-ratio-mr-index,failed,INVALID,2026-08-21T19:33:17+00:00,COMPILE_EA_WORKER_ROLLOUT_PENDING,a705b3cfd6643ae2c25f58f3da494e291026a50059e2f2a34b2750724aea9213,211100b2c97fc08a9c697c1bdedb4dd54b42d1bc31f16a788de104fe7a5e935e,C:\QM\repo\framework\EAs\QM5_9716_bandy-trend-stretch-ratio-mr-index\QM5_9716_bandy-trend-stretch-ratio-mr-index.mq5,,,,,ROLLOUT_PREDECESSOR_NO_CURRENT_SUCCESSOR,ENQUEUE_CURRENT_SOURCE_SUCCESSOR
ae82e1ae-287b-4444-b401-4d0455e9c9da,QM5_10367,QM5_10367_et-gbs-breakout,failed,INVALID,2026-08-21T19:33:17+00:00,COMPILE_EA_WORKER_ROLLOUT_PENDING,19b4150d3f7f64319d24f88a31c1c597436a7b7e180a9b6a827e11f83faa270e,19b4150d3f7f64319d24f88a31c1c597436a7b7e180a9b6a827e11f83faa270e,C:\QM\repo\framework\EAs\QM5_10367_et-gbs-breakout\QM5_10367_et-gbs-breakout.mq5,8a8677d8-6c66-4944-8256-a2bfe4f3275e,failed,COMPILE_FAIL,2026-08-22T05:23:59.186485+00:00,ROLLOUT_PREDECESSOR_CURRENT_SUCCESSOR_EXISTS,SUPERSEDE_AND_CLOSE_PREDECESSOR_HOLD
ae9e93a6-4a77-4ac9-bd11-e9ec1363bc60,QM5_12946,QM5_12946_mql5-macd-obv-div-card,failed,INVALID,2026-08-21T19:33:17+00:00,COMPILE_EA_WORKER_ROLLOUT_PENDING,2c04e592e9e86ab86ecc180b0379369db93054f5b3c6fc521316d24515ac1ac5,e0adb638e3586a0c6d492e03f2ec2685cd49a63482a9ee2ba583166c3c3213b8,C:\QM\repo\framework\EAs\QM5_12946_mql5-macd-obv-div-card\QM5_12946_mql5-macd-obv-div-card.mq5,,,,,ROLLOUT_PREDECESSOR_NO_CURRENT_SUCCESSOR,ENQUEUE_CURRENT_SOURCE_SUCCESSOR
bb618a27-fd8a-4462-8ca2-a6794e647488,QM5_9923,QM5_9923_bandy-hma-crossover-trend,failed,INVALID,2026-08-21T19:33:17+00:00,COMPILE_EA_WORKER_ROLLOUT_PENDING,ab97955cf76422d1ff2c01d294f46b27a48b0effecbe81aa0ce7fc82d9359b37,457d114229c77f1c68bda4f9a65ed7b1a604fe0bfc68934a646d7dba2387ce0f,C:\QM\repo\framework\EAs\QM5_9923_bandy-hma-crossover-trend\QM5_9923_bandy-hma-crossover-trend.mq5,,,,,ROLLOUT_PREDECESSOR_NO_CURRENT_SUCCESSOR,ENQUEUE_CURRENT_SOURCE_SUCCESSOR
bcd0f208-869a-44af-bb1c-810051be8ee1,QM5_9112,QM5_9112_aa-des-trend0177,failed,INVALID,2026-08-21T19:33:17+00:00,COMPILE_EA_WORKER_ROLLOUT_PENDING,bbc300aae7f50961908c5241735f19c9dd3b265274321f8fea49ecab6c5c79b4,5b59a0cc377167c5d6d533a9a679ca9871eb13cfedb42c88bd2411b11d9ee6e2,C:\QM\repo\framework\EAs\QM5_9112_aa-des-trend0177\QM5_9112_aa-des-trend0177.mq5,,,,,ROLLOUT_PREDECESSOR_NO_CURRENT_SUCCESSOR,ENQUEUE_CURRENT_SOURCE_SUCCESSOR
bce3e6f4-62db-42a8-8778-53f1c3ea7558,QM5_1489,QM5_1489_as-permanent-tactical,failed,INVALID,2026-08-21T19:33:17+00:00,COMPILE_EA_WORKER_ROLLOUT_PENDING,fd3705d27e5cb4eee92c4e5053dca71ead56b88c30f2e725dad63a178224e65b,fd3705d27e5cb4eee92c4e5053dca71ead56b88c30f2e725dad63a178224e65b,C:\QM\repo\framework\EAs\QM5_1489_as-permanent-tactical\QM5_1489_as-permanent-tactical.mq5,8514fa7d-38f6-4d64-9ba5-71bcc870f876,failed,COMPILE_FAIL,2026-08-22T05:23:59.162472+00:00,ROLLOUT_PREDECESSOR_CURRENT_SUCCESSOR_EXISTS,SUPERSEDE_AND_CLOSE_PREDECESSOR_HOLD
be488592-55ac-4571-ab06-17851345e389,QM5_1539,QM5_1539_aa-canary-13612w,failed,INVALID,2026-08-21T19:33:17+00:00,COMPILE_EA_WORKER_ROLLOUT_PENDING,e1152b2cc6df079a778d0bb310329c823bd130a068f331ea2bcb5b9ffe5fb854,7cbbb46b1b94a17bef08e0e0173239c66f68d7c5c6877755d7f5314836ec6d71,C:\QM\repo\framework\EAs\QM5_1539_aa-canary-13612w\QM5_1539_aa-canary-13612w.mq5,,,,,ROLLOUT_PREDECESSOR_NO_CURRENT_SUCCESSOR,ENQUEUE_CURRENT_SOURCE_SUCCESSOR
c24faebd-9720-4b20-b469-50591e56be22,QM5_9417,QM5_9417_qs-sma10-30,failed,INVALID,2026-08-21T19:33:17+00:00,COMPILE_EA_WORKER_ROLLOUT_PENDING,a3fc2d62081579fe2539994a71d4c212665e41f32fb0377f7516facee5a13393,92ef652c3ffe4783ba04a449b54029738cc08ee8d4eec0eaa00b8947694bb604,C:\QM\repo\framework\EAs\QM5_9417_qs-sma10-30\QM5_9417_qs-sma10-30.mq5,,,,,ROLLOUT_PREDECESSOR_NO_CURRENT_SUCCESSOR,ENQUEUE_CURRENT_SOURCE_SUCCESSOR
c272a08f-34e5-4ecb-967e-e32619349b69,QM5_9963,QM5_9963_bandy-lr-slope-sign-flip-trend,failed,INVALID,2026-08-21T19:33:17+00:00,COMPILE_EA_WORKER_ROLLOUT_PENDING,b2fa66a8c39e8230afe957016bbfc9225e674ae01d452d5d2696631b69da6a1b,734cb1232fa75bad74b1f31a244f39fd3a573cca4fcae9741edb6ca90f93069e,C:\QM\repo\framework\EAs\QM5_9963_bandy-lr-slope-sign-flip-trend\QM5_9963_bandy-lr-slope-sign-flip-trend.mq5,,,,,ROLLOUT_PREDECESSOR_NO_CURRENT_SUCCESSOR,ENQUEUE_CURRENT_SOURCE_SUCCESSOR
c504bf1b-ba18-4c4c-9591-50bb0aed11d5,QM5_9925,QM5_9925_bandy-cci-momentum-breakout-trend,failed,INVALID,2026-08-21T19:33:17+00:00,COMPILE_EA_WORKER_ROLLOUT_PENDING,e0ec807c9d19d66a0f79b1ee424672acf49a674ed654f0ce6887b7134891dead,11d865ab7cb37ddfe81860d6201b9d0fe03b281d292614f9948918ece651912e,C:\QM\repo\framework\EAs\QM5_9925_bandy-cci-momentum-breakout-trend\QM5_9925_bandy-cci-momentum-breakout-trend.mq5,,,,,ROLLOUT_PREDECESSOR_NO_CURRENT_SUCCESSOR,ENQUEUE_CURRENT_SOURCE_SUCCESSOR
d2e96bc0-c6c2-437d-add8-d053aee1ab39,QM5_9909,QM5_9909_bandy-lrchannel-breakout-trend,failed,INVALID,2026-08-21T19:33:17+00:00,COMPILE_EA_WORKER_ROLLOUT_PENDING,6d8a570568322544352a2636de90b9ea7d31784ac111914b33ccbd6297c9e78d,20a4b055cf6e046c0ab041e3c2bf911d74977765afe7192c89c902a827b547c5,C:\QM\repo\framework\EAs\QM5_9909_bandy-lrchannel-breakout-trend\QM5_9909_bandy-lrchannel-breakout-trend.mq5,,,,,ROLLOUT_PREDECESSOR_NO_CURRENT_SUCCESSOR,ENQUEUE_CURRENT_SOURCE_SUCCESSOR
d48d7f5a-c185-48f9-ac3e-9cf8a5cef9ef,QM5_9970,QM5_9970_ff-369ema-scalp-m5,failed,INVALID,2026-08-21T19:33:17+00:00,COMPILE_EA_WORKER_ROLLOUT_PENDING,2ebdb8a6bc3d68e976edcbec15a610c4fa9078964fe04766bafd37ce8bc29bb8,2ebdb8a6bc3d68e976edcbec15a610c4fa9078964fe04766bafd37ce8bc29bb8,C:\QM\repo\framework\EAs\QM5_9970_ff-369ema-scalp-m5\QM5_9970_ff-369ema-scalp-m5.mq5,2edb7fe4-360f-4fef-9142-4f362619d6cc,failed,COMPILE_FAIL,2026-08-22T05:23:59.185482+00:00,ROLLOUT_PREDECESSOR_CURRENT_SUCCESSOR_EXISTS,SUPERSEDE_AND_CLOSE_PREDECESSOR_HOLD
dc5eb6fd-5774-4356-a150-d73f64d23c62,QM5_9166,QM5_9166_aa-vol-ma-timing,failed,INVALID,2026-08-21T19:33:17+00:00,COMPILE_EA_WORKER_ROLLOUT_PENDING,d5405cd9e3a72a4f5d25dacf1776fc3eaa6572f8810f0320684dae31e41a7569,39304493923fae23f2b6248458d11ea7e02c0efc41a132f84540e30fa1226fe5,C:\QM\repo\framework\EAs\QM5_9166_aa-vol-ma-timing\QM5_9166_aa-vol-ma-timing.mq5,,,,,ROLLOUT_PREDECESSOR_NO_CURRENT_SUCCESSOR,ENQUEUE_CURRENT_SOURCE_SUCCESSOR
dd0ad51b-bb77-40fb-bce1-38ca47d9ca9b,QM5_9913,QM5_9913_bandy-rsi3-low-adx-mr-index,failed,INVALID,2026-08-21T19:33:17+00:00,COMPILE_EA_WORKER_ROLLOUT_PENDING,505d2f7b5044d325628240454ec6fec7ae5949f8199c7d4707433be4ed6a048a,8aa14ed73b34dd720a926c749423b1ec3a99860ec1ac7fd1daaae58667a56763,C:\QM\repo\framework\EAs\QM5_9913_bandy-rsi3-low-adx-mr-index\QM5_9913_bandy-rsi3-low-adx-mr-index.mq5,,,,,ROLLOUT_PREDECESSOR_NO_CURRENT_SUCCESSOR,ENQUEUE_CURRENT_SOURCE_SUCCESSOR
dd976a3e-095b-4928-9bb2-500104376cd5,QM5_12931,QM5_12931_classical-triple-top-reversal-h4,failed,INVALID,2026-08-21T19:33:17+00:00,COMPILE_EA_WORKER_ROLLOUT_PENDING,b2f59213b918b11f942455c87699ebf010acbb6ab2ea31a5b6e1db8562c25f37,332a07aa4649abc7421544c9c79f4f15a587d07a30371e8b09fe5f0b6d9af994,C:\QM\repo\framework\EAs\QM5_12931_classical-triple-top-reversal-h4\QM5_12931_classical-triple-top-reversal-h4.mq5,,,,,ROLLOUT_PREDECESSOR_NO_CURRENT_SUCCESSOR,ENQUEUE_CURRENT_SOURCE_SUCCESSOR
e2026ad1-e0d9-49ce-8bb6-cb9d5c0343ea,QM5_12954,QM5_12954_pring-coppock-h4-variant,failed,INVALID,2026-08-21T19:33:17+00:00,COMPILE_EA_WORKER_ROLLOUT_PENDING,7d6ee0394fc65a0ab21c5fbadb6fe28d9169501b920ea16bc37989217445f0aa,b85857056120d4dc504298e7bdb344e7ffb4ee32b3c9d8e6be353c449f4fec10,C:\QM\repo\framework\EAs\QM5_12954_pring-coppock-h4-variant\QM5_12954_pring-coppock-h4-variant.mq5,,,,,ROLLOUT_PREDECESSOR_NO_CURRENT_SUCCESSOR,ENQUEUE_CURRENT_SOURCE_SUCCESSOR
e6718d11-7a7e-4d45-b38a-8c4f636aab4a,QM5_9979,QM5_9979_bandy-index-gap-fade-mr-index,failed,INVALID,2026-08-21T19:33:17+00:00,COMPILE_EA_WORKER_ROLLOUT_PENDING,14f791869af0bc50dc3ed8afe80b94ad41fca6c65f680cd1b6d6ced77f5117be,4d873d6705b19bbf7621ab2a4dba3cd35d5e27cc5f812b315e03bd7de0c4360c,C:\QM\repo\framework\EAs\QM5_9979_bandy-index-gap-fade-mr-index\QM5_9979_bandy-index-gap-fade-mr-index.mq5,,,,,ROLLOUT_PREDECESSOR_NO_CURRENT_SUCCESSOR,ENQUEUE_CURRENT_SOURCE_SUCCESSOR
e7994d23-39bc-43fd-bd39-ce678d82324e,QM5_9717,QM5_9717_bandy-pir-position-in-range-mr-index,failed,INVALID,2026-08-21T19:33:17+00:00,COMPILE_EA_WORKER_ROLLOUT_PENDING,67477b5c3ce7cd393ba100adf9dcbc5f9a7e0b93b619097b100c5caf3ad00c17,1a209dda3d2617f1430625fb957b648acad0815cdbb32aaa7d5ab24711916ee3,C:\QM\repo\framework\EAs\QM5_9717_bandy-pir-position-in-range-mr-index\QM5_9717_bandy-pir-position-in-range-mr-index.mq5,,,,,ROLLOUT_PREDECESSOR_NO_CURRENT_SUCCESSOR,ENQUEUE_CURRENT_SOURCE_SUCCESSOR
e7dced1c-76eb-42e2-b608-ea66813efa9a,QM5_1671,QM5_1671_ehlers-ebsw-cycle-extract-composite-h4,failed,INVALID,2026-08-21T19:33:17+00:00,COMPILE_EA_WORKER_ROLLOUT_PENDING,54e870f09ec2406f1b5e8c94c1182c94ae58bdc1346d3401811cce5cd37e865d,0d3363cff02486f65979d539db764ac3195c572cd479747f8232ef14e92f0d9a,C:\QM\repo\framework\EAs\QM5_1671_ehlers-ebsw-cycle-extract-composite-h4\QM5_1671_ehlers-ebsw-cycle-extract-composite-h4.mq5,,,,,ROLLOUT_PREDECESSOR_NO_CURRENT_SUCCESSOR,ENQUEUE_CURRENT_SOURCE_SUCCESSOR
e830c0bd-9bc5-4fe9-9d17-3bc4ad1ba7f5,QM5_9932,QM5_9932_bandy-roc-zscore-normalised-mr-index,failed,INVALID,2026-08-21T19:33:17+00:00,COMPILE_EA_WORKER_ROLLOUT_PENDING,3c0672a591a0ebbbd5c4b00b1fbff7c692fbbe1d5ff2cd84b93a723cc356249e,754854d50d5875ceed0e0435cb651daaaa524a0f482168fd923ffda44fc1fee7,C:\QM\repo\framework\EAs\QM5_9932_bandy-roc-zscore-normalised-mr-index\QM5_9932_bandy-roc-zscore-normalised-mr-index.mq5,,,,,ROLLOUT_PREDECESSOR_NO_CURRENT_SUCCESSOR,ENQUEUE_CURRENT_SOURCE_SUCCESSOR
ea69be19-68da-4223-bdf7-4851623eac2c,QM5_11496,QM5_11496_carter-t-ema100-psar-macd64128-m5,failed,INVALID,2026-08-21T19:33:17+00:00,COMPILE_EA_WORKER_ROLLOUT_PENDING,a63f4131d0cd6e732702c37fe7964ec6b1a19b8980552897705070ed2ab35220,34a32e0b82e299b390391de88e54c7c34c6d80ac6be92e85f5daf66619c23949,C:\QM\repo\framework\EAs\QM5_11496_carter-t-ema100-psar-macd64128-m5\QM5_11496_carter-t-ema100-psar-macd64128-m5.mq5,,,,,ROLLOUT_PREDECESSOR_NO_CURRENT_SUCCESSOR,ENQUEUE_CURRENT_SOURCE_SUCCESSOR
f4d7627a-42a3-452a-badf-48f5adf35157,QM5_9580,QM5_9580_bandy-regslope-pullback-mr-index,failed,INVALID,2026-08-21T19:33:17+00:00,COMPILE_EA_WORKER_ROLLOUT_PENDING,e9b0dbd91996b0c436f761c2685af430aa73fac33207f48a689c49a578d44a30,5ec3aa4d8249340e85702365a53d291c120730419971dfe711df6a31e797ccbf,C:\QM\repo\framework\EAs\QM5_9580_bandy-regslope-pullback-mr-index\QM5_9580_bandy-regslope-pullback-mr-index.mq5,,,,,ROLLOUT_PREDECESSOR_NO_CURRENT_SUCCESSOR,ENQUEUE_CURRENT_SOURCE_SUCCESSOR
f5518c02-f617-47a3-b2da-bf0ed75a6e44,QM5_9964,QM5_9964_bandy-wide-range-bar-continuation-trend,failed,INVALID,2026-08-21T19:33:17+00:00,COMPILE_EA_WORKER_ROLLOUT_PENDING,faa6ace54ec9d0c1b5a1490a8c9029b8da6d9d5958b540951f9b24c640144279,78d25d9e3b9ff828dd7e9d97f711658afba721d1c53be25a55538ddac79c730b,C:\QM\repo\framework\EAs\QM5_9964_bandy-wide-range-bar-continuation-trend\QM5_9964_bandy-wide-range-bar-continuation-trend.mq5,,,,,ROLLOUT_PREDECESSOR_NO_CURRENT_SUCCESSOR,ENQUEUE_CURRENT_SOURCE_SUCCESSOR
f9ef5626-2f8f-43c7-b24f-9817d1777223,QM5_9696,QM5_9696_ff-genesis-matrix-m5,failed,INVALID,2026-08-21T19:33:17+00:00,COMPILE_EA_WORKER_ROLLOUT_PENDING,6c13a0b613a19bebc1394508700d9da8e9c0d83b8397ca00efa7ebb51e4d6012,6c13a0b613a19bebc1394508700d9da8e9c0d83b8397ca00efa7ebb51e4d6012,C:\QM\repo\framework\EAs\QM5_9696_ff-genesis-matrix-m5\QM5_9696_ff-genesis-matrix-m5.mq5,d4083545-bda4-4569-8dee-864af395d60b,failed,COMPILE_FAIL,2026-08-22T05:23:59.174503+00:00,ROLLOUT_PREDECESSOR_CURRENT_SUCCESSOR_EXISTS,SUPERSEDE_AND_CLOSE_PREDECESSOR_HOLD
fdfc721c-0670-4f7f-8902-568eb2b0a37f,QM5_1618,QM5_1618_mql5-ma-support,failed,INVALID,2026-08-21T19:33:17+00:00,COMPILE_EA_WORKER_ROLLOUT_PENDING,8719a60286a06604ca67e5764773d673acddd3958a87b8008269a7257af2ba48,efb7c4e598671c7c47d90c3ffdc1469fb3b44f2ab8fe262831db684be56cbac1,C:\QM\repo\framework\EAs\QM5_1618_mql5-ma-support\QM5_1618_mql5-ma-support.mq5,,,,,ROLLOUT_PREDECESSOR_NO_CURRENT_SUCCESSOR,ENQUEUE_CURRENT_SOURCE_SUCCESSOR
fe0d4096-6037-4758-a9c9-31f35c9bd096,QM5_11300,QM5_11300_macd-psar-atr-trender-h4,failed,INVALID,2026-08-21T19:33:17+00:00,COMPILE_EA_WORKER_ROLLOUT_PENDING,96b1a39264f183b2e263099cdd28e9ea7e613cfa4ac77921766e2da941cc4de9,83ef727b80d9010706c7faddc8d1eea90a933a3bf37226a2bccd140af7504b53,C:\QM\repo\framework\EAs\QM5_11300_macd-psar-atr-trender-h4\QM5_11300_macd-psar-atr-trender-h4.mq5,,,,,ROLLOUT_PREDECESSOR_NO_CURRENT_SUCCESSOR,ENQUEUE_CURRENT_SOURCE_SUCCESSOR
ff2f2e44-a5d8-43ca-b69c-d072c1c73a7b,QM5_1488,QM5_1488_as-ddm-pods,failed,INVALID,2026-08-21T19:33:17+00:00,COMPILE_EA_WORKER_ROLLOUT_PENDING,34691127445bc890e7f1dbd7bdde38a2bd4c7b58af9ac3e9609c65ea59286a94,34691127445bc890e7f1dbd7bdde38a2bd4c7b58af9ac3e9609c65ea59286a94,C:\QM\repo\framework\EAs\QM5_1488_as-ddm-pods\QM5_1488_as-ddm-pods.mq5,7134bd81-bfdc-495a-9b8d-6140f8f63421,failed,COMPILE_FAIL,2026-08-22T05:23:59.161469+00:00,ROLLOUT_PREDECESSOR_CURRENT_SUCCESSOR_EXISTS,SUPERSEDE_AND_CLOSE_PREDECESSOR_HOLD
c88b39a4-1220-4894-a2c3-9818651c763e,QM5_41095,QM5_41095_wti-wexcursion-imbalance-mom,failed,INVALID,2026-08-21T19:50:36+00:00,COMPILE_EA_WORKER_ROLLOUT_PENDING,04bfef934775a963c3ce3a9b45717b36a9f2352488086f8bbf90e51404f80305,04bfef934775a963c3ce3a9b45717b36a9f2352488086f8bbf90e51404f80305,C:\QM\repo\framework\EAs\QM5_41095_wti-wexcursion-imbalance-mom\QM5_41095_wti-wexcursion-imbalance-mom.mq5,fb42e3cb-b49b-4db3-83a8-6be766d27144,done,COMPILE_OK,2026-08-22T05:23:59.195009+00:00,ROLLOUT_PREDECESSOR_CURRENT_SUCCESSOR_EXISTS,SUPERSEDE_AND_CLOSE_PREDECESSOR_HOLD
678881b9-d266-4cb4-9b92-1bf1b85b7030,QM5_41096,QM5_41096_wti-wexcursion-reject-rv,failed,INVALID,2026-08-21T20:46:28+00:00,COMPILE_EA_WORKER_ROLLOUT_PENDING,84ca1d4783b928cf548d488832403fe38a864b8e9d8919542159044e6f526240,84ca1d4783b928cf548d488832403fe38a864b8e9d8919542159044e6f526240,C:\QM\repo\framework\EAs\QM5_41096_wti-wexcursion-reject-rv\QM5_41096_wti-wexcursion-reject-rv.mq5,ddbe7857-0339-481e-aa6e-d57aaec9e83a,done,COMPILE_OK,2026-08-22T05:23:59.195009+00:00,ROLLOUT_PREDECESSOR_CURRENT_SUCCESSOR_EXISTS,SUPERSEDE_AND_CLOSE_PREDECESSOR_HOLD
d646713d-c8ba-41ef-98f4-9b544780e714,QM5_41097,QM5_41097_balke-gmt3-range-breakout-opt,pending,,2026-08-21T21:24:01+00:00,COMPILE_EA_WORKER_ROLLOUT_PENDING,dc3840c1e99f4d96e2deca2495b1689277af37edcf06249189fb934b5d21ddd2,8e5cfdbf6f513bdbfd5fdcd25357907cad124497123b8a1abe133c9f2d1d6329,C:\QM\repo\framework\EAs\QM5_41097_balke-gmt3-range-breakout-opt\QM5_41097_balke-gmt3-range-breakout-opt.mq5,,,,,ROLLOUT_PREDECESSOR_NO_CURRENT_SUCCESSOR,ENQUEUE_CURRENT_SOURCE_SUCCESSOR
089fc9d1-dff7-4204-9a8c-70c915ec7943,QM5_41098,QM5_41098_wti-wextreme-sequence-mom,failed,INVALID,2026-08-21T21:54:44+00:00,COMPILE_EA_WORKER_ROLLOUT_PENDING,8cff83546ad0f5ffa60d4f8b144e3b6e204a6c01a1b519e60f0d9f1df1058866,8cff83546ad0f5ffa60d4f8b144e3b6e204a6c01a1b519e60f0d9f1df1058866,C:\QM\repo\framework\EAs\QM5_41098_wti-wextreme-sequence-mom\QM5_41098_wti-wextreme-sequence-mom.mq5,9f1385ac-5e1f-4780-a604-52562e6e1256,done,COMPILE_OK,2026-08-22T05:23:59.195009+00:00,ROLLOUT_PREDECESSOR_CURRENT_SUCCESSOR_EXISTS,SUPERSEDE_AND_CLOSE_PREDECESSOR_HOLD
b23ec578-eba6-41cf-854d-91737c4c4373,QM5_41099,QM5_41099_wti-wclose-turn-mom,failed,INVALID,2026-08-21T22:55:26+00:00,COMPILE_EA_WORKER_ROLLOUT_PENDING,ceba37a2444dd6e1a56115ff995c34412a211e3bcc7057d8911cd999ff26743b,ceba37a2444dd6e1a56115ff995c34412a211e3bcc7057d8911cd999ff26743b,C:\QM\repo\framework\EAs\QM5_41099_wti-wclose-turn-mom\QM5_41099_wti-wclose-turn-mom.mq5,094f4389-d759-4e41-8d5d-8ce558a2bef1,done,COMPILE_OK,2026-08-22T05:23:59.195009+00:00,ROLLOUT_PREDECESSOR_CURRENT_SUCCESSOR_EXISTS,SUPERSEDE_AND_CLOSE_PREDECESSOR_HOLD
e6a55d77-24e2-47a4-ba70-4bf55972f35c,QM5_41100,QM5_41100_xng-wclose-turn-mom,failed,INVALID,2026-08-21T23:47:36+00:00,COMPILE_EA_WORKER_ROLLOUT_PENDING,a21062be279588efb46f0a0b5f18cb83227e61f511996f4edda55ead4055298c,a21062be279588efb46f0a0b5f18cb83227e61f511996f4edda55ead4055298c,C:\QM\repo\framework\EAs\QM5_41100_xng-wclose-turn-mom\QM5_41100_xng-wclose-turn-mom.mq5,5541a62d-1d66-4de3-9a7e-5c2839e057f9,done,COMPILE_OK,2026-08-22T05:23:59.196013+00:00,ROLLOUT_PREDECESSOR_CURRENT_SUCCESSOR_EXISTS,SUPERSEDE_AND_CLOSE_PREDECESSOR_HOLD
97095c29-b534-4e4c-baf8-aa8d382225eb,QM5_41101,QM5_41101_xng-wrange-migrate-mom,failed,INVALID,2026-08-22T00:46:07+00:00,COMPILE_EA_WORKER_ROLLOUT_PENDING,e6e83e3084db7fc99df6c3b7a6fc2ac236bbfb92550b7fd7b7b29ea8b11dbd08,e6e83e3084db7fc99df6c3b7a6fc2ac236bbfb92550b7fd7b7b29ea8b11dbd08,C:\QM\repo\framework\EAs\QM5_41101_xng-wrange-migrate-mom\QM5_41101_xng-wrange-migrate-mom.mq5,16027752-6ae2-42b5-8182-89d49b5de4c4,done,COMPILE_OK,2026-08-22T05:23:59.196013+00:00,ROLLOUT_PREDECESSOR_CURRENT_SUCCESSOR_EXISTS,SUPERSEDE_AND_CLOSE_PREDECESSOR_HOLD
200baa1f-8f4b-4438-807a-835734be24e9,QM5_41102,QM5_41102_wti-mrange-migrate-mom,failed,INVALID,2026-08-22T01:53:17+00:00,COMPILE_EA_WORKER_ROLLOUT_PENDING,5098639d34f9fa01557a4d270710bd91023e0cba05f545eac1d0537b1bd9c6bd,5098639d34f9fa01557a4d270710bd91023e0cba05f545eac1d0537b1bd9c6bd,C:\QM\repo\framework\EAs\QM5_41102_wti-mrange-migrate-mom\QM5_41102_wti-mrange-migrate-mom.mq5,ec323614-4d44-4d8e-b8c0-1553fb7801f7,failed,COMPILE_FAIL,2026-08-22T05:23:59.196013+00:00,ROLLOUT_PREDECESSOR_CURRENT_SUCCESSOR_EXISTS,SUPERSEDE_AND_CLOSE_PREDECESSOR_HOLD
e1e75830-9671-4541-b7b8-bcc5aaa7b54d,QM5_41103,QM5_41103_xauxag-mrange-migrate-rv,failed,INVALID,2026-08-22T02:40:22+00:00,COMPILE_EA_WORKER_ROLLOUT_PENDING,283426f456a4bd50cf161ae1af2ebc8d5909bd5a55a1e27382885ff1b316bcb9,283426f456a4bd50cf161ae1af2ebc8d5909bd5a55a1e27382885ff1b316bcb9,C:\QM\repo\framework\EAs\QM5_41103_xauxag-mrange-migrate-rv\QM5_41103_xauxag-mrange-migrate-rv.mq5,52149c45-9a75-472f-8be7-37772b26d97b,done,COMPILE_OK,2026-08-22T05:23:59.196013+00:00,ROLLOUT_PREDECESSOR_CURRENT_SUCCESSOR_EXISTS,SUPERSEDE_AND_CLOSE_PREDECESSOR_HOLD
0960f13d-a245-410a-97c3-7b6e3411041f,QM5_41104,QM5_41104_xauxag-mmedian-shift-rv,failed,INVALID,2026-08-22T03:39:09+00:00,COMPILE_EA_WORKER_ROLLOUT_PENDING,24a1e033ded53492ca6dbf03e08f263988ffe58c329d0f11481a8aa30d434f94,56435eb9355480e3f921ee9b6b056b75d4cb4d9374c2c43dbe6ffe9b1400146c,C:\QM\repo\framework\EAs\QM5_41104_xauxag-mmedian-shift-rv\QM5_41104_xauxag-mmedian-shift-rv.mq5,62ce0b4a-fc45-4b28-9381-4f58ed94827c,done,COMPILE_OK,2026-08-23T17:14:00+00:00,ROLLOUT_PREDECESSOR_CURRENT_SUCCESSOR_EXISTS,SUPERSEDE_AND_CLOSE_PREDECESSOR_HOLD
1cab0ed2-b87e-45ef-a461-1e29653eb182,QM5_11465,QM5_11465_suhr-bank-trading-stop-run-fade-h1,pending,,2026-08-22T05:23:59.188490+00:00,COMPILE_EA_WORKER_ROLLOUT_PENDING,02e4d2b2c9f063ae7ff56e24088835c4f08fc63b916de54b8288e8a06f57b0b1,44aa223ce9c0f29d856accdac9b79c168e548e717e6389cbb19462270adaab92,C:\QM\repo\framework\EAs\QM5_11465_suhr-bank-trading-stop-run-fade-h1\QM5_11465_suhr-bank-trading-stop-run-fade-h1.mq5,,,,,ROLLOUT_PREDECESSOR_NO_CURRENT_SUCCESSOR,ENQUEUE_CURRENT_SOURCE_SUCCESSOR
a44c3c83-7840-4b28-98eb-6d5988a3a82d,QM5_12954,QM5_12954_pring-coppock-h4-variant,pending,,2026-08-22T05:23:59.194007+00:00,COMPILE_EA_WORKER_ROLLOUT_PENDING,7d6ee0394fc65a0ab21c5fbadb6fe28d9169501b920ea16bc37989217445f0aa,b85857056120d4dc504298e7bdb344e7ffb4ee32b3c9d8e6be353c449f4fec10,C:\QM\repo\framework\EAs\QM5_12954_pring-coppock-h4-variant\QM5_12954_pring-coppock-h4-variant.mq5,,,,,ROLLOUT_PREDECESSOR_NO_CURRENT_SUCCESSOR,ENQUEUE_CURRENT_SOURCE_SUCCESSOR
f29ebccb-c2ce-49dd-8031-6d24760b0ecc,QM5_41113,QM5_41113_xauxag-mhalfagree-rv,pending,,2026-08-22T13:50:22+00:00,COMPILE_EA_WORKER_ROLLOUT_PENDING,ff830fbb5a81673c31f8d80d475a2304ca37fd06137ab8c725c4e729bdd42109,85b0ca82835c28dd86c23913c4cb620f3cfbe244975453357ce4280368502029,C:\QM\repo\framework\EAs\QM5_41113_xauxag-mhalfagree-rv\QM5_41113_xauxag-mhalfagree-rv.mq5,d62f097c-fedc-4643-a671-968a667a4f42,done,COMPILE_OK,2026-08-23T17:14:00+00:00,ROLLOUT_PREDECESSOR_CURRENT_SUCCESSOR_EXISTS,SUPERSEDE_AND_CLOSE_PREDECESSOR_HOLD
3c893190-0297-4efb-b810-ad7f602ff63d,QM5_13128,QM5_13128_pre-fomc-drift-ndx,pending,,2026-08-22T14:15:37+00:00,COMPILE_EA_WORKER_ROLLOUT_PENDING,4e6e18c1967ae802aa31190b7ca75329eb451ddee88706f8f1dd546506172d25,e2bd93a2a66700763997af1e8a9713e40ae76e31916b86d941ae08f495e3fb19,C:\QM\repo\framework\EAs\QM5_13128_pre-fomc-drift-ndx\QM5_13128_pre-fomc-drift-ndx.mq5,,,,,ROLLOUT_PREDECESSOR_NO_CURRENT_SUCCESSOR,ENQUEUE_CURRENT_SOURCE_SUCCESSOR
96d25526-218a-434f-95eb-36d80f1016b8,QM5_41123,QM5_41123_xauxag-mpath-eff-rv,pending,,2026-08-23T02:16:42+00:00,COMPILE_EA_WORKER_ROLLOUT_PENDING,75cc5097f3bd91e658d7c4a62896a2d435988812b36e80c6152cc26151ee262f,830c84c11632229482801b2dd07e8c5a03b7989ac4fd1711e280507eda8480bf,C:\QM\repo\framework\EAs\QM5_41123_xauxag-mpath-eff-rv\QM5_41123_xauxag-mpath-eff-rv.mq5,f1c50421-67c4-473f-b089-27e05acdd621,done,COMPILE_OK,2026-08-23T17:14:00+00:00,ROLLOUT_PREDECESSOR_CURRENT_SUCCESSOR_EXISTS,SUPERSEDE_AND_CLOSE_PREDECESSOR_HOLD
24e3a252-7c15-418c-b614-3a525e32c9f7,QM5_1567,QM5_1567_demark-td-reverse-sequential-h4,pending,,2026-08-23T10:14:16+00:00,COMPILE_EA_WORKER_ROLLOUT_PENDING,75777f18d320eca28606cf661aa9fc6cf36ce61e08be70b7e1e31e63ef533c81,a9531d333dbbe067270811e696e235483d12d2604e86c974feea411066649f8c,C:\QM\repo\framework\EAs\QM5_1567_demark-td-reverse-sequential-h4\QM5_1567_demark-td-reverse-sequential-h4.mq5,,,,,ROLLOUT_PREDECESSOR_NO_CURRENT_SUCCESSOR,ENQUEUE_CURRENT_SOURCE_SUCCESSOR
73dc8eaf-76b2-4587-9e7b-63ff24c75f54,QM5_41130,QM5_41130_wti-mopen-residence-mom,pending,,2026-08-23T11:01:35+00:00,COMPILE_EA_WORKER_ROLLOUT_PENDING,fa619ffccc16656a27b95d1ebc55134a4e3d0416b4e4f5c6ad0c935a040f3f6c,9ae358c6cf1f07e12073252ea982f61b20fdff72711fae68014556e1292ee399,C:\QM\repo\framework\EAs\QM5_41130_wti-mopen-residence-mom\QM5_41130_wti-mopen-residence-mom.mq5,0edf3c6a-c29d-4b90-9787-f099bb23d4e2,done,COMPILE_OK,2026-08-23T17:14:00+00:00,ROLLOUT_PREDECESSOR_CURRENT_SUCCESSOR_EXISTS,SUPERSEDE_AND_CLOSE_PREDECESSOR_HOLD
19504c2f-750c-4c40-af3e-a337651a9a3e,QM5_41131,QM5_41131_wti-mdaily-tailtrim-mom,pending,,2026-08-23T12:28:26+00:00,COMPILE_EA_WORKER_ROLLOUT_PENDING,e15173ac581ea222ac3f89e13b9966c6e4649947bbd307aea5c46423fd86ef08,caf55ea3aa1b7319d601b98239f8e282482194da2063dbcb2b6bb9dddc6dace5,C:\QM\repo\framework\EAs\QM5_41131_wti-mdaily-tailtrim-mom\QM5_41131_wti-mdaily-tailtrim-mom.mq5,34785097-be1a-448e-9a8e-28ee665e9ea6,done,COMPILE_OK,2026-08-23T17:14:00+00:00,ROLLOUT_PREDECESSOR_CURRENT_SUCCESSOR_EXISTS,SUPERSEDE_AND_CLOSE_PREDECESSOR_HOLD
690cf433-d157-49d0-aaa8-57b58431a845,QM5_41132,QM5_41132_wti-mweekday-med-mom,pending,,2026-08-23T15:16:49+00:00,COMPILE_EA_WORKER_ROLLOUT_PENDING,b53b6392d13fd0c08af726712a99cf77b5370a7f2e47ea4fe2c215617de3c78b,9837fab69d58abbcdce3c47389d73423b3bcbd9d9ca13d5f3b43acf9ef3b7cbe,C:\QM\repo\framework\EAs\QM5_41132_wti-mweekday-med-mom\QM5_41132_wti-mweekday-med-mom.mq5,bdae4d54-e686-48e8-bde7-e3b5fdc95dd3,done,COMPILE_OK,2026-08-23T17:14:00+00:00,ROLLOUT_PREDECESSOR_CURRENT_SUCCESSOR_EXISTS,SUPERSEDE_AND_CLOSE_PREDECESSOR_HOLD
1fb58c79-e46f-4d72-9af1-26eb4656e0d5,QM5_41133,QM5_41133_wti-mdaily-median-mom,pending,,2026-08-23T18:13:33+00:00,COMPILE_EA_WORKER_ROLLOUT_PENDING,7c8aeb3382bf3d8b84325661dfb699458bd115c84455e04c9a0c5a34f08ded04,9d7f41c8db3991e626c9577512be267699574ce6df08fd95f327c3013e761ff5,C:\QM\repo\framework\EAs\QM5_41133_wti-mdaily-median-mom\QM5_41133_wti-mdaily-median-mom.mq5,,,,,ROLLOUT_PREDECESSOR_NO_CURRENT_SUCCESSOR,ENQUEUE_CURRENT_SOURCE_SUCCESSOR
4fa76159-7893-4a32-a92c-e451f5fdae77,QM5_36002,QM5_36002_nnfx-kijunsen-absolute-strength-damiani,pending,,2026-08-24T00:28:46+00:00,COMPILE_EA_WORKER_ROLLOUT_PENDING,71b66a9a4a5d3bb86c013b9da623ebb067694c8218b15743846999d03057c570,66174bddb6fe5031c60a94025a21e2e1a5cde282617442bcf5a59c0a4907b14a,C:\QM\repo\framework\EAs\QM5_36002_nnfx-kijunsen-absolute-strength-damiani\QM5_36002_nnfx-kijunsen-absolute-strength-damiani.mq5,,,,,ROLLOUT_PREDECESSOR_NO_CURRENT_SUCCESSOR,ENQUEUE_CURRENT_SOURCE_SUCCESSOR
979e7903-d28b-46fc-89cb-5b8a721f2e27,QM5_41136,QM5_41136_xng-mdaily-iqrmean-mom,pending,,2026-08-24T07:16:25+00:00,COMPILE_EA_WORKER_ROLLOUT_PENDING,9f5ed2fc702632ad01fd1b9bac8a078175fd66ec3f15e0b9b40c10215e4aa5b3,676a4276d484b451a96ea1bc298140178d2c3bc71c722ea6f24544aa2bf4c78e,C:\QM\repo\framework\EAs\QM5_41136_xng-mdaily-iqrmean-mom\QM5_41136_xng-mdaily-iqrmean-mom.mq5,,,,,ROLLOUT_PREDECESSOR_NO_CURRENT_SUCCESSOR,ENQUEUE_CURRENT_SOURCE_SUCCESSOR
73d3e2a5-1743-40b5-b744-878543577bf2,QM5_35005,QM5_35005_sma-crossover-pullback-system,pending,,2026-08-24T11:40:29+00:00,COMPILE_EA_WORKER_ROLLOUT_PENDING,4b9750309f6979507e6a2a1510031f706f8fb5bc47977eaf6f00164155630e30,8c5457fc7cc7b10af168f89089b7320a5118d43078f87ed73232de18bbe0d4fc,C:\QM\repo\framework\EAs\QM5_35005_sma-crossover-pullback-system\QM5_35005_sma-crossover-pullback-system.mq5,,,,,ROLLOUT_PREDECESSOR_NO_CURRENT_SUCCESSOR,ENQUEUE_CURRENT_SOURCE_SUCCESSOR
bb657945-58ea-41ac-a856-8ea67e30acd3,QM5_9914,QM5_9914_bandy-zlema-distance-trend,pending,,2026-08-24T13:53:09+00:00,COMPILE_EA_WORKER_ROLLOUT_PENDING,7ecd1f974909135746cc61466c987aa6146100e5a150238ce83c4d5a999f9f97,92bbba767ef24e3c7307ccfb73685261d38110c57782b1eaf2ccaf251031474e,C:\QM\repo\framework\EAs\QM5_9914_bandy-zlema-distance-trend\QM5_9914_bandy-zlema-distance-trend.mq5,,,,,ROLLOUT_PREDECESSOR_NO_CURRENT_SUCCESSOR,ENQUEUE_CURRENT_SOURCE_SUCCESSOR
9230bf4d-08e5-407c-b920-5582a2a21b8b,QM5_9730,QM5_9730_bandy-weekly-rsi-extreme-d1-trigger-mr-index,pending,,2026-08-24T14:08:51+00:00,COMPILE_EA_WORKER_ROLLOUT_PENDING,37b4ff0c96a325bcf223f084af9a4f1be8789435ac51e36cc3d172700258efa5,406a8740c2469fac9e6fd384fee1380532f13a65bb15b65350f11ecd30bdde92,C:\QM\repo\framework\EAs\QM5_9730_bandy-weekly-rsi-extreme-d1-trigger-mr-index\QM5_9730_bandy-weekly-rsi-extreme-d1-trigger-mr-index.mq5,,,,,ROLLOUT_PREDECESSOR_NO_CURRENT_SUCCESSOR,ENQUEUE_CURRENT_SOURCE_SUCCESSOR
5f4c9079-449c-4230-b9db-3cde2c7ce6a5,QM5_9909,QM5_9909_bandy-lrchannel-breakout-trend,pending,,2026-08-24T14:34:37+00:00,COMPILE_EA_WORKER_ROLLOUT_PENDING,e64ba41eedc84e6f9f2858e1413a3d84724207fd7322d54c891c0ccd7d96e847,20a4b055cf6e046c0ab041e3c2bf911d74977765afe7192c89c902a827b547c5,C:\QM\repo\framework\EAs\QM5_9909_bandy-lrchannel-breakout-trend\QM5_9909_bandy-lrchannel-breakout-trend.mq5,,,,,ROLLOUT_PREDECESSOR_NO_CURRENT_SUCCESSOR,ENQUEUE_CURRENT_SOURCE_SUCCESSOR
