rank,work_item_id,ea_id,symbol,arm,completed_at_utc,terminal,build,cold_seconds,summary_sha256,report_sha256,logger_sha256,setfile_sha256,metrics_sha256,trades_sha256,status
1,be2ef6c0-cb67-5768-b3d3-23887670f850,QM5_41097,USDJPY.DWX,sell_093,2026-08-28T01:36:44.9671798Z,T7,6140,270.967,8f7cc5c4ec2a7a0e34f884c0d422288a7c448d1e56c9e010b3f91b30eff87d0c,96bf870b4008f16944011f38aca3538752dadb3093edda6797e3fa3eb2c11a0f,63150d4a55f4fc9a57bc8b304b01e706b6f5338e59a5903ba2a80d170b482698,a7bcf1080d40372b149bee6c8a7a09374ad6e677b4299c9b8fb6bbf8ed4be800,58c8fb1d2b9a863d92715a972ac3bf086e4da89aa326b64544119f586ec47444,6a03d541e6a6391951d296643f364bff995e86cebb17f857f5ba7da65a52d671,AUTHENTICATED_COLD_BUILD_6140
2,7003791d-b5c4-5114-aa66-1ea69eacd9b5,QM5_41097,USDJPY.DWX,sell_092,2026-08-28T01:28:36.5081080Z,T4,6140,223.508,e30af670dd02606f17abacc4f47b7227e18189e1d4738327fc682d8f0af7554f,a2909802b205ea08f52baeb7626b8a17b642785517333168310a7cffa11002f3,087172eda1268e3fc5e841e0cf3a0169999d74a0624bbacec36df133274c4bd4,44bde093e742c58b9a6d083806eeae652c1f3590b998ba56e3716be1e55b5fa3,fd9fe3c91a44971ab670bc59abbff88e9092ef9ea8522b1557ab22a8af63e75f,18f1c86186942a213c74f6ddecd63a13189d7de7160cca381643e679a09209bb,AUTHENTICATED_COLD_BUILD_6140
3,66270dc9-3d58-5eec-9dea-d8732b37f51e,QM5_41097,USDJPY.DWX,sell_091,2026-08-28T01:22:20.7748205Z,T8,6140,304.775,6ad3f8bc2bf576e8f1191f6581812a17b3dfa2e8da6f2f94a8620e38aef76443,e22e148d3f2a96bfbe7bb2215ab5309457e1d3f6422f531609e2ec5c1d1cd1a8,1bc26bc74e3ac51a72a5ca0d38c7f57fb984fa49a85a3f7ae6f8ce8d1e114eae,bfc895fe52f164997025367ef740906a257868cc10e0631883eda0809addffef,51bb6e301de3284c9e94c0e1eec8d7b7d2efd51feb34bf06406040a83463f6a4,44a97f963e55b3093ef00bcfd57212ec16911a38057c51f7fd89f8e4cea72203,AUTHENTICATED_COLD_BUILD_6140
4,b2fbdfbb-f346-5ddc-9030-6494d412465d,QM5_41097,USDJPY.DWX,sell_090,2026-08-28T01:10:46.1251741Z,T7,6140,288.125,e213b5792ee48e2a6a44b353927862e7ee5bc40699a0b5ed651c72068fde4d94,a534e6a5d015ac5812950f4cf01af538ceff78fc26bc10f9b502d3026e679b9b,0f39596b91a8c16983b41ebb8de62290d8ea06c9fc54d0b13f76c771a5f1679c,e2099bc0b003a8de40ce2e683b21a62a2edbb5cf35d3b651f845a7d602eaa4e6,0e26786c6555db42bb36a28f4182727b87b7318020e1387c4d74464e2556f577,62eb916c0ea661a2623c2990bb6e7992c9581d92d3fe90b8289b085f513691e2,AUTHENTICATED_COLD_BUILD_6140
5,824ac641-5847-5ba9-8245-98846d9c5e35,QM5_41097,USDJPY.DWX,sell_088,2026-08-28T00:41:57.4492902Z,T9,6140,241.449,b25a75e1b85ad7a5c5c4eac05fa5f0dc6d59c0695490270354a1fc2c8709f307,56e788846a53715c3ba9302069b5817347fd7105472fa2d2ef31523e3c1a2938,e98a223e35b9c422cac94bbd2c42872f9b0d7f466cc665f688581a322a349044,c13cb810832ea408e5cff223ba64cfb61a228905afe9ba1f8e6bbe09032b50bf,20517b8bbfd1d6fc77bc1b1c9323d1211bab9841c3eff9006f6bd10733a0515d,94b0f36b5671a9e6036712862135abb14e17ca8c76ed2521112e715d7ae96264,AUTHENTICATED_COLD_BUILD_6140
6,42006440-b4a6-54f1-acab-18ebcfa5f361,QM5_41161,GBPUSD.DWX,buy_079,2026-08-28T00:38:41.9353337Z,T3,6140,215.935,db571b17bd53d810ac39a0f7db681b067f4e186189ac7144c9fb368149606d0c,80d330e7de4b7a0b3d69b44b78035134921d5e8c1a4eeedc4ad771429abcc544,7dc9bdb29c4841e4f1ed19637116c1fa0b55161eaf57c35030fd713b50f2ca5c,f91954aa0274cf9f410516b230315a125787c910db1095c9cc80d77d2dd01e99,2eb77a89ac65f3ca0a75098cda9513313f0f8729eb269048c8f8389d4e7c9abb,83397b1a387316d0e376748d7f204a658ffe2d1aa3cedf9870043c9d72686cc2,AUTHENTICATED_COLD_BUILD_6140
7,87d42aa0-1672-5e2c-b793-95322b0dc0fd,QM5_41097,USDJPY.DWX,sell_087,2026-08-28T00:34:15.6961294Z,T8,6140,356.696,d987b6af51954263e33e9a9422fa6c62b64273ed83e1ab8c5e693c10d78fbc88,952a9a7dc8acbdd8e407806a450c68560693054eeb718b8ffe1066871fe89888,c18bf581acf4dc7ce1c27e0bb5d98b24595ed97c54c18dd710e987aa1189e193,fa730a86fe1cde4effb8a16a557157ad64ee45207f4589444db8d86007ff4d9e,ef7706782dd1cd484e735cfd9024cb3dcc9fe5bb9386ca2d5e06f372ea694000,5dac4e1ef2838f4098258ed0c822e34373949dae42d45ba134bcbd97e67a6e11,AUTHENTICATED_COLD_BUILD_6140
8,6c032cc5-297d-5c39-ad4f-6ab8ce1a5f85,QM5_41161,GBPUSD.DWX,buy_078,2026-08-28T00:29:02.5107738Z,T2,6140,224.511,5d8ea87e8247314fdef9e0feb04b739c3e2943842d52849384f3c651300549ef,e9849d0ed37ac879de6789a506be4c6c635202891d6cf6e0bfa614b894825a18,e08c2b7f05b8746e148d7ffa7640f5afae27bda622e83028e103623544d8cb4a,4382e31cdd896d26b093a784c2fff41d9b5382736cb609720fcfbf28a48af7cc,cb18ad3e6fd9efd64de92d660cb81eea43c4365fe923e94f1832649aadd3e9cc,c6a042f1df8139887b66340bd386e4b965ac787c944e7d6cf094f469e0488ab4,AUTHENTICATED_COLD_BUILD_6140
9,da02abda-0f7f-52ab-a9a2-203d9ad7e0f4,QM5_41097,USDJPY.DWX,sell_084,2026-08-28T00:23:04.9117352Z,T8,6140,293.912,4d43d532322558e80317fd1d9dab785954473efd04b6c4539cb7fda9953a5c13,d3d6a6cc88cdab2258c4179848ea497743f6a3fb4e10431c2a01372b7ba2716f,e48ce073af8a522f8ad5ff537f21a4d02b595defcb97f5aad5e7be16c02fb5a1,84798a4835b6db28144f421f8a221419e0755fc57ae02064b5207c91bde7a446,df07addf533b5bd119dce29986d5a0bd73c5d53b79a8c83a03588b4af4f84b3e,c2de9c721ce5e6e61bddeaf3435d5490129f91c86abf3448927e8df176cc7cc6,AUTHENTICATED_COLD_BUILD_6140
10,fcdf3071-fabe-578d-b7f4-21c414cc6b41,QM5_41161,GBPUSD.DWX,buy_077,2026-08-28T00:22:19.9241858Z,T3,6140,224.924,dd8186ff97ee04cd59ec63da259418513cef0426af3326830c574fdda1c1d358,9caaa26b8b510a4cb1e076e9511e50b10ae8637f0682c81a1f6d8a65844d0d1b,86bd03c8468b9c59153355bf4ef5e4c6ccc4b28fab906961759dd01cbd061178,62c2b4a78370bdcfa893c43952ccd43178172f2e65a39888bb90a82e7109280d,d64ba952c7934338ce18c2b48112776ae07c1226435906a15049cb2d7bcdb461,38901d1194bb9061598a843e3813f1371d03fcde357aed2773386d1977d18dac,AUTHENTICATED_COLD_BUILD_6140
11,66429542-1bcb-5262-b0c9-f6ec98ba3e29,QM5_41161,GBPUSD.DWX,buy_060,2026-08-28T00:09:08.5594977Z,T2,6140,207.559,db9e7a6e92b94c17328cfaf7e3f8959866e7a6001b4924bad51988ac1eccabfd,d3049cba835ce7c663f7ca84d91789fd68ebb4e583f78e26e3e908f6467e8129,03473b4fdfdb594f4e4984eb0abf9e96c0bfa32f7fb117152334ad64464a5e59,b36c12ffbde9e46043b8c189b25e5869f36fcc1577eb2a07462d76db0aee92bc,2259da5261ad5c2b27ec98f53062c58d3840056821c3b055b4ba1bccb02f47df,264feb06c7808958f9776d7aad7d455a0b9ac2811d9cd2300614a31e6cd85e90,AUTHENTICATED_COLD_BUILD_6140
12,bf87e73e-f05d-56ec-bcae-a8838e25bfa6,QM5_41097,USDJPY.DWX,sell_083,2026-08-27T22:12:29.8255860Z,T9,6140,285.826,919dbdb1961fc66efbbdd7cce1349dce00890a7bada4c183899f7cff2932881d,b16d3739301cb7fb8662482f8ddc9d15e56b0f3b5e48550ac1458506a9236ff0,ef32185d871878e97910880d14d1ab16835e1e5e381f5b55efdac856123c7e32,01602b5ecdb124b71273d529297f0b760fd553da7fea77a2bab5f0b7f1ace200,8ffefb616e1cbe4471b5547eb11a2057ccf1d4df2e4f005dda8c9f141286bbac,5141390d824d9b4c9979ddfbadfb728ac5f8af6458947367fb266c368544a766,AUTHENTICATED_COLD_BUILD_6140
13,13018b56-0f87-5354-aa0d-43c0f43e74ab,QM5_41161,GBPUSD.DWX,buy_059,2026-08-27T23:55:15.5441758Z,T2,6140,227.544,61b0f4e6733b4b3f1747aa31421a120ef00137fb49b9debafed60a728a943151,f3e2f67496f938ae1693058ad624c03bedabde9aaaffd066b617225a44310c02,4d8734264768a41a0c4eb780c7390c31dd268de8ceb9f36aeb613d7b948df011,5272056f8d3b4da0a6a193c7b8d0c7e253679b965274d28a68d39d51ed5be219,7abdd33a05b49de2525f27c9df24ae11b45b8c2d866c08b7452606f8836178d7,2af3a8864a113f8d7981d5dbcd56f94b295520b887a787e47493d262d9b2a90a,AUTHENTICATED_COLD_BUILD_6140
14,0dd7197c-8d5b-58e0-a7b5-edc170eba3eb,QM5_41161,GBPUSD.DWX,buy_058,2026-08-27T23:48:05.1271007Z,T2,6140,214.127,ad7ccaa945345f0036b87c39ebf5c970d9d63d822aa56a7fb5dbec296a13dfee,967f76f57877f00bd849bd4bacdcc662d6d244a6bd0367c7ebda989fb848686e,85c05d30be64ad8580d7f0b9fe82a737971bc913689ba8326d9cf3c2f0af4fca,ad581d53ab546bbdf976271c8ca4ae584bf2202562e13c09a802d4da89b19fd1,2259da5261ad5c2b27ec98f53062c58d3840056821c3b055b4ba1bccb02f47df,264feb06c7808958f9776d7aad7d455a0b9ac2811d9cd2300614a31e6cd85e90,AUTHENTICATED_COLD_BUILD_6140
15,5c58b0db-5c96-549f-afba-dfc317ade10b,QM5_41161,GBPUSD.DWX,buy_057,2026-08-27T23:41:03.1180742Z,T2,6140,231.118,908a402d17d27afffe3ae537f95e57bc2df8268df27dd6bf2bcd0892b9753f5e,3f2363818b3c17638b06604517941470cceb8968ed070a5891c1e51c6e8171ff,37deb734800a7d6e75cf1c9b02bac4fb159d4d2a9ea906551517955b34e5cf57,3aa1aa2ac699d15beba87e7b98b1b4cb957fd192ccf832f1e46875eb9a5d56a1,19a3909a5ebaf38c92780e5e4b4e06a3ba64276b48a53bde0c9fdff2f585446d,b53a2fcf26c51cefc09853c9879393165844be642661259dd9b82781318d951f,AUTHENTICATED_COLD_BUILD_6140
16,c9fdcb07-045a-5666-a8ad-934f596a5ea4,QM5_41161,GBPUSD.DWX,buy_055,2026-08-27T23:27:40.9611396Z,T3,6140,193.961,13f5ccac5207af3f039d574a0d3be5de6832f377f62985299ad89e82296edebf,9ac1cba57d4a4fdd33dc0dd0adf325305971024d86447c27d231a509c8523625,c0c27cb35dcbb5ed77f64183fc7471972969e78648f00e6e708aa54a4d1e23d0,b90c2f68d4b717bb8c0e3ee7b6b34ed745d90453717b60afca7546b29ebc983c,29f572db0c600e840e45221b28a3e6b8aa7f8c2485edf3e8ce9d7102a0256c07,4a8b599a534cae0354cc1550852d6b444948a9bcababe783304256dcf8341664,AUTHENTICATED_COLD_BUILD_6140
17,8c107d24-5d55-5f90-98d8-7e6854686e11,QM5_41161,GBPUSD.DWX,buy_054,2026-08-27T23:19:45.8477594Z,T3,6140,197.848,340697b7ae1002b162a689b30d6bf4e111e2a341e48abda9015e0047132bba52,9d435bb356154cc17f323e8aefcd5c8fe17afbfc8c80cee2ff6fcec49a0033a2,22f79f9fdda4197dd9519f55ef7e02f9dee105ef273193872c4c996cb51b07ee,dea17b754fd9a80b96e77ddd14bb6117f94b73549ae189868cff7ce1c5fac617,bc3eeb06896ad6422dc8f6e8feea122da3b525acb984e20f169e11c785524978,2e8d3238c58117795e7ab59e42e300855608b0557900580859ca734786def566,AUTHENTICATED_COLD_BUILD_6140
18,11163fdd-057b-5b41-b222-6f9f8749983a,QM5_41161,GBPUSD.DWX,buy_053,2026-08-27T23:05:53.5329079Z,T6,6140,221.533,ccb46544df72551110948cf99e65fa7cd83cb7192f7fb905b73ddb3b47c937b7,4eb443e0a6b929af8a3d8796e216f32f68b2bbda61271a3eb465262f6d60cd3c,6bc482613d8787307f275bb4317cb4612455720e1d3086abb7df9de1e2f4e829,645ca23f5c4e9dd27d0150de5318742df8e57ce482ddff7b2b693540de0f221f,c70b455581acb78ba80cd64f40886381d295c5cceae5292298122a39b1d33a9b,153d5825a2c764415d5fe3a6658418fcd5e5d29fc08f1a9a5adda9c036eba425,AUTHENTICATED_COLD_BUILD_6140
19,e4aea328-28a0-5785-8cc9-5996478be87b,QM5_41161,GBPUSD.DWX,buy_051,2026-08-27T22:42:30.3966809Z,T6,6140,219.397,fa41d524495d592e0955f63f38718a5a6a8da5595eedb4da3a75566cbc35111f,0f9d87b275d36862d903c74f8c657f14615ffa00dc24733f9af5ea38a1b382d0,0934acda7362613b72325e37f70b6c4e5f615c0f645a8402464f513c8f6cce78,4716cc45505c30e3dfd1bd51419e12b277f9810ccaa22cd5fc06461852f3faa4,3df55d4ada21d17425b1b94466086f45fa3f5b7e575a5449a834e1bfd891f610,28bb997625fb0f80eadd8a8057946c7a7f5a7dba94187ef9c1809aca1c645ff1,AUTHENTICATED_COLD_BUILD_6140
20,543dffc8-d083-53c2-a864-2500d4994047,QM5_41161,GBPUSD.DWX,buy_050,2026-08-27T22:35:08.3193587Z,T6,6140,241.319,bb48e556a6e90448cc954222cbe13b6f73ddab73cbfe65308c1ae1a4cc21bb0c,9f6b9ad58dd0b3010907b8fd3a2de931480df54869b50f95a7f9909eb340ddbd,0f370f9e1b3627b3d24b5b0792e41bbc8b4d821bac2936e6b8d3c847371b8f3f,5ca4177b59543d4283fc25a7e41ab3b3068173730260d4a2025c7fbcd1f71bcc,20f454a1a66a84b402844256397aaddb8b29cf402c8811d2a1731240aad18bdc,1dc2f4b1536fd8dac8d45c9f1640cf6dd5aeb4cdc1e283c82b5db3edc301f9f7,AUTHENTICATED_COLD_BUILD_6140
