ea_id,symbol,gate,verdict,updated_at,expected_hash_prefix,current_hash_prefix
QM5_10000,EURUSD.DWX,Q02,INFRA_FAIL,2026-07-28T11:59:26+00:00,6046003fff14bad6,334bef9ee9cd7f87
QM5_10000,GBPUSD.DWX,Q02,PASS,2026-07-23T00:13:58+00:00,6046003fff14bad6,334bef9ee9cd7f87
QM5_10000,GBPUSD.DWX,Q03,INFRA_FAIL,2026-07-29T12:18:03+00:00,6046003fff14bad6,334bef9ee9cd7f87
QM5_10000,XAUUSD.DWX,Q02,FAIL,2026-08-13T14:32:31+00:00,6046003fff14bad6,334bef9ee9cd7f87
QM5_10008,EURUSD.DWX,Q02,PASS,2026-07-27T22:18:47+00:00,97c182de67f9733d,a9f9e22e97a62f78
QM5_10008,USDJPY.DWX,Q02,PASS,2026-07-27T19:31:25+00:00,97c182de67f9733d,a9f9e22e97a62f78
QM5_10008,USDJPY.DWX,Q03,PASS,2026-07-27T20:19:26+00:00,97c182de67f9733d,a9f9e22e97a62f78
QM5_10025,AUDCHF.DWX,Q02,INFRA_FAIL,2026-08-04T00:38:48+00:00,bc76d9cc436fc101,9bf2691d4af0a57d
QM5_10025,AUDNZD.DWX,Q02,INFRA_FAIL,2026-08-04T01:39:16+00:00,bc76d9cc436fc101,9bf2691d4af0a57d
QM5_10025,GDAXI.DWX,Q02,ZERO_TRADES,2026-08-02T20:55:52+00:00,bc76d9cc436fc101,9bf2691d4af0a57d
QM5_10025,NZDCAD.DWX,Q02,ZERO_TRADES,2026-08-03T13:34:24+00:00,bc76d9cc436fc101,9bf2691d4af0a57d
QM5_10025,NZDCHF.DWX,Q02,ZERO_TRADES,2026-08-03T15:35:35+00:00,bc76d9cc436fc101,9bf2691d4af0a57d
QM5_10025,UK100.DWX,Q02,ZERO_TRADES,2026-08-02T22:35:31+00:00,bc76d9cc436fc101,9bf2691d4af0a57d
QM5_10025,XNGUSD.DWX,Q02,ZERO_TRADES,2026-08-03T00:13:38+00:00,bc76d9cc436fc101,9bf2691d4af0a57d
QM5_10025,XTIUSD.DWX,Q02,ZERO_TRADES,2026-08-03T01:04:51+00:00,bc76d9cc436fc101,9bf2691d4af0a57d
QM5_10128,XAUUSD.DWX,Q02,PASS,2026-07-26T18:59:06+00:00,0d53e12208e39784,19f4981bcef86109
QM5_10128,XAUUSD.DWX,Q03,PASS,2026-07-26T18:42:13+00:00,0d53e12208e39784,19f4981bcef86109
QM5_10145,XAUUSD.DWX,Q03,PASS,2026-07-26T18:39:36+00:00,268c228190d87f06,c3f5476eff34ce65
QM5_10147,AUDCAD.DWX,Q02,FAIL,2026-07-28T03:47:06+00:00,dcb983ffbe16a850,12fd25c63ef5aafc
QM5_10147,AUDCHF.DWX,Q02,FAIL,2026-07-28T03:51:32+00:00,dcb983ffbe16a850,12fd25c63ef5aafc
QM5_10147,AUDJPY.DWX,Q02,FAIL,2026-07-28T03:59:43+00:00,dcb983ffbe16a850,12fd25c63ef5aafc
QM5_10147,AUDNZD.DWX,Q02,FAIL,2026-07-28T04:05:07+00:00,dcb983ffbe16a850,12fd25c63ef5aafc
QM5_10147,AUDUSD.DWX,Q02,FAIL,2026-07-28T04:16:00+00:00,dcb983ffbe16a850,12fd25c63ef5aafc
QM5_10147,CADCHF.DWX,Q02,FAIL,2026-07-28T04:18:43+00:00,dcb983ffbe16a850,12fd25c63ef5aafc
QM5_10147,CADJPY.DWX,Q02,FAIL,2026-07-28T04:27:21+00:00,dcb983ffbe16a850,12fd25c63ef5aafc
QM5_10147,CHFJPY.DWX,Q02,FAIL,2026-07-28T04:25:35+00:00,dcb983ffbe16a850,12fd25c63ef5aafc
QM5_10147,EURAUD.DWX,Q02,FAIL,2026-07-28T07:34:43+00:00,dcb983ffbe16a850,12fd25c63ef5aafc
QM5_10147,EURGBP.DWX,Q02,FAIL,2026-07-28T07:54:22+00:00,dcb983ffbe16a850,12fd25c63ef5aafc
QM5_10147,EURJPY.DWX,Q02,FAIL,2026-07-28T08:06:41+00:00,dcb983ffbe16a850,12fd25c63ef5aafc
QM5_10147,EURNZD.DWX,Q02,FAIL,2026-07-28T07:49:39+00:00,dcb983ffbe16a850,12fd25c63ef5aafc
QM5_10147,EURUSD.DWX,Q02,FAIL,2026-07-23T05:44:16+00:00,dcb983ffbe16a850,12fd25c63ef5aafc
QM5_10147,GBPAUD.DWX,Q02,FAIL,2026-07-28T04:53:53+00:00,dcb983ffbe16a850,12fd25c63ef5aafc
QM5_10147,GBPCAD.DWX,Q02,FAIL,2026-07-28T04:49:19+00:00,dcb983ffbe16a850,12fd25c63ef5aafc
QM5_10147,GBPCHF.DWX,Q02,FAIL,2026-07-28T04:54:07+00:00,dcb983ffbe16a850,12fd25c63ef5aafc
QM5_10147,GBPJPY.DWX,Q02,FAIL,2026-07-28T05:01:05+00:00,dcb983ffbe16a850,12fd25c63ef5aafc
QM5_10147,GBPNZD.DWX,Q02,FAIL,2026-07-28T05:03:00+00:00,dcb983ffbe16a850,12fd25c63ef5aafc
QM5_10147,GBPUSD.DWX,Q02,FAIL,2026-07-23T10:19:18+00:00,dcb983ffbe16a850,12fd25c63ef5aafc
QM5_10147,GDAXI.DWX,Q02,FAIL,2026-07-28T03:21:40+00:00,dcb983ffbe16a850,12fd25c63ef5aafc
QM5_10147,NDX.DWX,Q02,INFRA_FAIL,2026-07-27T23:23:42+00:00,dcb983ffbe16a850,12fd25c63ef5aafc
QM5_10147,NZDCAD.DWX,Q02,FAIL,2026-07-28T05:01:22+00:00,dcb983ffbe16a850,12fd25c63ef5aafc
QM5_10147,NZDCHF.DWX,Q02,FAIL,2026-07-28T05:06:56+00:00,dcb983ffbe16a850,12fd25c63ef5aafc
QM5_10147,NZDJPY.DWX,Q02,FAIL,2026-07-28T05:09:41+00:00,dcb983ffbe16a850,12fd25c63ef5aafc
QM5_10147,NZDUSD.DWX,Q02,FAIL,2026-07-28T05:08:41+00:00,dcb983ffbe16a850,12fd25c63ef5aafc
QM5_10147,SP500.DWX,Q02,FAIL,2026-07-27T23:55:32+00:00,dcb983ffbe16a850,12fd25c63ef5aafc
QM5_10147,UK100.DWX,Q02,FAIL,2026-07-27T23:01:43+00:00,dcb983ffbe16a850,12fd25c63ef5aafc
QM5_10147,USDCAD.DWX,Q02,FAIL,2026-07-28T05:13:14+00:00,dcb983ffbe16a850,12fd25c63ef5aafc
QM5_10147,USDCHF.DWX,Q02,FAIL,2026-07-28T05:14:42+00:00,dcb983ffbe16a850,12fd25c63ef5aafc
QM5_10147,USDJPY.DWX,Q02,FAIL,2026-07-26T16:16:43+00:00,dcb983ffbe16a850,12fd25c63ef5aafc
QM5_10147,WS30.DWX,Q02,FAIL,2026-07-27T23:51:27+00:00,dcb983ffbe16a850,12fd25c63ef5aafc
QM5_10147,XAGUSD.DWX,Q02,FAIL,2026-07-27T22:45:27+00:00,dcb983ffbe16a850,12fd25c63ef5aafc
QM5_10147,XAUUSD.DWX,Q02,FAIL,2026-07-28T15:45:39+00:00,dcb983ffbe16a850,12fd25c63ef5aafc
QM5_10147,XNGUSD.DWX,Q02,INFRA_FAIL,2026-07-27T23:49:53+00:00,dcb983ffbe16a850,12fd25c63ef5aafc
QM5_10147,XTIUSD.DWX,Q02,INFRA_FAIL,2026-07-27T23:50:24+00:00,dcb983ffbe16a850,12fd25c63ef5aafc
QM5_10304,AUDJPY.DWX,Q02,FAIL,2026-07-24T03:40:49+00:00,1ec06ff9cbdba9eb,715660cf09ba7653
QM5_10304,CADCHF.DWX,Q02,FAIL,2026-07-24T03:36:38+00:00,1ec06ff9cbdba9eb,715660cf09ba7653
QM5_10304,EURJPY.DWX,Q02,FAIL,2026-08-07T02:35:19+00:00,1ec06ff9cbdba9eb,715660cf09ba7653
QM5_10304,GBPAUD.DWX,Q02,FAIL,2026-07-24T04:11:20+00:00,1ec06ff9cbdba9eb,715660cf09ba7653
QM5_10304,GBPNZD.DWX,Q02,FAIL,2026-07-24T04:12:54+00:00,1ec06ff9cbdba9eb,715660cf09ba7653
QM5_10304,GBPUSD.DWX,Q02,FAIL,2026-08-05T05:35:23+00:00,1ec06ff9cbdba9eb,715660cf09ba7653
QM5_10304,NZDCAD.DWX,Q02,FAIL,2026-07-24T04:20:49+00:00,1ec06ff9cbdba9eb,715660cf09ba7653
QM5_10304,USDCHF.DWX,Q02,FAIL,2026-07-24T04:27:13+00:00,1ec06ff9cbdba9eb,715660cf09ba7653
QM5_10347,EURUSD.DWX,Q02,ZERO_TRADES,2026-08-11T19:00:33+00:00,a4a3e997aa00d784,3f99f9a8eec8c22d
QM5_10440,NDX.DWX,Q03,PASS,2026-08-03T10:32:28+00:00,d9e7d5cdc1998aad,70872f040f407259
QM5_10492,EURUSD.DWX,Q02,PASS,2026-07-27T21:57:10+00:00,defe6f433b9a543b,050192a713b5d30d
QM5_10492,USDJPY.DWX,Q02,PASS,2026-07-26T15:32:34+00:00,defe6f433b9a543b,050192a713b5d30d
QM5_10492,XAUUSD.DWX,Q02,PASS,2026-07-28T06:50:31+00:00,defe6f433b9a543b,050192a713b5d30d
QM5_10565,EURUSD.DWX,Q02,PASS,2026-07-28T20:54:09+00:00,617f604e8bdd0efb,c7637a0a966d6697
QM5_10565,USDCAD.DWX,Q02,PASS,2026-07-26T19:42:33+00:00,617f604e8bdd0efb,c7637a0a966d6697
QM5_10565,XAUUSD.DWX,Q02,INFRA_FAIL,2026-07-29T12:18:03+00:00,617f604e8bdd0efb,c7637a0a966d6697
QM5_10571,GBPUSD.DWX,Q02,PASS,2026-07-27T07:50:30+00:00,98652850ed2b4316,c96f56d83ad858d3
QM5_10571,XAUUSD.DWX,Q02,PASS,2026-07-28T04:10:17+00:00,98652850ed2b4316,c96f56d83ad858d3
QM5_10591,USDJPY.DWX,Q02,INFRA_FAIL,2026-07-29T12:18:03+00:00,ce15d6f50c964841,0dd503bfd16af2b5
QM5_10591,XAUUSD.DWX,Q02,INFRA_FAIL,2026-07-29T12:18:03+00:00,ce15d6f50c964841,0dd503bfd16af2b5
QM5_10648,GBPJPY.DWX,Q02,PASS,2026-08-10T15:27:44+00:00,3572d2a2a74f9e26,32e357fd8d967f3c
QM5_10648,GBPJPY.DWX,Q03,PASS,2026-08-10T20:37:10+00:00,3572d2a2a74f9e26,32e357fd8d967f3c
QM5_10648,GDAXI.DWX,Q02,PASS,2026-08-10T14:23:29+00:00,3572d2a2a74f9e26,32e357fd8d967f3c
QM5_10648,NDX.DWX,Q02,PASS,2026-08-10T16:12:15+00:00,3572d2a2a74f9e26,32e357fd8d967f3c
QM5_10648,XAUUSD.DWX,Q02,PASS,2026-08-10T14:53:14+00:00,3572d2a2a74f9e26,32e357fd8d967f3c
QM5_10649,EURUSD.DWX,Q02,FAIL,2026-08-10T16:49:42+00:00,9761025cec620d64,3bb85b8d7726ae97
QM5_10649,GBPUSD.DWX,Q02,PASS,2026-08-10T16:48:06+00:00,9761025cec620d64,3bb85b8d7726ae97
QM5_10649,GDAXI.DWX,Q02,PASS,2026-08-10T14:40:05+00:00,9761025cec620d64,3bb85b8d7726ae97
QM5_10649,GDAXI.DWX,Q03,PASS,2026-08-10T19:55:16+00:00,9761025cec620d64,3bb85b8d7726ae97
QM5_10649,XAUUSD.DWX,Q02,PASS,2026-08-10T16:40:24+00:00,9761025cec620d64,3bb85b8d7726ae97
QM5_10649,XAUUSD.DWX,Q03,PASS,2026-08-12T17:57:02+00:00,9761025cec620d64,3bb85b8d7726ae97
QM5_10649,XAUUSD.DWX,Q04,None,2026-08-16T11:08:37+00:00,9761025cec620d64,3bb85b8d7726ae97
QM5_10706,XAUUSD.DWX,Q03,PASS,2026-08-01T01:17:03+00:00,fac91bc4422e5cf7,eaffda6f03c8b422
QM5_10763,AUDUSD.DWX,Q02,PASS,2026-07-23T10:22:10+00:00,a275b9ad098e874a,541e3c94bc3f37dd
QM5_10763,GBPUSD.DWX,Q02,PASS,2026-07-23T11:09:14+00:00,a275b9ad098e874a,541e3c94bc3f37dd
QM5_10763,GBPUSD.DWX,Q03,INFRA_FAIL,2026-07-29T12:18:03+00:00,a275b9ad098e874a,541e3c94bc3f37dd
QM5_10763,USDCHF.DWX,Q02,PASS,2026-07-23T10:54:16+00:00,a275b9ad098e874a,541e3c94bc3f37dd
QM5_10763,USDJPY.DWX,Q02,PASS,2026-07-23T11:06:51+00:00,a275b9ad098e874a,541e3c94bc3f37dd
QM5_10782,GBPUSD.DWX,Q02,INFRA_FAIL,2026-07-28T15:48:10+00:00,fa0da11e7e7ed92c,3606ca4c33945b9f
QM5_10782,GDAXI.DWX,Q02,INFRA_FAIL,2026-07-28T11:17:49+00:00,fa0da11e7e7ed92c,3606ca4c33945b9f
QM5_10782,NDX.DWX,Q02,INFRA_FAIL,2026-07-28T17:29:26+00:00,fa0da11e7e7ed92c,3606ca4c33945b9f
QM5_10782,WS30.DWX,Q02,INFRA_FAIL,2026-07-28T10:35:15+00:00,fa0da11e7e7ed92c,3606ca4c33945b9f
QM5_10782,XAUUSD.DWX,Q02,INFRA_FAIL,2026-07-31T11:46:32+00:00,fa0da11e7e7ed92c,3606ca4c33945b9f
QM5_1088,USDJPY.DWX,Q02,FAIL,2026-07-26T22:49:16+00:00,92918d33dd92cc5c,e960b112e0145c34
QM5_10911,GDAXI.DWX,Q03,INFRA_FAIL,2026-07-29T12:18:03+00:00,3f0ee5e83ca4cea2,5199e260020b8ada
QM5_10973,EURUSD.DWX,Q02,PASS,2026-08-11T13:05:42+00:00,d42c2a41b018c8d9,2a9d570f314170d2
QM5_10973,GBPUSD.DWX,Q02,PASS,2026-08-11T08:31:15+00:00,d42c2a41b018c8d9,2a9d570f314170d2
QM5_10973,GBPUSD.DWX,Q03,PASS,2026-08-11T08:18:44+00:00,d42c2a41b018c8d9,2a9d570f314170d2
QM5_10973,WS30.DWX,Q02,PASS,2026-08-11T06:22:37+00:00,d42c2a41b018c8d9,2a9d570f314170d2
QM5_10973,WS30.DWX,Q03,PASS,2026-08-10T19:50:39+00:00,d42c2a41b018c8d9,2a9d570f314170d2
QM5_10973,XAUUSD.DWX,Q02,PASS,2026-08-12T20:04:15+00:00,d42c2a41b018c8d9,2a9d570f314170d2
QM5_10973,XAUUSD.DWX,Q03,PASS,2026-08-12T17:52:55+00:00,d42c2a41b018c8d9,2a9d570f314170d2
QM5_10977,USDJPY.DWX,Q02,ZERO_TRADES,2026-07-28T15:34:37+00:00,24498aeefbfacf32,a6033a1283427856
QM5_10977,XAUUSD.DWX,Q02,ZERO_TRADES,2026-07-31T14:00:23+00:00,24498aeefbfacf32,a6033a1283427856
QM5_10987,GBPUSD.DWX,Q02,PASS,2026-07-23T21:25:21+00:00,4de2797ae7011ca9,d487b3c9f656d77d
QM5_1101,EURGBP.DWX,Q02,ZERO_TRADES,2026-07-23T15:29:05+00:00,ba50b905b17dfa70,c0ad9bbb44fc77fa
QM5_1101,EURUSD.DWX,Q02,None,2026-08-17 08:51:51,ba50b905b17dfa70,c0ad9bbb44fc77fa
QM5_1101,GDAXI.DWX,Q02,ZERO_TRADES,2026-07-23T23:01:35+00:00,ba50b905b17dfa70,c0ad9bbb44fc77fa
QM5_11078,GBPUSD.DWX,Q02,INFRA_FAIL,2026-07-28T11:51:05+00:00,b5b8e9ff78e6f1a1,9afea2a339a2c380
QM5_11078,USDCAD.DWX,Q02,INFRA_FAIL,2026-07-29T12:18:03+00:00,b5b8e9ff78e6f1a1,9afea2a339a2c380
QM5_11078,USDJPY.DWX,Q02,PASS,2026-07-28T14:26:19+00:00,b5b8e9ff78e6f1a1,9afea2a339a2c380
QM5_11078,USDJPY.DWX,Q03,PASS,2026-07-28T19:25:39+00:00,b5b8e9ff78e6f1a1,9afea2a339a2c380
QM5_11091,GBPUSD.DWX,Q02,INFRA_FAIL,2026-07-27T22:48:07+00:00,b9be96838bb70049,5687bd25ba1cc915
QM5_11091,USDJPY.DWX,Q02,INFRA_FAIL,2026-07-28T00:17:25+00:00,b9be96838bb70049,5687bd25ba1cc915
QM5_11091,XAUUSD.DWX,Q02,INFRA_FAIL,2026-07-28T14:44:01+00:00,b9be96838bb70049,5687bd25ba1cc915
QM5_11096,XAUUSD.DWX,Q02,INFRA_FAIL,2026-07-31T11:27:59+00:00,382cb168d63f75dc,4d534db56ba67f13
QM5_11223,USDJPY.DWX,Q02,INFRA_FAIL,2026-07-28T00:19:47+00:00,f03fadfef116bb86,d53c437c0624f428
QM5_11223,XAUUSD.DWX,Q02,INFRA_FAIL,2026-07-28T15:20:32+00:00,f03fadfef116bb86,d53c437c0624f428
QM5_11263,GBPUSD.DWX,Q02,PASS,2026-07-24T15:40:09+00:00,d613a4459b028a5a,1e375839ff0f33f2
QM5_11263,GDAXI.DWX,Q02,INFRA_FAIL,2026-07-29T12:18:03+00:00,d613a4459b028a5a,1e375839ff0f33f2
QM5_11263,XAUUSD.DWX,Q02,INFRA_FAIL,2026-07-29T12:18:03+00:00,d613a4459b028a5a,1e375839ff0f33f2
QM5_11297,GBPUSD.DWX,Q02,PASS,2026-07-25T09:14:08+00:00,80ef280c40eba296,56b36db142f0d8d7
QM5_11297,GDAXI.DWX,Q02,PASS,2026-07-25T06:57:26+00:00,80ef280c40eba296,56b36db142f0d8d7
QM5_11325,GBPUSD.DWX,Q02,INFRA_FAIL,2026-08-11T11:24:20+00:00,b4225ff4bd06c281,2bf875d2a303fe36
QM5_11325,USDJPY.DWX,Q02,INFRA_FAIL,2026-08-11T07:05:26+00:00,b4225ff4bd06c281,2bf875d2a303fe36
QM5_11353,AUDCHF.DWX,Q02,INFRA_FAIL,2026-07-28T15:07:53+00:00,53d767f23e442529,8d786847a22752c3
QM5_11353,AUDJPY.DWX,Q02,INFRA_FAIL,2026-07-28T16:24:01+00:00,53d767f23e442529,8d786847a22752c3
QM5_11353,AUDNZD.DWX,Q02,INFRA_FAIL,2026-07-28T16:00:16+00:00,53d767f23e442529,8d786847a22752c3
QM5_11353,GBPUSD.DWX,Q02,PASS,2026-07-26T21:27:57+00:00,53d767f23e442529,8d786847a22752c3
QM5_11353,USDJPY.DWX,Q02,PASS,2026-07-26T21:32:13+00:00,53d767f23e442529,8d786847a22752c3
QM5_11388,GBPUSD.DWX,Q02,INFRA_FAIL,2026-08-11T11:28:34+00:00,f70dd1ce20e2d4e5,331387bff5154b40
QM5_11388,USDJPY.DWX,Q02,INFRA_FAIL,2026-08-11T07:56:51+00:00,f70dd1ce20e2d4e5,331387bff5154b40
QM5_11405,AUDUSD.DWX,Q02,DRAFT_DEFECT,2026-08-03T14:55:52+00:00,26fa2d71778c26bf,ae2ad03c0aa544f5
QM5_11405,GBPUSD.DWX,Q02,DRAFT_DEFECT,2026-08-03T14:55:52+00:00,26fa2d71778c26bf,ae2ad03c0aa544f5
QM5_11405,USDCAD.DWX,Q02,DRAFT_DEFECT,2026-08-03T14:55:52+00:00,26fa2d71778c26bf,ae2ad03c0aa544f5
QM5_11405,USDCHF.DWX,Q02,DRAFT_DEFECT,2026-08-03T14:55:52+00:00,26fa2d71778c26bf,ae2ad03c0aa544f5
QM5_11405,USDJPY.DWX,Q02,DRAFT_DEFECT,2026-08-03T14:55:52+00:00,26fa2d71778c26bf,ae2ad03c0aa544f5
QM5_11421,EURUSD.DWX,Q03,PASS,2026-07-26T21:35:31+00:00,03455d533ffbf1cc,9dd7facd1da7e2c6
QM5_11422,AUDUSD.DWX,Q02,PASS,2026-07-24T12:33:23+00:00,22a57f4000c5af49,2b98e9e902313148
QM5_11422,AUDUSD.DWX,Q03,PASS,2026-07-24T13:20:16+00:00,22a57f4000c5af49,2b98e9e902313148
QM5_11422,EURUSD.DWX,Q02,PASS,2026-07-24T18:12:42+00:00,22a57f4000c5af49,2b98e9e902313148
QM5_11422,GBPUSD.DWX,Q02,PASS,2026-07-24T13:22:02+00:00,22a57f4000c5af49,2b98e9e902313148
QM5_11422,GBPUSD.DWX,Q03,PASS,2026-07-24T13:55:35+00:00,22a57f4000c5af49,2b98e9e902313148
QM5_11422,USDJPY.DWX,Q02,PASS,2026-07-25T23:48:03+00:00,159e616880681047,2b98e9e902313148
QM5_11422,USDJPY.DWX,Q03,PASS,2026-07-26T00:15:15+00:00,159e616880681047,2b98e9e902313148
QM5_11424,EURUSD.DWX,Q02,PASS,2026-08-16T13:29:55+00:00,8f9724b9c6d0ad8d,4e2448aae80a1f9a
QM5_11424,GBPUSD.DWX,Q02,PASS,2026-08-16T12:46:14+00:00,8f9724b9c6d0ad8d,4e2448aae80a1f9a
QM5_11424,USDJPY.DWX,Q02,PASS,2026-08-16T13:28:31+00:00,8f9724b9c6d0ad8d,4e2448aae80a1f9a
QM5_11424,USDJPY.DWX,Q03,PASS,2026-08-16T04:17:40+00:00,8f9724b9c6d0ad8d,4e2448aae80a1f9a
QM5_11457,AUDUSD.DWX,Q02,PASS,2026-08-10T16:58:10+00:00,74323e10328901c4,4ec8029be1e00ed6
QM5_11457,AUDUSD.DWX,Q03,PASS,2026-08-10T22:58:23+00:00,74323e10328901c4,4ec8029be1e00ed6
QM5_11457,EURUSD.DWX,Q02,PASS,2026-08-10T17:13:05+00:00,74323e10328901c4,4ec8029be1e00ed6
QM5_11457,EURUSD.DWX,Q03,PASS,2026-08-11T12:01:14+00:00,74323e10328901c4,4ec8029be1e00ed6
QM5_11457,GBPUSD.DWX,Q02,PASS,2026-08-10T17:16:30+00:00,74323e10328901c4,4ec8029be1e00ed6
QM5_11521,GBPUSD.DWX,Q02,INFRA_FAIL,2026-07-29T12:18:03+00:00,d44ed08c44286942,93ac53cdea3c7d09
QM5_1156,AUDUSD.DWX,Q02,PASS,2026-07-29T06:34:41+00:00,90c98ef8c2a5761a,b49906e0d11679c2
QM5_1156,GBPUSD.DWX,Q02,ZERO_TRADES,2026-07-29T04:14:34+00:00,90c98ef8c2a5761a,b49906e0d11679c2
QM5_1156,NZDUSD.DWX,Q02,FAIL,2026-07-29T03:54:32+00:00,90c98ef8c2a5761a,b49906e0d11679c2
QM5_1156,USDCHF.DWX,Q02,ZERO_TRADES,2026-07-29T04:02:25+00:00,90c98ef8c2a5761a,b49906e0d11679c2
QM5_1156,USDJPY.DWX,Q02,ZERO_TRADES,2026-07-29T04:18:30+00:00,90c98ef8c2a5761a,b49906e0d11679c2
QM5_11619,AUDUSD.DWX,Q02,INFRA_FAIL,2026-08-02T16:17:17+00:00,e70ca7f4902d6627,4af188afc102ed14
QM5_11619,EURUSD.DWX,Q02,INFRA_FAIL,2026-08-05T09:02:57+00:00,e70ca7f4902d6627,4af188afc102ed14
QM5_11619,GBPUSD.DWX,Q02,INFRA_FAIL,2026-08-02T16:17:25+00:00,e70ca7f4902d6627,4af188afc102ed14
QM5_11888,AUDUSD.DWX,Q02,FAIL,2026-07-27T19:40:54+00:00,2e38cbf1880601af,dbbe38fc80530c86
QM5_11888,EURJPY.DWX,Q02,FAIL,2026-08-11T06:27:04+00:00,4d1f24fc75211762,dbbe38fc80530c86
QM5_11888,EURUSD.DWX,Q02,FAIL,2026-07-28T13:37:38+00:00,2e38cbf1880601af,dbbe38fc80530c86
QM5_11888,GBPJPY.DWX,Q02,FAIL,2026-07-27T20:36:00+00:00,2e38cbf1880601af,dbbe38fc80530c86
QM5_11888,NZDUSD.DWX,Q02,FAIL,2026-07-27T21:27:44+00:00,2e38cbf1880601af,dbbe38fc80530c86
QM5_11888,USDCAD.DWX,Q02,FAIL,2026-07-27T21:49:55+00:00,2e38cbf1880601af,dbbe38fc80530c86
QM5_11888,USDCHF.DWX,Q02,FAIL,2026-07-27T21:57:34+00:00,2e38cbf1880601af,dbbe38fc80530c86
QM5_11888,USDJPY.DWX,Q02,FAIL,2026-07-27T23:42:32+00:00,2e38cbf1880601af,dbbe38fc80530c86
QM5_11894,AUDJPY.DWX,Q02,PASS,2026-07-24T10:25:34+00:00,c21c7a839aff1969,ecee3433f4ff13a5
QM5_11894,AUDUSD.DWX,Q02,PASS,2026-07-24T10:11:30+00:00,c21c7a839aff1969,ecee3433f4ff13a5
QM5_11894,GBPJPY.DWX,Q02,PASS,2026-07-24T10:25:27+00:00,c21c7a839aff1969,ecee3433f4ff13a5
QM5_11894,GBPJPY.DWX,Q03,PASS,2026-07-24T10:37:46+00:00,c21c7a839aff1969,ecee3433f4ff13a5
QM5_11894,GBPUSD.DWX,Q02,PASS,2026-07-24T10:08:26+00:00,c21c7a839aff1969,ecee3433f4ff13a5
QM5_11894,NZDUSD.DWX,Q02,PASS,2026-07-24T10:12:12+00:00,c21c7a839aff1969,ecee3433f4ff13a5
QM5_11894,USDCAD.DWX,Q02,PASS,2026-07-24T09:44:59+00:00,c21c7a839aff1969,ecee3433f4ff13a5
QM5_11894,USDCHF.DWX,Q02,PASS,2026-07-24T09:44:42+00:00,c21c7a839aff1969,ecee3433f4ff13a5
QM5_11894,USDJPY.DWX,Q02,PASS,2026-07-24T10:44:59+00:00,c21c7a839aff1969,ecee3433f4ff13a5
QM5_11894,USDJPY.DWX,Q03,PASS,2026-07-24T18:27:09+00:00,c21c7a839aff1969,ecee3433f4ff13a5
QM5_11897,AUDJPY.DWX,Q02,PASS,2026-08-10T21:41:32+00:00,d67ad611308eee92,0f5a8ba6ec55f553
QM5_11897,AUDUSD.DWX,Q02,PASS,2026-08-10T21:11:30+00:00,d67ad611308eee92,0f5a8ba6ec55f553
QM5_11897,EURJPY.DWX,Q02,PASS,2026-08-11T04:09:30+00:00,d67ad611308eee92,0f5a8ba6ec55f553
QM5_11903,AUDJPY.DWX,Q02,PASS,2026-07-24T20:39:38+00:00,8f80936dc1d80882,1e7bf1c000c95a90
QM5_11903,AUDUSD.DWX,Q02,PASS,2026-07-24T20:17:48+00:00,8f80936dc1d80882,1e7bf1c000c95a90
QM5_11903,EURJPY.DWX,Q02,PASS,2026-07-24T20:36:37+00:00,8f80936dc1d80882,1e7bf1c000c95a90
QM5_11903,EURUSD.DWX,Q02,PASS,2026-07-24T21:37:52+00:00,8f80936dc1d80882,1e7bf1c000c95a90
QM5_11903,GBPJPY.DWX,Q02,PASS,2026-07-24T20:15:02+00:00,8f80936dc1d80882,1e7bf1c000c95a90
QM5_11903,GBPUSD.DWX,Q02,PASS,2026-07-24T20:52:38+00:00,8f80936dc1d80882,1e7bf1c000c95a90
QM5_11903,NZDUSD.DWX,Q02,PASS,2026-07-24T20:34:21+00:00,8f80936dc1d80882,1e7bf1c000c95a90
QM5_11903,USDCAD.DWX,Q02,PASS,2026-07-24T20:18:34+00:00,8f80936dc1d80882,1e7bf1c000c95a90
QM5_11903,USDCHF.DWX,Q02,PASS,2026-07-24T20:24:01+00:00,8f80936dc1d80882,1e7bf1c000c95a90
QM5_11910,AUDJPY.DWX,Q02,PASS,2026-07-24T17:40:28+00:00,dc3ff8914b98dfca,40fc2b902178fce9
QM5_11910,AUDJPY.DWX,Q03,PASS,2026-07-24T18:02:38+00:00,dc3ff8914b98dfca,40fc2b902178fce9
QM5_11910,AUDUSD.DWX,Q02,PASS,2026-07-24T17:40:42+00:00,dc3ff8914b98dfca,40fc2b902178fce9
QM5_11910,EURJPY.DWX,Q02,PASS,2026-07-24T18:15:44+00:00,dc3ff8914b98dfca,40fc2b902178fce9
QM5_11910,EURUSD.DWX,Q02,PASS,2026-07-24T18:04:09+00:00,dc3ff8914b98dfca,40fc2b902178fce9
QM5_11910,GBPJPY.DWX,Q02,PASS,2026-07-24T17:51:02+00:00,dc3ff8914b98dfca,40fc2b902178fce9
QM5_11910,GBPJPY.DWX,Q03,PASS,2026-07-24T18:23:58+00:00,dc3ff8914b98dfca,40fc2b902178fce9
QM5_11910,GBPUSD.DWX,Q02,PASS,2026-07-24T18:00:10+00:00,dc3ff8914b98dfca,40fc2b902178fce9
QM5_11910,NZDUSD.DWX,Q02,PASS,2026-07-24T17:54:23+00:00,dc3ff8914b98dfca,40fc2b902178fce9
QM5_11910,NZDUSD.DWX,Q03,PASS,2026-07-24T18:24:00+00:00,dc3ff8914b98dfca,40fc2b902178fce9
QM5_11910,USDCAD.DWX,Q02,PASS,2026-07-24T17:58:45+00:00,dc3ff8914b98dfca,40fc2b902178fce9
QM5_11910,USDCHF.DWX,Q02,PASS,2026-07-24T18:02:49+00:00,dc3ff8914b98dfca,40fc2b902178fce9
QM5_11912,AUDJPY.DWX,Q02,PASS,2026-07-26T09:24:50+00:00,8ab02feae804cfd4,296ed464891ec0a1
QM5_11912,AUDJPY.DWX,Q03,PASS,2026-07-26T09:47:49+00:00,8ab02feae804cfd4,296ed464891ec0a1
QM5_11912,EURJPY.DWX,Q02,PASS,2026-07-26T10:12:42+00:00,8ab02feae804cfd4,296ed464891ec0a1
QM5_11912,EURUSD.DWX,Q02,PASS,2026-07-26T04:22:18+00:00,8ab02feae804cfd4,296ed464891ec0a1
QM5_11912,GBPUSD.DWX,Q02,PASS,2026-07-26T04:28:20+00:00,8ab02feae804cfd4,296ed464891ec0a1
QM5_11912,NZDUSD.DWX,Q02,PASS,2026-07-26T04:22:26+00:00,8ab02feae804cfd4,296ed464891ec0a1
QM5_11912,USDCAD.DWX,Q02,PASS,2026-07-26T04:15:12+00:00,8ab02feae804cfd4,296ed464891ec0a1
QM5_11912,USDCHF.DWX,Q02,PASS,2026-07-26T04:18:37+00:00,8ab02feae804cfd4,296ed464891ec0a1
QM5_11912,USDJPY.DWX,Q02,PASS,2026-07-26T04:30:09+00:00,8ab02feae804cfd4,296ed464891ec0a1
QM5_11912,USDJPY.DWX,Q03,PASS,2026-07-26T04:43:21+00:00,8ab02feae804cfd4,296ed464891ec0a1
QM5_11916,AUDJPY.DWX,Q02,PASS,2026-07-24T07:26:28+00:00,32268e71a67e7e39,fb2ff02f4c1168d2
QM5_11916,AUDUSD.DWX,Q02,PASS,2026-07-24T07:33:43+00:00,32268e71a67e7e39,fb2ff02f4c1168d2
QM5_11916,EURJPY.DWX,Q02,INFRA_FAIL,2026-07-29T12:18:03+00:00,32268e71a67e7e39,fb2ff02f4c1168d2
QM5_11916,GBPJPY.DWX,Q02,PASS,2026-07-24T08:00:24+00:00,32268e71a67e7e39,fb2ff02f4c1168d2
QM5_11916,GBPJPY.DWX,Q03,PASS,2026-07-24T09:43:41+00:00,32268e71a67e7e39,fb2ff02f4c1168d2
QM5_11916,GBPUSD.DWX,Q02,PASS,2026-07-24T07:50:34+00:00,32268e71a67e7e39,fb2ff02f4c1168d2
QM5_11916,GBPUSD.DWX,Q03,PASS,2026-07-24T10:29:11+00:00,32268e71a67e7e39,fb2ff02f4c1168d2
QM5_11916,NZDUSD.DWX,Q02,FAIL,2026-07-24T07:40:47+00:00,32268e71a67e7e39,fb2ff02f4c1168d2
QM5_11916,USDCAD.DWX,Q02,PASS,2026-07-24T07:35:13+00:00,32268e71a67e7e39,fb2ff02f4c1168d2
QM5_11916,USDCHF.DWX,Q02,PASS,2026-07-24T07:32:43+00:00,32268e71a67e7e39,fb2ff02f4c1168d2
QM5_11916,USDCHF.DWX,Q03,PASS,2026-07-24T10:05:22+00:00,32268e71a67e7e39,fb2ff02f4c1168d2
QM5_11916,USDJPY.DWX,Q02,PASS,2026-07-24T10:34:06+00:00,32268e71a67e7e39,fb2ff02f4c1168d2
QM5_1192,XTIUSD.DWX,Q02,INFRA_FAIL,2026-07-27T23:49:25+00:00,18bb5adcbe413995,afcf887f183de872
QM5_1193,AUDUSD.DWX,Q02,INFRA_FAIL,2026-07-28T20:25:22+00:00,bea4ba54e5978f0a,003efc478c93c59c
QM5_1193,EURUSD.DWX,Q02,INFRA_FAIL,2026-07-31T18:38:33+00:00,bea4ba54e5978f0a,003efc478c93c59c
QM5_1193,GBPUSD.DWX,Q02,INFRA_FAIL,2026-07-28T20:24:31+00:00,bea4ba54e5978f0a,003efc478c93c59c
QM5_1193,USDJPY.DWX,Q02,INFRA_FAIL,2026-07-31T11:44:29+00:00,bea4ba54e5978f0a,003efc478c93c59c
QM5_1229,AUDCAD.DWX,Q02,PASS,2026-07-24T14:37:47+00:00,2ac03868ed7b6c93,a1cb81c11a932a1f
QM5_1229,AUDCHF.DWX,Q02,FAIL,2026-07-24T14:44:47+00:00,2ac03868ed7b6c93,a1cb81c11a932a1f
QM5_1229,AUDJPY.DWX,Q02,FAIL,2026-07-24T14:55:44+00:00,2ac03868ed7b6c93,a1cb81c11a932a1f
QM5_1229,AUDNZD.DWX,Q02,FAIL,2026-07-24T15:01:52+00:00,2ac03868ed7b6c93,a1cb81c11a932a1f
QM5_1229,AUDUSD.DWX,Q02,FAIL,2026-07-24T15:11:39+00:00,2ac03868ed7b6c93,a1cb81c11a932a1f
QM5_1229,CADCHF.DWX,Q02,FAIL,2026-07-24T15:12:52+00:00,2ac03868ed7b6c93,a1cb81c11a932a1f
QM5_1229,CADJPY.DWX,Q02,FAIL,2026-07-24T15:17:05+00:00,2ac03868ed7b6c93,a1cb81c11a932a1f
QM5_1229,CHFJPY.DWX,Q02,FAIL,2026-07-24T15:20:13+00:00,2ac03868ed7b6c93,a1cb81c11a932a1f
QM5_1229,EURAUD.DWX,Q02,FAIL,2026-07-24T15:30:58+00:00,2ac03868ed7b6c93,a1cb81c11a932a1f
QM5_1229,EURCAD.DWX,Q02,INFRA_FAIL,2026-07-28T16:02:26+00:00,2ac03868ed7b6c93,a1cb81c11a932a1f
QM5_1229,EURCHF.DWX,Q02,INFRA_FAIL,2026-07-28T14:41:44+00:00,2ac03868ed7b6c93,a1cb81c11a932a1f
QM5_1229,EURJPY.DWX,Q02,INFRA_FAIL,2026-07-28T15:38:39+00:00,2ac03868ed7b6c93,a1cb81c11a932a1f
QM5_1229,EURNZD.DWX,Q02,FAIL,2026-07-28T14:02:47+00:00,2ac03868ed7b6c93,a1cb81c11a932a1f
QM5_1229,EURUSD.DWX,Q02,FAIL,2026-07-29T04:54:44+00:00,2ac03868ed7b6c93,a1cb81c11a932a1f
QM5_1229,GBPAUD.DWX,Q02,FAIL,2026-07-28T08:51:56+00:00,2ac03868ed7b6c93,a1cb81c11a932a1f
QM5_1229,GBPCAD.DWX,Q02,FAIL,2026-07-28T09:06:53+00:00,2ac03868ed7b6c93,a1cb81c11a932a1f
QM5_1229,GBPCHF.DWX,Q02,FAIL,2026-07-28T09:14:15+00:00,2ac03868ed7b6c93,a1cb81c11a932a1f
QM5_1229,GBPJPY.DWX,Q02,FAIL,2026-07-28T10:02:06+00:00,2ac03868ed7b6c93,a1cb81c11a932a1f
QM5_1229,GBPNZD.DWX,Q02,FAIL,2026-07-28T10:14:04+00:00,2ac03868ed7b6c93,a1cb81c11a932a1f
QM5_1229,GBPUSD.DWX,Q02,FAIL,2026-07-24T16:38:28+00:00,2ac03868ed7b6c93,a1cb81c11a932a1f
QM5_1229,GDAXI.DWX,Q02,FAIL,2026-07-23T05:43:28+00:00,2ac03868ed7b6c93,a1cb81c11a932a1f
QM5_1229,NDX.DWX,Q02,ZERO_TRADES,2026-07-28T17:34:20+00:00,2ac03868ed7b6c93,a1cb81c11a932a1f
QM5_1229,NZDCAD.DWX,Q02,FAIL,2026-07-24T16:01:36+00:00,2ac03868ed7b6c93,a1cb81c11a932a1f
QM5_1229,NZDCHF.DWX,Q02,FAIL,2026-07-24T16:03:18+00:00,2ac03868ed7b6c93,a1cb81c11a932a1f
QM5_1229,NZDJPY.DWX,Q02,FAIL,2026-07-24T16:07:03+00:00,2ac03868ed7b6c93,a1cb81c11a932a1f
QM5_1229,NZDUSD.DWX,Q02,FAIL,2026-07-24T16:10:08+00:00,2ac03868ed7b6c93,a1cb81c11a932a1f
QM5_1229,USDCAD.DWX,Q02,FAIL,2026-07-24T16:11:37+00:00,2ac03868ed7b6c93,a1cb81c11a932a1f
QM5_1229,USDCHF.DWX,Q02,FAIL,2026-07-24T16:10:46+00:00,2ac03868ed7b6c93,a1cb81c11a932a1f
QM5_1229,USDJPY.DWX,Q02,FAIL,2026-07-26T00:52:57+00:00,2ac03868ed7b6c93,a1cb81c11a932a1f
QM5_1231,AUDUSD.DWX,Q02,ZERO_TRADES,2026-08-02T01:06:09+00:00,2f1deb6d6beddc90,d3de676c33f8fb11
QM5_1231,GBPUSD.DWX,Q02,ZERO_TRADES,2026-08-02T00:31:42+00:00,2f1deb6d6beddc90,d3de676c33f8fb11
QM5_1231,NDX.DWX,Q02,FAIL,2026-08-01T07:11:40+00:00,2f1deb6d6beddc90,d3de676c33f8fb11
QM5_1231,UK100.DWX,Q02,ZERO_TRADES,2026-08-01T00:56:06+00:00,2f1deb6d6beddc90,d3de676c33f8fb11
QM5_1231,USDCAD.DWX,Q02,ZERO_TRADES,2026-08-01T23:00:09+00:00,2f1deb6d6beddc90,d3de676c33f8fb11
QM5_1231,USDCHF.DWX,Q02,ZERO_TRADES,2026-08-01T17:10:51+00:00,2f1deb6d6beddc90,d3de676c33f8fb11
QM5_1231,WS30.DWX,Q02,INFRA_FAIL,2026-08-01T01:58:46+00:00,2f1deb6d6beddc90,d3de676c33f8fb11
QM5_12405,GDAXI.DWX,Q02,INFRA_FAIL,2026-07-28T17:38:04+00:00,14e4f1413a796821,53ad2d5c2d0e9b67
QM5_12405,NDX.DWX,Q02,INFRA_FAIL,2026-07-29T01:22:18+00:00,14e4f1413a796821,53ad2d5c2d0e9b67
QM5_12405,SP500.DWX,Q02,INFRA_FAIL,2026-07-29T12:18:03+00:00,14e4f1413a796821,53ad2d5c2d0e9b67
QM5_12405,WS30.DWX,Q02,INFRA_FAIL,2026-07-28T19:12:07+00:00,14e4f1413a796821,53ad2d5c2d0e9b67
QM5_12430,XAUUSD.DWX,Q02,INFRA_FAIL,2026-08-11T20:25:23+00:00,0f264ecd5431f523,c95a74aefef7e3f6
QM5_12435,XAUUSD.DWX,Q02,INFRA_FAIL,2026-08-11T20:30:16+00:00,2f5953e6744a052a,55a4dee833b7ea9e
QM5_12436,XAUUSD.DWX,Q02,INFRA_FAIL,2026-08-11T22:19:34+00:00,4a2ebc944e6ff7f5,001a02c6c5d2e199
QM5_12455,GBPUSD.DWX,Q02,PASS,2026-07-28T16:45:40+00:00,a7c19b72269503ad,87e3a1ccf8e1ab59
QM5_12455,GDAXI.DWX,Q02,FAIL,2026-07-28T11:26:51+00:00,a7c19b72269503ad,87e3a1ccf8e1ab59
QM5_12455,USDJPY.DWX,Q02,PASS,2026-07-28T16:30:25+00:00,a7c19b72269503ad,87e3a1ccf8e1ab59
QM5_12455,XAUUSD.DWX,Q02,PASS,2026-07-31T09:58:37+00:00,a7c19b72269503ad,87e3a1ccf8e1ab59
QM5_12486,GBPUSD.DWX,Q02,INFRA_FAIL,2026-08-11T15:34:27+00:00,17a5dc68f0f2f9cc,1914888fa9340346
QM5_12499,NDX.DWX,Q02,FAIL,2026-08-10T19:59:30+00:00,e3ee8e1ad581e096,e6d86893f3e2709e
QM5_12538,AUDUSD.DWX,Q02,INFRA_FAIL,2026-08-07T22:24:57+00:00,d6bdb066e83c28b6,0157749c0fc7e8ea
QM5_12538,GBPUSD.DWX,Q02,INFRA_FAIL,2026-08-07T11:40:12+00:00,d6bdb066e83c28b6,0157749c0fc7e8ea
QM5_12538,NZDUSD.DWX,Q02,INFRA_FAIL,2026-08-08T21:19:36+00:00,d6bdb066e83c28b6,0157749c0fc7e8ea
QM5_12538,USDCAD.DWX,Q02,INFRA_FAIL,2026-08-10T11:31:44+00:00,d6bdb066e83c28b6,0157749c0fc7e8ea
QM5_12538,USDCHF.DWX,Q02,INFRA_FAIL,2026-08-08T21:19:36+00:00,d6bdb066e83c28b6,0157749c0fc7e8ea
QM5_12538,USDJPY.DWX,Q02,INFRA_FAIL,2026-08-06T00:51:18+00:00,d6bdb066e83c28b6,0157749c0fc7e8ea
QM5_12567,XAUUSD.DWX,Q03,PASS,2026-07-26T21:24:11+00:00,353dddbb93c393dc,8d901924fe7dd2cd
QM5_12599,XTIUSD.DWX,Q02,FAIL,2026-07-26T06:46:16+00:00,0254f9db18dc0a9d,e40ee4d97eec6656
QM5_12919,AUDUSD.DWX,Q02,ZERO_TRADES,2026-08-05T10:19:58+00:00,7221a4ee1be42568,6e915491196f60ba
QM5_12919,NDX.DWX,Q02,ZERO_TRADES,2026-07-25T20:26:01+00:00,7221a4ee1be42568,6e915491196f60ba
QM5_12919,USDJPY.DWX,Q02,ZERO_TRADES,2026-08-08T19:33:50+00:00,7221a4ee1be42568,6e915491196f60ba
QM5_13057,QM5_13057_XTI_GBPCAD_RSPREAD_D1,Q02,PASS,2026-07-24T13:50:14+00:00,0e9a90b7ce4b8af1,c48c0507d3c3c10c
QM5_13146,QM5_13146_XTI_XNG_VOV_D1,Q02,PASS,2026-07-24T19:49:40+00:00,6663cc326e2c53f0,cfac88883e802053
QM5_13213,USDJPY.DWX,Q09,FAIL_PORTFOLIO,2026-08-22T20:58:09+00:00,8d1767d600dbf616,8c99dea16fbf758a
QM5_13301,GDAXI.DWX,Q02,INFRA_FAIL,2026-07-29T12:18:03+00:00,08e55289829a1aef,999702d2ac8885ad
QM5_13301,GDAXI.DWX,Q03,PASS,2026-07-28T20:14:08+00:00,08e55289829a1aef,999702d2ac8885ad
QM5_1537,AUDCHF.DWX,Q02,RETIRE,2026-08-16T10:36:47.793443+00:00,3e70db2a4a06a244,142a019e773a493d
QM5_1537,AUDJPY.DWX,Q02,RETIRE,2026-08-16T10:36:47.793443+00:00,3e70db2a4a06a244,142a019e773a493d
QM5_1537,AUDNZD.DWX,Q02,RETIRE,2026-08-16T10:36:47.793443+00:00,3e70db2a4a06a244,142a019e773a493d
QM5_1537,AUDUSD.DWX,Q02,RETIRE,2026-08-16T10:36:47.793443+00:00,3e70db2a4a06a244,142a019e773a493d
QM5_1537,CADCHF.DWX,Q02,RETIRE,2026-08-16T10:36:47.793443+00:00,3e70db2a4a06a244,142a019e773a493d
QM5_1537,CADJPY.DWX,Q02,RETIRE,2026-08-16T10:36:47.793443+00:00,3e70db2a4a06a244,142a019e773a493d
QM5_1537,CHFJPY.DWX,Q02,RETIRE,2026-08-16T10:36:47.793443+00:00,3e70db2a4a06a244,142a019e773a493d
QM5_1537,EURAUD.DWX,Q02,RETIRE,2026-08-16T10:36:47.793443+00:00,3e70db2a4a06a244,142a019e773a493d
QM5_1537,EURCAD.DWX,Q02,RETIRE,2026-08-16T10:36:47.793443+00:00,3e70db2a4a06a244,142a019e773a493d
QM5_1537,EURCHF.DWX,Q02,RETIRE,2026-08-16T10:36:47.793443+00:00,3e70db2a4a06a244,142a019e773a493d
QM5_1537,EURGBP.DWX,Q02,RETIRE,2026-08-16T10:36:47.793443+00:00,3e70db2a4a06a244,142a019e773a493d
QM5_1537,EURJPY.DWX,Q02,RETIRE,2026-08-16T10:36:47.793443+00:00,3e70db2a4a06a244,142a019e773a493d
QM5_1537,EURNZD.DWX,Q02,RETIRE,2026-08-16T10:36:47.793443+00:00,3e70db2a4a06a244,142a019e773a493d
QM5_1537,EURUSD.DWX,Q02,RETIRE,2026-08-16T10:36:47.793443+00:00,3e70db2a4a06a244,142a019e773a493d
QM5_1537,GBPAUD.DWX,Q02,RETIRE,2026-08-16T10:36:47.793443+00:00,3e70db2a4a06a244,142a019e773a493d
QM5_1537,GBPCAD.DWX,Q02,RETIRE,2026-08-16T10:36:47.793443+00:00,3e70db2a4a06a244,142a019e773a493d
QM5_1537,GBPCHF.DWX,Q02,RETIRE,2026-08-16T10:36:47.793443+00:00,3e70db2a4a06a244,142a019e773a493d
QM5_1537,GBPJPY.DWX,Q02,RETIRE,2026-08-16T10:36:47.793443+00:00,3e70db2a4a06a244,142a019e773a493d
QM5_1537,GBPNZD.DWX,Q02,RETIRE,2026-08-16T10:36:47.793443+00:00,3e70db2a4a06a244,142a019e773a493d
QM5_1537,GBPUSD.DWX,Q02,RETIRE,2026-08-16T10:36:47.793443+00:00,3e70db2a4a06a244,142a019e773a493d
QM5_1537,GDAXI.DWX,Q02,RETIRE,2026-08-15T18:42:50+00:00,3e70db2a4a06a244,142a019e773a493d
QM5_1537,NDX.DWX,Q02,INVALID,2026-08-14T16:44:39+00:00,3e70db2a4a06a244,142a019e773a493d
QM5_1537,NZDCAD.DWX,Q02,RETIRE,2026-08-16T10:36:47.793443+00:00,3e70db2a4a06a244,142a019e773a493d
QM5_1537,NZDCHF.DWX,Q02,RETIRE,2026-08-16T10:36:47.793443+00:00,3e70db2a4a06a244,142a019e773a493d
QM5_1537,NZDJPY.DWX,Q02,RETIRE,2026-08-16T10:36:47.793443+00:00,3e70db2a4a06a244,142a019e773a493d
QM5_1537,NZDUSD.DWX,Q02,RETIRE,2026-08-16T10:36:47.793443+00:00,3e70db2a4a06a244,142a019e773a493d
QM5_1537,SP500.DWX,Q02,ZERO_TRADES,2026-08-15T09:41:20+00:00,3e70db2a4a06a244,142a019e773a493d
QM5_1537,UK100.DWX,Q02,ZERO_TRADES,2026-08-14T07:53:59+00:00,3e70db2a4a06a244,142a019e773a493d
QM5_1537,USDCAD.DWX,Q02,RETIRE,2026-08-16T10:36:47.793443+00:00,3e70db2a4a06a244,142a019e773a493d
QM5_1537,WS30.DWX,Q02,RETIRE,2026-08-15T18:42:50+00:00,3e70db2a4a06a244,142a019e773a493d
QM5_1537,XAUUSD.DWX,Q02,ZERO_TRADES,2026-08-14T03:16:45+00:00,3e70db2a4a06a244,142a019e773a493d
QM5_1560,SP500.DWX,Q02,INFRA_FAIL,2026-07-28T17:03:53+00:00,9c04a7120611a4d8,7570d3226923f5ef
QM5_1560,WS30.DWX,Q02,INFRA_FAIL,2026-07-28T16:26:23+00:00,9c04a7120611a4d8,7570d3226923f5ef
QM5_1560,XTIUSD.DWX,Q02,FAIL,2026-07-23T01:47:36+00:00,9c04a7120611a4d8,7570d3226923f5ef
QM5_1614,EURUSD.DWX,Q03,INFRA_FAIL,2026-07-29T12:18:03+00:00,13c246dd0903b05a,0b567d0b1da0a84c
QM5_1614,GBPUSD.DWX,Q02,PASS,2026-07-23T02:32:06+00:00,13c246dd0903b05a,0b567d0b1da0a84c
QM5_1614,GBPUSD.DWX,Q03,INFRA_FAIL,2026-07-29T12:18:03+00:00,13c246dd0903b05a,0b567d0b1da0a84c
QM5_1626,NDX.DWX,Q02,INFRA_FAIL,2026-08-11T17:56:57+00:00,10fd465da8d8b2bc,787e0b05c68e63e2
QM5_1626,XAUUSD.DWX,Q02,INFRA_FAIL,2026-08-11T22:23:17+00:00,10fd465da8d8b2bc,787e0b05c68e63e2
QM5_1642,AUDUSD.DWX,Q02,FAIL,2026-07-23T05:19:09+00:00,8e9d5a3904da0f8d,ada03e8548298af2
QM5_1642,EURUSD.DWX,Q02,PASS,2026-07-23T09:57:54+00:00,8e9d5a3904da0f8d,ada03e8548298af2
QM5_1642,EURUSD.DWX,Q03,INFRA_FAIL,2026-07-29T12:18:03+00:00,8e9d5a3904da0f8d,ada03e8548298af2
QM5_1642,GBPUSD.DWX,Q02,FAIL,2026-07-23T08:06:46+00:00,8e9d5a3904da0f8d,ada03e8548298af2
QM5_1642,SP500.DWX,Q03,INFRA_FAIL,2026-07-29T12:18:03+00:00,8e9d5a3904da0f8d,ada03e8548298af2
QM5_1642,USDJPY.DWX,Q02,PASS,2026-07-23T14:44:43+00:00,8e9d5a3904da0f8d,ada03e8548298af2
QM5_1642,USDJPY.DWX,Q03,INFRA_FAIL,2026-07-29T12:18:03+00:00,8e9d5a3904da0f8d,ada03e8548298af2
QM5_1642,XTIUSD.DWX,Q03,INFRA_FAIL,2026-07-29T12:18:03+00:00,8e9d5a3904da0f8d,ada03e8548298af2
QM5_2002,XAUUSD.DWX,Q02,PASS,2026-08-13T10:47:40+00:00,fd8042d679f374a5,22e4d414a9ece321
QM5_20033,GDAXI.DWX,Q02,PASS,2026-07-22T21:21:43+00:00,b8eee354f11c682e,831ef4afc465208d
QM5_20036,XTIUSD.DWX,Q02,PASS,2026-07-23T09:24:42+00:00,583e0c1a8d37e033,038aaad596735120
QM5_20073,EURJPY.DWX,Q02,PASS,2026-08-12T18:59:31+00:00,c4d720ac955d36c4,04bd3445580f18b4
QM5_20073,XAUUSD.DWX,Q02,INFRA_FAIL,2026-08-11T22:26:03+00:00,d2e23c5a4b91d431,04bd3445580f18b4
QM5_20096,EURAUD.DWX,Q02,ZERO_TRADES,2026-07-26T16:30:21+00:00,a343d30a5d70d5dc,4a60bfcdbae583c3
QM5_20096,EURCAD.DWX,Q02,ZERO_TRADES,2026-07-26T22:27:40+00:00,a343d30a5d70d5dc,4a60bfcdbae583c3
QM5_20096,GBPUSD.DWX,Q02,ZERO_TRADES,2026-07-27T00:03:30+00:00,a343d30a5d70d5dc,4a60bfcdbae583c3
QM5_20096,USDCHF.DWX,Q02,None,2026-08-21T14:20:33+00:00,531e8e75094cc575,4a60bfcdbae583c3
QM5_20144,USDCHF.DWX,Q02,INFRA_FAIL,2026-07-28T22:55:26+00:00,b2a047bd26cfe010,cf823cbb71c08b08
QM5_20152,EURUSD.DWX,Q02,ZERO_TRADES,2026-08-01T15:14:10+00:00,1518feeb98445551,1568dae6d2b5be07
QM5_20160,XNGUSD.DWX,Q02,DRAFT_DEFECT,2026-07-25T19:55:59+00:00,489b1a28c31da802,8796b1fb235f47eb
QM5_20171,XBRUSD.DWX,Q02,RETIRE,2026-08-12T15:58:09+00:00,f13e3e3ee5ccebfd,5d98078fabd1beb0
QM5_20176,EURUSD.DWX,Q02,PASS,2026-08-16T17:24:36+00:00,8f9daac1b7818a0f,ca4d09c0598f62a8
QM5_20176,GBPUSD.DWX,Q02,INFRA_FAIL,2026-08-16T22:19:38+00:00,9c06c3867f31e0fa,ca4d09c0598f62a8
QM5_20176,NDX.DWX,Q02,PASS,2026-08-16T14:56:27+00:00,8f9daac1b7818a0f,ca4d09c0598f62a8
QM5_20176,USDJPY.DWX,Q02,PASS,2026-08-16T18:05:10+00:00,8f9daac1b7818a0f,ca4d09c0598f62a8
QM5_20176,USDJPY.DWX,Q03,PASS,2026-08-16T22:13:43+00:00,9c06c3867f31e0fa,ca4d09c0598f62a8
QM5_20176,WS30.DWX,Q02,PASS,2026-08-16T16:43:54+00:00,8f9daac1b7818a0f,ca4d09c0598f62a8
QM5_20177,EURUSD.DWX,Q02,DRAFT_DEFECT,2026-08-17T03:22:28+00:00,1a2f22d4edc56afd,8709d1f64dba9509
QM5_20177,GBPUSD.DWX,Q02,DRAFT_DEFECT,2026-08-17T03:22:28+00:00,1a2f22d4edc56afd,8709d1f64dba9509
QM5_20177,NDX.DWX,Q02,DRAFT_DEFECT,2026-08-17T03:22:28+00:00,1a2f22d4edc56afd,8709d1f64dba9509
QM5_20177,WS30.DWX,Q02,DRAFT_DEFECT,2026-08-17T03:22:28+00:00,1a2f22d4edc56afd,8709d1f64dba9509
QM5_20177,XAUUSD.DWX,Q02,DRAFT_DEFECT,2026-08-17T03:22:28+00:00,1a2f22d4edc56afd,8709d1f64dba9509
QM5_20186,QM5_20186_XAU_XAG_SAMECAL_D1,Q02,FAIL,2026-07-31T13:37:14+00:00,e03c3ed88bf36598,bedd374b5f162184
QM5_20205,XTIUSD.DWX,Q02,ZERO_TRADES,2026-08-02T23:44:59+00:00,7ef489cc58fe33c1,89a759edb05f1e0d
QM5_20248,XNGUSD.DWX,Q02,ZERO_TRADES,2026-08-06T11:24:36+00:00,a27373d02afaeef8,c761eb30d42dabea
QM5_20253,XTIUSD.DWX,Q02,ZERO_TRADES,2026-08-06T21:01:52+00:00,a27753fb6afca931,5891a4e0dcb57018
QM5_20276,XTIUSD.DWX,Q02,PASS,2026-08-11T05:03:10+00:00,0b49f69e5bc96491,335aeb69fc4bf8dd
QM5_2076,EURUSD.DWX,Q02,PASS,2026-08-11T02:33:48+00:00,cf9fe6004c7603fd,4827d5d4476d770b
QM5_2076,GDAXI.DWX,Q02,ZERO_TRADES,2026-08-11T02:17:15+00:00,cf9fe6004c7603fd,4827d5d4476d770b
QM5_2076,XAUUSD.DWX,Q02,ZERO_TRADES,2026-08-11T02:31:13+00:00,cf9fe6004c7603fd,4827d5d4476d770b
QM5_21501,USDJPY.DWX,Q02,PASS,2026-08-13T15:43:48+00:00,2353705acade8c9d,33c6b02a840a7b4b
QM5_21501,USDJPY.DWX,Q03,PASS,2026-08-14T02:46:05+00:00,2353705acade8c9d,33c6b02a840a7b4b
QM5_21502,XAUUSD.DWX,Q02,PASS,2026-08-17T18:45:12+00:00,ae50c4cdbac3382f,0d8a1a355cb48612
QM5_21505,XAGUSD.DWX,Q02,PASS,2026-08-17T18:01:37+00:00,0a292b63cfecbc46,395c4747832acbcd
QM5_21506,XAUUSD.DWX,Q02,PASS,2026-08-17T19:17:46+00:00,0ad3b11f8a7544fd,dc1aaf6fe0346282
QM5_21507,XAUUSD.DWX,Q02,PASS,2026-08-17T18:23:24+00:00,bae04dd794a89d95,f45f463a70bb994a
QM5_21513,NDX.DWX,Q02,PASS,2026-08-17T19:25:21+00:00,d57a7d10e5edb10a,711a96570cc024c5
QM5_21523,XTIUSD.DWX,Q02,ZERO_TRADES,2026-08-15T08:32:05+00:00,4a5ca16724d08270,29d12283a836ca3d
QM5_21527,XTIUSD.DWX,Q03,PASS,2026-08-15T22:24:29+00:00,acb704803263f612,e98f4acadf60a490
QM5_41038,XNGUSD.DWX,Q02,PASS,2026-08-17T10:16:37+00:00,3931fc9bfae49a8f,f88148ae52911fd6
QM5_9107,AUDCAD.DWX,Q02,ZERO_TRADES,2026-08-01T15:11:40+00:00,b9821cc0d55cec82,9c9f423b4dda60b1
QM5_9107,AUDJPY.DWX,Q02,ZERO_TRADES,2026-08-03T16:58:39+00:00,b9821cc0d55cec82,9c9f423b4dda60b1
QM5_9107,AUDNZD.DWX,Q02,ZERO_TRADES,2026-08-03T01:25:49+00:00,b9821cc0d55cec82,9c9f423b4dda60b1
QM5_9107,AUDUSD.DWX,Q02,ZERO_TRADES,2026-07-31T07:23:53+00:00,b9821cc0d55cec82,9c9f423b4dda60b1
QM5_9107,CADJPY.DWX,Q02,ZERO_TRADES,2026-08-05T18:06:46+00:00,b9821cc0d55cec82,9c9f423b4dda60b1
QM5_9107,EURAUD.DWX,Q02,ZERO_TRADES,2026-08-05T09:23:14+00:00,b9821cc0d55cec82,9c9f423b4dda60b1
QM5_9107,EURCAD.DWX,Q02,ZERO_TRADES,2026-08-01T20:59:30+00:00,b9821cc0d55cec82,9c9f423b4dda60b1
QM5_9107,EURCHF.DWX,Q02,INFRA_FAIL,2026-08-07T00:24:41+00:00,b9821cc0d55cec82,9c9f423b4dda60b1
QM5_9107,EURGBP.DWX,Q02,ZERO_TRADES,2026-08-06T05:20:29+00:00,b9821cc0d55cec82,9c9f423b4dda60b1
QM5_9107,EURJPY.DWX,Q02,ZERO_TRADES,2026-08-03T01:26:34+00:00,b9821cc0d55cec82,9c9f423b4dda60b1
QM5_9107,EURNZD.DWX,Q02,ZERO_TRADES,2026-08-06T05:07:38+00:00,b9821cc0d55cec82,9c9f423b4dda60b1
QM5_9107,EURUSD.DWX,Q02,ZERO_TRADES,2026-08-01T20:40:47+00:00,b9821cc0d55cec82,9c9f423b4dda60b1
QM5_9107,GBPAUD.DWX,Q02,ZERO_TRADES,2026-08-01T15:34:20+00:00,b9821cc0d55cec82,9c9f423b4dda60b1
QM5_9107,GBPCAD.DWX,Q02,ZERO_TRADES,2026-08-06T22:18:48+00:00,b9821cc0d55cec82,9c9f423b4dda60b1
QM5_9107,GBPCHF.DWX,Q02,ZERO_TRADES,2026-07-31T08:14:41+00:00,b9821cc0d55cec82,9c9f423b4dda60b1
QM5_9107,GBPJPY.DWX,Q02,ZERO_TRADES,2026-08-05T08:29:30+00:00,b9821cc0d55cec82,9c9f423b4dda60b1
QM5_9107,GBPNZD.DWX,Q02,ZERO_TRADES,2026-08-01T00:44:41+00:00,b9821cc0d55cec82,9c9f423b4dda60b1
QM5_9107,GBPUSD.DWX,Q02,ZERO_TRADES,2026-08-01T20:59:37+00:00,b9821cc0d55cec82,9c9f423b4dda60b1
QM5_9107,GDAXI.DWX,Q02,ZERO_TRADES,2026-08-07T02:57:38+00:00,b9821cc0d55cec82,9c9f423b4dda60b1
QM5_9107,NZDCHF.DWX,Q02,ZERO_TRADES,2026-08-01T15:44:10+00:00,b9821cc0d55cec82,9c9f423b4dda60b1
QM5_9107,NZDJPY.DWX,Q02,ZERO_TRADES,2026-08-01T17:40:42+00:00,b9821cc0d55cec82,9c9f423b4dda60b1
QM5_9107,USDCAD.DWX,Q02,ZERO_TRADES,2026-08-05T01:09:30+00:00,b9821cc0d55cec82,9c9f423b4dda60b1
QM5_9107,USDJPY.DWX,Q02,ZERO_TRADES,2026-08-06T23:08:34+00:00,b9821cc0d55cec82,9c9f423b4dda60b1
QM5_9107,XNGUSD.DWX,Q02,INFRA_FAIL,2026-07-29T12:18:03+00:00,b9821cc0d55cec82,9c9f423b4dda60b1
QM5_9194,EURUSD.DWX,Q02,INFRA_FAIL,2026-07-29T12:18:03+00:00,f4e04c5e0851e0f1,07f467ba5c918036
QM5_9404,AUDUSD.DWX,Q02,ZERO_TRADES,2026-07-26T07:29:56+00:00,56ae90e54b54bd7e,20b8892df1f70c14
QM5_9501,AUDUSD.DWX,Q02,FAIL,2026-08-11T03:20:14+00:00,c0b518b985a97d65,062fb24c5177df15
QM5_9501,GDAXI.DWX,Q02,FAIL,2026-08-11T03:03:06+00:00,c0b518b985a97d65,062fb24c5177df15
QM5_9501,XAUUSD.DWX,Q02,FAIL,2026-08-11T04:43:45+00:00,c0b518b985a97d65,062fb24c5177df15
QM5_9936,USDJPY.DWX,Q02,PASS,2026-07-29T23:56:53+00:00,fd4149b3bbf7249b,32ceed06daffac35
QM5_9940,GBPJPY.DWX,Q02,INFRA_FAIL,2026-08-07T00:34:31+00:00,0c9cd300b8ba4120,6e5e7a6920506153
QM5_9940,SP500.DWX,Q03,PASS,2026-08-02T16:57:23+00:00,0c9cd300b8ba4120,6e5e7a6920506153
QM5_9940,USDJPY.DWX,Q02,INFRA_FAIL,2026-08-03T00:29:33+00:00,0c9cd300b8ba4120,6e5e7a6920506153
