cell_key,work_item_id,arm,direction,predicate_id,reference_status,identity_sha256,report_metrics_sha256,trade_list_sha256,trade_count,warm_status,all_exact
DL089_QM5_10706_GBPUSD_DWX_2019_2025:2019:baseline,066dd96a-0c3e-5626-a66f-8ad8799350a6,baseline,NONE,0,AUTHENTICATED_COLD,91732ef23e82c642bcfea76bea410ec7718be6a63ddf5ef76422023209c733f5,20f454a1a66a84b402844256397aaddb8b29cf402c8811d2a1731240aad18bdc,1dc2f4b1536fd8dac8d45c9f1640cf6dd5aeb4cdc1e283c82b5db3edc301f9f7,37,NOT_RUN_UNSUPPORTED_RESIDENT_CONTROL,
DL089_QM5_10706_GBPUSD_DWX_2019_2025:2019:buy_003,8d194d9c-bb08-5031-80e2-d429a61c2aab,buy_003,BUY,3,AUTHENTICATED_COLD,706068d3b34d8cfa5ec88fd29465e0e87061b9cba4626c4018c67461ccfa9ef0,b5ba8ec2fdace12b6ec5cc6cad156598d548d0fc3ecdd24d0c48b97e31890398,4afe6ad2da0a39ca51a6e5e135bd93cdc8a26eab122e5f538b4add4f50b272f9,36,NOT_RUN_UNSUPPORTED_RESIDENT_CONTROL,
DL089_QM5_10706_GBPUSD_DWX_2019_2025:2019:buy_004,9d161246-0574-5a26-ab72-86bdb8ac3582,buy_004,BUY,4,AUTHENTICATED_COLD,00109041fba8a62aed523e7de1b7e2dd0383167c81abf1572d639a45abe64a83,20f454a1a66a84b402844256397aaddb8b29cf402c8811d2a1731240aad18bdc,1dc2f4b1536fd8dac8d45c9f1640cf6dd5aeb4cdc1e283c82b5db3edc301f9f7,37,NOT_RUN_UNSUPPORTED_RESIDENT_CONTROL,
DL089_QM5_10706_GBPUSD_DWX_2019_2025:2019:buy_005,f120c2d0-1b16-53a1-b918-a955b77833bf,buy_005,BUY,5,AUTHENTICATED_COLD,54bd4e5284821d3832f9b2cd52665dc3e6bee2aeb87776026656dbd6d68ba4fa,20f454a1a66a84b402844256397aaddb8b29cf402c8811d2a1731240aad18bdc,1dc2f4b1536fd8dac8d45c9f1640cf6dd5aeb4cdc1e283c82b5db3edc301f9f7,37,NOT_RUN_UNSUPPORTED_RESIDENT_CONTROL,
DL089_QM5_10706_GBPUSD_DWX_2019_2025:2019:buy_006,6365a3b6-d13b-503d-990d-c4cb31fa068b,buy_006,BUY,6,AUTHENTICATED_COLD,4a757941128bedba10eb5d61eaa0801d317a59feb2007e54b5202f32a856d1ef,20f454a1a66a84b402844256397aaddb8b29cf402c8811d2a1731240aad18bdc,1dc2f4b1536fd8dac8d45c9f1640cf6dd5aeb4cdc1e283c82b5db3edc301f9f7,37,NOT_RUN_UNSUPPORTED_RESIDENT_CONTROL,
DL089_QM5_10706_GBPUSD_DWX_2019_2025:2019:buy_007,1a16307c-36a4-5d05-b484-15c2f9116606,buy_007,BUY,7,AUTHENTICATED_COLD,dc6e515818f8eb1652e99c864d6d5e61e492d0a72202a16f898a71abb882782a,29ab35e956fcde45204e7bf3688376cff4bba8f61b5f578c95b448d952de6371,473e29d6b7daabec15a242518737c9121e6c79644c41126e9eae3d27cd8b835c,36,NOT_RUN_UNSUPPORTED_RESIDENT_CONTROL,
DL089_QM5_10706_GBPUSD_DWX_2019_2025:2019:buy_009,b1acc034-8ad9-59e8-92c5-c425452e237f,buy_009,BUY,9,AUTHENTICATED_COLD,02c22d31946152aa57f6353dd751cf94648e4b50b3d929ecce80eb4fd4bbd040,29ab35e956fcde45204e7bf3688376cff4bba8f61b5f578c95b448d952de6371,473e29d6b7daabec15a242518737c9121e6c79644c41126e9eae3d27cd8b835c,36,NOT_RUN_UNSUPPORTED_RESIDENT_CONTROL,
DL089_QM5_10706_GBPUSD_DWX_2019_2025:2019:buy_010,eacc979d-7bd5-5462-9c7f-2e8d46fb10b5,buy_010,BUY,10,AUTHENTICATED_COLD,41208c81455a941972a3e89be1a160b7e7309eecb9c583eab81ecfb4c83ccf8c,20f454a1a66a84b402844256397aaddb8b29cf402c8811d2a1731240aad18bdc,1dc2f4b1536fd8dac8d45c9f1640cf6dd5aeb4cdc1e283c82b5db3edc301f9f7,37,NOT_RUN_UNSUPPORTED_RESIDENT_CONTROL,
DL089_QM5_10706_GBPUSD_DWX_2019_2025:2019:buy_011,7b8cb5e1-c09e-539e-95d9-658486994b86,buy_011,BUY,11,AUTHENTICATED_COLD,3e7d91fa3a834f27362b019d6b02fb5e85f2ca9fdb417a6d6a2fa6eae0ef4b5e,d517928934127c078444f5c48910335319b79128875b1df0b1fb3372e554faa6,999c218c63f87456e118df3f8be599db38a227bc80f1e64d3c3e29d1287a7590,35,NOT_RUN_UNSUPPORTED_RESIDENT_CONTROL,
DL089_QM5_10706_GBPUSD_DWX_2019_2025:2019:buy_008,17d4019b-8a0f-5003-a8b0-3f0bcdb0e81c,buy_008,BUY,8,AUTHENTICATED_COLD,84ba2d9754434cabb35bd4279f3fe8b391c60e637ee43cb61e0d38b760af6765,20f454a1a66a84b402844256397aaddb8b29cf402c8811d2a1731240aad18bdc,1dc2f4b1536fd8dac8d45c9f1640cf6dd5aeb4cdc1e283c82b5db3edc301f9f7,37,NOT_RUN_UNSUPPORTED_RESIDENT_CONTROL,
DL089_QM5_10706_GBPUSD_DWX_2019_2025:2019:buy_012,4258459d-f38e-566c-b2d8-28b652a19e54,buy_012,BUY,12,AUTHENTICATED_COLD,ec2e6c3f2c172293444279824b717832666f84be3d77cc17ec730f6440541f24,20f454a1a66a84b402844256397aaddb8b29cf402c8811d2a1731240aad18bdc,1dc2f4b1536fd8dac8d45c9f1640cf6dd5aeb4cdc1e283c82b5db3edc301f9f7,37,NOT_RUN_UNSUPPORTED_RESIDENT_CONTROL,
DL089_QM5_10706_GBPUSD_DWX_2019_2025:2019:buy_013,05b4a11a-af8f-5504-a5e1-5ef3f1b92649,buy_013,BUY,13,AUTHENTICATED_COLD,5467aec280811e4163def7d24c6d4ed26cb82fa037dd645341a1cbc62961f22c,ce44339eb44c7dd0e6f377d2609e82dcba4441a3a681a5704cc16bc9e3223dd2,9e5c092d473c257131d2d3b96d32ea787846412cb9ce0f0cf9fb8d4be594490f,33,NOT_RUN_UNSUPPORTED_RESIDENT_CONTROL,
DL089_QM5_10706_GBPUSD_DWX_2019_2025:2019:buy_014,a72f0c0b-4145-518b-8919-8569c9edfcb9,buy_014,BUY,14,AUTHENTICATED_COLD,4b1db6c79c978276a938705c17659ed3a586ceb44aa1f6afd827d55dc1297c0c,20f454a1a66a84b402844256397aaddb8b29cf402c8811d2a1731240aad18bdc,1dc2f4b1536fd8dac8d45c9f1640cf6dd5aeb4cdc1e283c82b5db3edc301f9f7,37,NOT_RUN_UNSUPPORTED_RESIDENT_CONTROL,
DL089_QM5_10706_GBPUSD_DWX_2019_2025:2019:buy_015,54f1bf75-3908-5fa1-8205-6ba037d52d3d,buy_015,BUY,15,AUTHENTICATED_COLD,27c4758d573025b9056b26803d28e2a43b1a9efe486df4ac88aeb20b5b366cdd,20f454a1a66a84b402844256397aaddb8b29cf402c8811d2a1731240aad18bdc,1dc2f4b1536fd8dac8d45c9f1640cf6dd5aeb4cdc1e283c82b5db3edc301f9f7,37,NOT_RUN_UNSUPPORTED_RESIDENT_CONTROL,
DL089_QM5_10706_GBPUSD_DWX_2019_2025:2019:buy_016,45b66685-6327-5766-aa41-b580856379e9,buy_016,BUY,16,AUTHENTICATED_COLD,f0030ff1d603289aa9b6946d73b2109284cae481c0ddfae866c2ef37994bf724,f34a3883c94a1e69a9826909ccda6a64f674f9ce9df839b736b2a0e200077c5c,dfefc18564fb858c6318339b2f353e9acf94aa71f1408d89171bfac25e4ab2bd,37,NOT_RUN_UNSUPPORTED_RESIDENT_CONTROL,
