currency,event,probe_symbol,n_obs,peak_offset_min,peak_ratio,baseline_ratio,ratio_at_zero,second_peak_ratio,sharpness,offset_stability_frac,peak_offset_2018_2021,peak_offset_2022_2025,peak_offset_first_half,peak_offset_second_half,split_year,calib_status,applied_offset_min,home_tz,modal_home_local_hhmm,n_instant_verified,n_voided_home_clock,n_voided_local_peak,verified_frac
EUR,CPI Flash Estimate y/y,EURUSD.DWX,6,-330,3.522929949,1.141060255,1.196789972,3.512690196,1.002915074,0,550,1025,360,-330,2022,UNDERPOWERED,,Europe/Berlin,,0,0,0,0
EUR,Core CPI Flash Estimate y/y,EURUSD.DWX,3,-1080,4.948278594,1.081654954,2.176151645,4.790601758,1.032913785,0,,-1080,360,275,2022,UNDERPOWERED,,Europe/Berlin,,0,0,0,0
EUR,ECB Monetary Policy Meeting Accounts,EURUSD.DWX,9,205,4.265329409,1.198744119,3.462385259,3.99650386,1.067265179,0,205,,355,1200,2022,UNDERPOWERED,,Europe/Berlin,,0,0,0,0
EUR,ECB President Draghi Speaks,EURUSD.DWX,15,270,3.545280456,1.206510411,3.392772698,3.392772698,1.044950774,0.06666666667,270,,-1155,270,2022,UNDERPOWERED,,Europe/Berlin,,0,0,0,0
EUR,ECB President Lagarde Speaks,EURUSD.DWX,12,1170,2.540244778,1.222365806,2.532989466,2.532989466,1.002864328,0.08333333333,0,1555,1170,-335,2022,UNDERPOWERED,,Europe/Berlin,,0,0,0,0
EUR,ECB Press Conference,EURUSD.DWX,57,5,3.878862593,1.169233042,3.389360308,3.299290856,1.175665548,0.1578947368,5,45,5,45,2022,NO_SIGNATURE,,Europe/Berlin,,0,0,0,0
EUR,ECOFIN Meetings,EURUSD.DWX,0,,,,,,,,,,,,,UNDERPOWERED,,Europe/Berlin,,0,0,0,
EUR,EU Economic Forecasts,EURUSD.DWX,2,355,4.41958058,1.17183676,2.725312041,4.09355115,1.079644645,0,355,,-155,-1465,2022,UNDERPOWERED,,Europe/Berlin,,0,0,0,0
EUR,EU Economic Summit,EURUSD.DWX,0,,,,,,,,,,,,,UNDERPOWERED,,Europe/Berlin,,0,0,0,
EUR,Euro Summit,EURUSD.DWX,0,,,,,,,,,,,,,UNDERPOWERED,,Europe/Berlin,,0,0,0,
EUR,Eurogroup Meetings,EURUSD.DWX,0,,,,,,,,,,,,,UNDERPOWERED,,Europe/Berlin,,0,0,0,
EUR,European Parliamentary Elections,EURUSD.DWX,0,,,,,,,,,,,,,UNDERPOWERED,,Europe/Berlin,,0,0,0,
EUR,Flash Manufacturing PMI,EURUSD.DWX,0,,,,,,,,,,,,,UNDERPOWERED,,Europe/Berlin,,0,0,0,
EUR,French Flash Manufacturing PMI,EURUSD.DWX,12,450,4.997680091,1.102266984,2.454245362,4.570635325,1.093432255,0.3333333333,,450,75,450,2022,UNDERPOWERED,,Europe/Berlin,,0,0,0,0
EUR,French Flash Services PMI,EURUSD.DWX,35,1095,3.576873004,1.121116334,2.955185907,3.329286724,1.074366163,0.2285714286,15,1095,15,1095,2022,NO_SIGNATURE,,Europe/Berlin,,0,0,0,0
EUR,French Parliamentary Elections,EURUSD.DWX,0,,,,,,,,,,,,,UNDERPOWERED,,Europe/Berlin,,0,0,0,
EUR,French Presidential Election,EURUSD.DWX,0,,,,,,,,,,,,,UNDERPOWERED,,Europe/Berlin,,0,0,0,
EUR,German Constitutional Court Ruling,EURUSD.DWX,0,,,,,,,,,,,,,UNDERPOWERED,,Europe/Berlin,,0,0,0,
EUR,German Federal Elections,EURUSD.DWX,0,,,,,,,,,,,,,UNDERPOWERED,,Europe/Berlin,,0,0,0,
EUR,German Flash Manufacturing PMI,EURUSD.DWX,34,0,4.418266136,1.126729472,4.418266136,3.434917924,1.286279973,0.1176470588,0,435,0,435,2022,NO_SIGNATURE,,Europe/Berlin,,0,0,0,0
EUR,German Flash Services PMI,EURUSD.DWX,60,1095,4.744270192,1.13359052,0.9260033976,4.720486116,1.00503848,0.1666666667,720,1095,720,1095,2022,NO_SIGNATURE,,Europe/Berlin,,0,0,0,0
EUR,German Prelim CPI m/m,EURUSD.DWX,0,,,,,,,,,,,,,UNDERPOWERED,,Europe/Berlin,,0,0,0,
EUR,German Prelim GDP q/q,EURUSD.DWX,4,490,5.452583487,1.135132713,2.667091783,5.404115758,1.00896867,0,490,,-1065,0,2022,UNDERPOWERED,,Europe/Berlin,,0,0,0,0
EUR,German ZEW Economic Sentiment,EURUSD.DWX,3,210,4.99060137,1.053833505,3.224962828,4.264457941,1.170278014,0.6666666667,210,,210,215,2022,UNDERPOWERED,,Europe/Berlin,,0,0,0,0
EUR,German ifo Business Climate,EURUSD.DWX,2,-405,3.871701288,1.014271657,0.7205146971,3.043672916,1.272049065,0.5,185,-405,185,-405,2022,UNDERPOWERED,,Europe/Berlin,,0,0,0,0
EUR,Greek Presidential Elections,EURUSD.DWX,0,,,,,,,,,,,,,UNDERPOWERED,,Europe/Berlin,,0,0,0,
EUR,Italian Parliamentary Election,EURUSD.DWX,0,,,,,,,,,,,,,UNDERPOWERED,,Europe/Berlin,,0,0,0,
EUR,Main Refinancing Rate,EURUSD.DWX,47,50,5.398179877,1.187288872,4.864735158,4.864735158,1.109655449,0.2553191489,50,75,50,75,2022,NO_SIGNATURE,,Europe/Berlin,,0,0,0,0
EUR,Monetary Policy Statement,EURUSD.DWX,57,1025,5.556373252,1.16116837,2.190575418,4.124224624,1.347252819,0.2280701754,1025,1020,1025,1020,2022,NO_SIGNATURE,,Europe/Berlin,,0,0,0,0
EUR,Spanish Flash CPI y/y,EURUSD.DWX,3,330,4.736734211,1.135555476,2.555305525,4.605359748,1.028526428,0.3333333333,,330,-330,330,2022,UNDERPOWERED,,Europe/Berlin,,0,0,0,0
EUR,Spanish Parliamentary Election,EURUSD.DWX,0,,,,,,,,,,,,,UNDERPOWERED,,Europe/Berlin,,0,0,0,
GBP,Annual Budget Release,GBPUSD.DWX,5,0,2.766012451,1.078480826,2.766012451,2.55864354,1.081046425,0,15,80,15,115,2022,UNDERPOWERED,,Europe/London,,0,0,0,0
GBP,Asset Purchase Facility,GBPUSD.DWX,10,0,13.34352413,1.132811394,13.34352413,6.805442774,1.96071359,0.4,0,0,0,0,2022,UNDERPOWERED,,Europe/London,,0,0,0,0
GBP,Autumn Forecast Statement,GBPUSD.DWX,0,,,,,,,,,,,,,UNDERPOWERED,,Europe/London,,0,0,0,
GBP,Average Earnings Index 3m/y,GBPUSD.DWX,20,385,3.096930454,1.1641157,2.228617706,2.765639498,1.119788192,0.2,385,390,0,385,2022,NO_SIGNATURE,,Europe/London,,0,0,0,0
GBP,BOE Gov Bailey Speaks,GBPUSD.DWX,84,-30,2.44684922,1.211580933,1.901001924,2.291187332,1.067939398,0.03571428571,-60,-30,-30,30,2022,NO_SIGNATURE,,Europe/London,,0,0,0,0
GBP,BOE Gov Carney Speaks,GBPUSD.DWX,43,-30,2.549953697,1.159514037,1.988516457,1.863211482,1.368579853,0.09302325581,-30,,-55,-30,2022,NO_SIGNATURE,,Europe/London,,0,0,0,0
GBP,BOE Monetary Policy Report,GBPUSD.DWX,29,930,4.327077787,1.196332232,3.966830824,3.966830824,1.090814804,0.1379310345,930,0,0,930,2022,NO_SIGNATURE,,Europe/London,,0,0,0,0
GBP,Bank Stress Test Results,GBPUSD.DWX,1,20,2.620102215,0.9982964225,1.410562181,2.204429302,1.188562597,1,20,,,20,2022,UNDERPOWERED,,Europe/London,,0,0,0,0
GBP,CPI y/y,GBPUSD.DWX,71,-1050,3.035907934,1.142393688,2.391821842,2.404737836,1.262469401,0.1408450704,-1050,-990,-1050,-990,2022,NO_SIGNATURE,,Europe/London,,0,0,0,0
GBP,Claimant Count Change,GBPUSD.DWX,31,1020,2.530273378,1.079252846,1.207720967,2.092883063,1.208989371,0.1612903226,1165,1020,1020,1020,2022,NO_SIGNATURE,,Europe/London,,0,0,0,0
GBP,Construction PMI,GBPUSD.DWX,5,-1055,3.006181462,1.087411873,1.989103933,2.57312207,1.168301145,0.4,-1055,,-1055,1440,2022,UNDERPOWERED,,Europe/London,,0,0,0,0
GBP,Current Account,GBPUSD.DWX,1,385,9.355990783,1,1.510368664,5.865207373,1.595167943,1,385,,,385,2022,UNDERPOWERED,,Europe/London,,0,0,0,0
GBP,Final Manufacturing PMI,GBPUSD.DWX,6,-1055,3.755883757,1.138884389,2.156324981,2.650268977,1.417170782,0.1666666667,-1055,,-1050,-1055,2022,UNDERPOWERED,,Europe/London,,0,0,0,0
GBP,Final Services PMI,GBPUSD.DWX,8,385,2.615722508,1.082046249,2.19223125,2.601899769,1.005312556,0.125,385,,-1110,385,2022,UNDERPOWERED,,Europe/London,,0,0,0,0
GBP,Flash Manufacturing PMI,GBPUSD.DWX,19,315,3.256404056,1.078446557,3.192716473,3.192716473,1.019947773,0.2631578947,780,315,315,375,2022,UNDERPOWERED,,Europe/London,,0,0,0,0
GBP,Flash Services PMI,GBPUSD.DWX,32,1095,4.470574037,1.066699209,0.93789687,3.463405816,1.290802832,0.3125,780,1095,1095,1095,2022,NO_SIGNATURE,,Europe/London,,0,0,0,0
GBP,GDP m/m,GBPUSD.DWX,27,-420,2.675158717,1.134168876,1.492254407,2.466653693,1.084529509,0.1851851852,245,-420,-420,1020,2022,NO_SIGNATURE,,Europe/London,,0,0,0,0
GBP,Govt Confidence Vote,GBPUSD.DWX,2,-1270,11.62900152,1.081759285,3.086623476,9.875831486,1.177521259,0.5,-1270,510,-1270,510,2022,UNDERPOWERED,,Europe/London,,0,0,0,0
GBP,MPC Asset Purchase Facility Votes,GBPUSD.DWX,9,930,16.32580087,1.048845852,0.992966749,6.918258223,2.359813749,0.5555555556,930,930,930,930,2022,UNDERPOWERED,,Europe/London,,0,0,0,0
GBP,MPC Member Broadbent Speaks,GBPUSD.DWX,0,,,,,,,,,,,,,UNDERPOWERED,,Europe/London,,0,0,0,
GBP,MPC Member Saunders Speaks,GBPUSD.DWX,1,50,6.580717489,1,4.266816143,4.614349776,1.426141885,1,50,,,50,2022,UNDERPOWERED,,Europe/London,,0,0,0,0
GBP,MPC Official Bank Rate Votes,GBPUSD.DWX,54,930,6.595250223,1.153296294,1.549975281,4.149484402,1.589414391,0.2962962963,930,930,930,930,2022,NO_SIGNATURE,,Europe/London,,0,0,0,0
GBP,Manufacturing Production m/m,GBPUSD.DWX,14,1020,2.696351577,1.153729315,1.036058534,2.584985106,1.043082055,0.07142857143,1020,,150,1025,2022,UNDERPOWERED,,Europe/London,,0,0,0,0
GBP,Monetary Policy Report Hearings,GBPUSD.DWX,16,1350,2.285866282,1.103164672,1.834439337,1.996320941,1.145039475,0.125,1540,-1055,1540,1350,2022,UNDERPOWERED,,Europe/London,,0,0,0,0
GBP,Monetary Policy Summary,GBPUSD.DWX,59,930,5.269053668,1.121730923,2.245842359,2.870852595,1.835361967,0.2542372881,930,930,930,930,2022,NO_SIGNATURE,,Europe/London,,0,0,0,0
GBP,Official Bank Rate,GBPUSD.DWX,48,930,6.788511316,1.140495946,1.637674335,4.46605709,1.520023407,0.2916666667,930,930,930,930,2022,NO_SIGNATURE,,Europe/London,,0,0,0,0
GBP,Parliament Brexit Vote,GBPUSD.DWX,1,955,9.089285714,0.9005102041,1.37755102,7.344387755,1.237582494,1,955,,,955,2022,UNDERPOWERED,,Europe/London,,0,0,0,0
GBP,Parliamentary Elections,GBPUSD.DWX,0,,,,,,,,,,,,,UNDERPOWERED,,Europe/London,,0,0,0,
GBP,Prelim GDP q/q,GBPUSD.DWX,7,-340,2.526793883,1.107555746,1.248146294,2.219809848,1.138292942,0.1428571429,-340,1110,-335,-90,2022,UNDERPOWERED,,Europe/London,,0,0,0,0
GBP,Prime Minister Johnson Speaks,GBPUSD.DWX,2,150,4.977312057,1.121385071,1.1677621,3.555123853,1.400039004,0.5,150,,150,1315,2022,UNDERPOWERED,,Europe/London,,0,0,0,0
GBP,Prime Minister May Speaks,GBPUSD.DWX,2,-5,9.262394838,1.246745954,6.018423064,5.367098984,1.72577306,0.5,-5,,105,-5,2022,UNDERPOWERED,,Europe/London,,0,0,0,0
GBP,Retail Sales m/m,GBPUSD.DWX,33,-1440,2.100988381,1.080789973,1.885101881,1.980857019,1.060646156,0.06060606061,-1440,-420,245,-420,2022,NO_SIGNATURE,,Europe/London,,0,0,0,0
GBP,Second Estimate GDP q/q,GBPUSD.DWX,1,-870,7.276965265,1,2.686471664,5.70749543,1.274983985,1,-870,,,-870,2022,UNDERPOWERED,,Europe/London,,0,0,0,0
USD,10-y Bond Auction,EURUSD.DWX,0,,,,,,,,,,,,,UNDERPOWERED,,America/New_York,,0,0,0,
USD,30-y Bond Auction,EURUSD.DWX,0,,,,,,,,,,,,,UNDERPOWERED,,America/New_York,,0,0,0,
USD,ADP Non-Farm Employment Change,EURUSD.DWX,66,-1335,3.924367087,1.16935733,2.981022644,3.758614925,1.044099267,0.1515151515,105,-1275,-1335,-1275,2022,NO_SIGNATURE,,America/New_York,,0,0,0,0
USD,Advance GDP q/q,EURUSD.DWX,23,60,3.557841877,1.181673391,3.36233035,3.36233035,1.058147626,0.1304347826,-1110,60,-1110,60,2022,NO_SIGNATURE,,America/New_York,,0,0,0,0
USD,Average Hourly Earnings m/m,EURUSD.DWX,70,1020,10.21911699,1.108642953,0.8847545477,4.533148079,2.254309105,0.7142857143,1020,1020,1020,1020,2022,CALIBRATED,1020,America/New_York,08:30,58,27,3,0.6590909091
USD,Building Permits,EURUSD.DWX,7,-275,2.968188132,1.113901136,1.370357473,2.911730758,1.019389627,0.1428571429,-275,,1530,-270,2022,UNDERPOWERED,,America/New_York,,0,0,0,0
USD,CB Consumer Confidence,EURUSD.DWX,57,60,3.367682865,1.111115769,3.214022025,3.221865695,1.045258612,0.08771929825,55,60,55,60,2022,NO_SIGNATURE,,America/New_York,,0,0,0,0
USD,CPI m/m,EURUSD.DWX,80,1020,8.088480895,1.071352771,0.8871536752,4.149456359,1.949286893,0.5375,1020,1020,1020,1020,2022,NO_SIGNATURE,,America/New_York,,0,0,0,0
USD,CPI y/y,EURUSD.DWX,86,1020,7.628705836,1.112083287,0.9065745849,3.96042025,1.926236448,0.5,1020,1020,1020,1020,2022,NO_SIGNATURE,,America/New_York,,0,0,0,0
USD,Chicago PMI,EURUSD.DWX,1,-75,8.516853933,1,3.623595506,7.269662921,1.171561051,1,-75,,,-75,2022,UNDERPOWERED,,America/New_York,,0,0,0,0
USD,Congressional Elections,EURUSD.DWX,0,,,,,,,,,,,,,UNDERPOWERED,,America/New_York,,0,0,0,
USD,Core CPI m/m,EURUSD.DWX,76,0,4.438312745,1.153018955,4.438312745,3.421716638,1.297101197,0.3947368421,1020,60,1020,60,2022,NO_SIGNATURE,,America/New_York,,0,0,0,0
USD,Core Durable Goods Orders m/m,EURUSD.DWX,17,-330,3.467726125,1.177253886,2.529271868,3.34935411,1.035341744,0.05882352941,-330,,-415,-330,2022,UNDERPOWERED,,America/New_York,,0,0,0,0
USD,Core PCE Price Index m/m,EURUSD.DWX,32,-420,4.68247239,1.125958612,1.066076207,4.650663749,1.006839592,0.09375,1110,1020,1110,1020,2022,NO_SIGNATURE,,America/New_York,,0,0,0,0
USD,Core PPI m/m,EURUSD.DWX,25,1020,3.858610682,1.122433844,1.534653063,3.465404054,1.113466315,0.12,,1020,1020,1020,2022,NO_SIGNATURE,,America/New_York,,0,0,0,0
USD,Core Retail Sales m/m,EURUSD.DWX,70,1020,5.162916195,1.138252519,1.451097453,3.645667077,1.416178737,0.2857142857,1020,1020,1020,1020,2022,NO_SIGNATURE,,America/New_York,,0,0,0,0
USD,Crude Oil Inventories,EURUSD.DWX,48,1320,3.462102262,1.228427882,2.414689922,2.979463945,1.161988306,0.08333333333,1320,,1320,1325,2022,NO_SIGNATURE,,America/New_York,,0,0,0,0
USD,Durable Goods Orders m/m,EURUSD.DWX,1,1440,4.257641921,1,3.650655022,3.650655022,1.166267943,1,,1440,,1440,2022,UNDERPOWERED,,America/New_York,,0,0,0,0
USD,Empire State Manufacturing Index,EURUSD.DWX,14,1020,6.299489152,1.100808851,1.078153049,5.400682674,1.166424605,0.2142857143,,1020,1020,1020,2022,UNDERPOWERED,,America/New_York,,0,0,0,0
USD,Employment Cost Index q/q,EURUSD.DWX,8,1020,5.082170851,1.132094694,0.7298310279,4.487708898,1.132464464,0.125,,1020,1020,1020,2022,UNDERPOWERED,,America/New_York,,0,0,0,0
USD,FOMC Economic Projections,EURUSD.DWX,27,1350,8.569820089,1.211448993,2.824132521,5.58268682,1.535070901,0.4074074074,1350,1350,1350,1350,2022,NO_SIGNATURE,,America/New_York,,0,0,0,0
USD,FOMC Meeting Minutes,EURUSD.DWX,51,0,3.874468424,1.108957771,3.874468424,3.640852011,1.064165314,0.1764705882,0,1170,0,1170,2022,NO_SIGNATURE,,America/New_York,,0,0,0,0
USD,FOMC Member Bullard Speaks,EURUSD.DWX,0,,,,,,,,,,,,,UNDERPOWERED,,America/New_York,,0,0,0,
USD,FOMC Member Evans Speaks,EURUSD.DWX,1,-370,9.731914894,1,1.659574468,5.063829787,1.921848739,1,-370,,,-370,2022,UNDERPOWERED,,America/New_York,,0,0,0,0
USD,FOMC Member Waller Speaks,EURUSD.DWX,1,1475,6.54,1,0.045,4.495,1.454949944,1,,1475,,1475,2022,UNDERPOWERED,,America/New_York,,0,0,0,0
USD,FOMC Member Williams Speaks,EURUSD.DWX,1,-1230,5.535864979,1,1.430379747,4.35443038,1.271317829,1,,-1230,,-1230,2022,UNDERPOWERED,,America/New_York,,0,0,0,0
USD,FOMC Press Conference,EURUSD.DWX,53,-30,8.132983499,1.135446939,5.106092635,6.65053872,1.222905969,0.320754717,-30,30,-30,30,2022,NO_SIGNATURE,,America/New_York,,0,0,0,0
USD,FOMC Statement,EURUSD.DWX,57,1350,8.567013128,1.133665754,1.437132526,6.506698874,1.316645091,0.3157894737,1350,1350,1350,1350,2022,NO_SIGNATURE,,America/New_York,,0,0,0,0
USD,Fed Announcement,EURUSD.DWX,9,1165,2.820874406,1.09257079,2.119111863,2.399040253,1.175834546,0.1111111111,1165,,1165,60,2022,UNDERPOWERED,,America/New_York,,0,0,0,0
USD,Fed Chair Powell Speaks,EURUSD.DWX,69,0,2.288043356,1.227127647,2.288043356,2.269261773,1.008276517,0.115942029,-270,-330,0,-330,2022,NO_SIGNATURE,,America/New_York,,0,0,0,0
USD,Fed Chair Powell Testifies,EURUSD.DWX,47,1020,3.280081347,1.03174405,2.31933778,2.666617875,1.230053011,0.1063829787,1020,1350,1020,1020,2022,NO_SIGNATURE,,America/New_York,,0,0,0,0
USD,Federal Funds Rate,EURUSD.DWX,46,0,7.394855793,1.145789462,7.394855793,6.071480321,1.217965867,0.3260869565,0,60,0,60,2022,NO_SIGNATURE,,America/New_York,,0,0,0,0
USD,Final GDP q/q,EURUSD.DWX,15,1500,2.872929334,1.096958871,2.160956783,2.54114765,1.130563718,0.1333333333,525,1500,-1530,1500,2022,UNDERPOWERED,,America/New_York,,0,0,0,0
USD,Final Manufacturing PMI,EURUSD.DWX,1,350,10.69483568,1,2.361502347,9.342723005,1.144723618,1,,350,,350,2022,UNDERPOWERED,,America/New_York,,0,0,0,0
USD,Flash Manufacturing PMI,EURUSD.DWX,17,60,3.978090589,1.133815948,2.528693195,2.976834883,1.33634909,0.2352941176,-375,60,60,60,2022,UNDERPOWERED,,America/New_York,,0,0,0,0
USD,Flash Services PMI,EURUSD.DWX,25,1095,5.462519137,1.130116541,1.396506192,3.645605986,1.4983844,0.36,705,1095,1095,1095,2022,NO_SIGNATURE,,America/New_York,,0,0,0,0
USD,Housing Starts,EURUSD.DWX,1,-1380,9.473684211,1,1.035087719,5.872807018,1.613144137,1,,-1380,,-1380,2022,UNDERPOWERED,,America/New_York,,0,0,0,0
USD,ISM Manufacturing PMI,EURUSD.DWX,40,0,4.282586408,1.196447951,4.282586408,3.614635487,1.184790672,0.225,0,0,0,0,2022,NO_SIGNATURE,,America/New_York,,0,0,0,0
USD,ISM Services PMI,EURUSD.DWX,56,0,3.775933327,1.159547576,3.775933327,3.166519363,1.192455467,0.125,0,1410,0,1410,2022,NO_SIGNATURE,,America/New_York,,0,0,0,0
USD,JOLTS Job Openings,EURUSD.DWX,41,1110,3.98200765,1.151583274,1.748750154,2.798770052,1.422770566,0.2195121951,915,1110,1110,1110,2022,NO_SIGNATURE,,America/New_York,,0,0,0,0
USD,New Home Sales,EURUSD.DWX,1,1410,7.362162162,1,2.778378378,5.767567568,1.276476101,1,,1410,,1410,2022,UNDERPOWERED,,America/New_York,,0,0,0,0
USD,Non-Farm Employment Change,EURUSD.DWX,88,1020,9.707317115,1.132976046,0.9029589923,4.435039627,2.188777989,0.6136363636,1020,1020,1020,1020,2022,CALIBRATED,1020,America/New_York,08:30,71,13,4,0.8068181818
USD,PPI m/m,EURUSD.DWX,61,-420,5.003292511,1.151324194,1.502200356,4.750074043,1.05330832,0.2950819672,-420,-420,-420,-420,2022,NO_SIGNATURE,,America/New_York,,0,0,0,0
USD,Pending Home Sales m/m,EURUSD.DWX,6,1410,6.001502952,1.085759601,3.479522027,5.464319205,1.098307534,0.3333333333,300,1410,-30,1410,2022,UNDERPOWERED,,America/New_York,,0,0,0,0
USD,Personal Spending m/m,EURUSD.DWX,2,-295,6.867863285,1.023647748,0.4269675169,6.786056004,1.012055203,0.5,-295,,-295,1145,2022,UNDERPOWERED,,America/New_York,,0,0,0,0
USD,Philly Fed Manufacturing Index,EURUSD.DWX,6,785,3.931899001,1.118914986,1.922421719,3.519573903,1.117151993,0.1666666667,785,-90,785,-90,2022,UNDERPOWERED,,America/New_York,,0,0,0,0
USD,Prelim GDP q/q,EURUSD.DWX,23,-275,3.472342426,1.140576969,1.728497056,3.108279829,1.117126712,0.04347826087,-275,1020,-275,1020,2022,NO_SIGNATURE,,America/New_York,,0,0,0,0
USD,Prelim UoM Consumer Sentiment,EURUSD.DWX,0,,,,,,,,,,,,,UNDERPOWERED,,America/New_York,,0,0,0,
USD,Prelim UoM Inflation Expectations,EURUSD.DWX,1,855,4.527851459,0.9628647215,0.3819628647,3.920424403,1.154939107,1,,855,,855,2022,UNDERPOWERED,,America/New_York,,0,0,0,0
USD,President Biden Speaks,EURUSD.DWX,4,-90,3.625200744,1.047122198,1.029349026,3.56714242,1.016275864,0,-90,,1490,-55,2022,UNDERPOWERED,,America/New_York,,0,0,0,0
USD,President Trump Speaks,EURUSD.DWX,29,1020,2.734876841,1.058398188,0.9240871764,2.222163692,1.230726994,0.1379310345,1020,1010,755,1020,2022,NO_SIGNATURE,,America/New_York,,0,0,0,0
USD,Presidential Election,EURUSD.DWX,0,,,,,,,,,,,,,UNDERPOWERED,,America/New_York,,0,0,0,
USD,Retail Sales m/m,EURUSD.DWX,78,1020,6.098817768,1.097226673,0.8698032187,4.28942779,1.42182549,0.3333333333,1020,1020,1020,1020,2022,NO_SIGNATURE,,America/New_York,,0,0,0,0
USD,Revised UoM Consumer Sentiment,EURUSD.DWX,3,1110,5.579487569,1.038054884,0.6393525499,3.916507656,1.424607855,0,,1110,1020,1545,2022,UNDERPOWERED,,America/New_York,,0,0,0,0
USD,S&P/CS Composite-20 HPI y/y,EURUSD.DWX,1,120,11.79005525,1,1.917127072,8.834254144,1.334584115,1,,120,,120,2022,UNDERPOWERED,,America/New_York,,0,0,0,0
USD,Treasury Currency Report,EURUSD.DWX,3,1125,3.774205907,1.037330042,1.54143887,3.253166244,1.16016386,0.6666666667,,1125,-30,1125,2022,UNDERPOWERED,,America/New_York,,0,0,0,0
USD,Treasury Sec Mnuchin Speaks,EURUSD.DWX,3,-415,6.648028405,1.069708942,1.219273366,4.913401689,1.353039874,0.3333333333,-415,,-415,-420,2022,UNDERPOWERED,,America/New_York,,0,0,0,0
USD,Treasury Sec Yellen Speaks,EURUSD.DWX,1,240,14.99541284,0.997706422,1.194954128,13.85321101,1.082450331,1,240,,,240,2022,UNDERPOWERED,,America/New_York,,0,0,0,0
USD,Unemployment Claims,EURUSD.DWX,111,1020,4.309298019,1.111318362,1.541060541,3.230097712,1.334107635,0.1621621622,1170,1020,1020,1020,2022,NO_SIGNATURE,,America/New_York,,0,0,0,0
USD,Unemployment Rate,EURUSD.DWX,88,1020,9.707317115,1.132976046,0.9029589923,4.435039627,2.188777989,0.6136363636,1020,1020,1020,1020,2022,CALIBRATED,1020,America/New_York,08:30,71,13,4,0.8068181818
