event_id,cluster_id,currency,event,raw_datetime_utc,applied_offset_min,release_utc,us_dst,release_broker_epoch,year,weekday,broker_hhmm,era,actual,forecast,surprise,surprise_n_3y,surprise_mean_3y,surprise_sd_3y,surprise_z,polarity,direction,is_confounded,instant_verified,instant_void_reason,home_tz,home_local_hhmm,local_peak_offset_min,cluster_rank,cluster_is_primary,cluster_direction,cluster_dir_rule
5069af14ef5e,f92372861593,USD,Average Hourly Earnings m/m,2018.01.04 20:30,1020,2018-01-05T13:30:00Z,0,1515166200,2018,4,15:30,IS,0.3,0.3,0,29,-0.03103448276,0.136718811,0.2269949725,1,1,0,1,,America/New_York,08:30,0,15,0,-1,primary_event_rank
c33fbcc50633,f92372861593,USD,Non-Farm Employment Change,2018.01.04 20:30,1020,2018-01-05T13:30:00Z,0,1515166200,2018,4,15:30,IS,148000,190000,-42000,36,-916.6666667,56700.66382,-0.7245652972,1,-1,0,1,,America/New_York,08:30,0,2,1,-1,primary_event_rank
6b05c8742374,f92372861593,USD,Unemployment Rate,2018.01.04 20:30,1020,2018-01-05T13:30:00Z,0,1515166200,2018,4,15:30,IS,4.1,4.1,0,36,-0.02222222222,0.1057016533,0.2102353325,-1,-1,0,1,,America/New_York,08:30,0,13,0,-1,primary_event_rank
4712c09b5216,6d760a8e28fa,USD,Non-Farm Employment Change,2018.02.01 20:30,1020,2018-02-02T13:30:00Z,0,1517585400,2018,4,15:30,IS,200000,181000,19000,36,-2388.888889,57059.07162,0.3748551857,1,1,0,1,,America/New_York,08:30,0,2,1,1,primary_event_rank
173f9b6427f9,6d760a8e28fa,USD,Unemployment Rate,2018.02.01 20:30,1020,2018-02-02T13:30:00Z,0,1517585400,2018,4,15:30,IS,4.1,4.1,0,36,-0.01944444444,0.1049323709,0.1853045373,-1,-1,0,1,,America/New_York,08:30,0,13,0,1,primary_event_rank
2d0530cb8a89,32c6eb0788a5,USD,Average Hourly Earnings m/m,2018.02.02 13:30,1020,2018-02-03T06:30:00Z,0,1517646600,2018,5,08:30,IS,0.3,0.2,0.1,30,-0.03,0.1345362405,0.9662823901,1,,0,0,home_clock_mismatch,America/New_York,01:30,,15,0,,primary_event_rank
20f0d4bb5fb7,0fd6a60ec160,USD,Average Hourly Earnings m/m,2018.03.08 20:30,1020,2018-03-09T13:30:00Z,0,1520609400,2018,4,15:30,IS,0.1,0.2,-0.1,31,-0.02580645161,0.1343268569,-0.5523359224,1,-1,0,1,,America/New_York,08:30,0,15,0,1,primary_event_rank
7a6e9f2fc972,0fd6a60ec160,USD,Non-Farm Employment Change,2018.03.08 20:30,1020,2018-03-09T13:30:00Z,0,1520609400,2018,4,15:30,IS,313000,205000,108000,35,-4085.714286,57001.94053,1.966349097,1,1,0,1,,America/New_York,08:30,0,2,1,1,primary_event_rank
48f0e536cc6e,0fd6a60ec160,USD,Unemployment Rate,2018.03.08 20:30,1020,2018-03-09T13:30:00Z,0,1520609400,2018,4,15:30,IS,4.1,4,0.1,35,-0.02,0.1036477551,1.157767477,-1,-1,0,1,,America/New_York,08:30,0,13,0,1,primary_event_rank
471aa9798a6c,394093ddec54,USD,Average Hourly Earnings m/m,2018.04.05 19:30,1020,2018-04-06T12:30:00Z,1,1523028600,2018,4,15:30,IS,0.3,0.3,0,32,-0.028125,0.1328400707,0.2117207546,1,1,0,1,,America/New_York,08:30,0,15,0,-1,primary_event_rank
e561a4b0c790,394093ddec54,USD,Non-Farm Employment Change,2018.04.05 19:30,1020,2018-04-06T12:30:00Z,1,1523028600,2018,4,15:30,IS,103000,188000,-85000,35,2428.571429,56407.84429,-1.549936406,1,-1,0,1,,America/New_York,08:30,0,2,1,-1,primary_event_rank
d2394a863031,394093ddec54,USD,Unemployment Rate,2018.04.05 19:30,1020,2018-04-06T12:30:00Z,1,1523028600,2018,4,15:30,IS,4.1,4,0.1,35,-0.01714285714,0.1055210589,1.11013724,-1,-1,0,1,,America/New_York,08:30,0,13,0,-1,primary_event_rank
69fb5eda6873,b24edb95971d,USD,Non-Farm Employment Change,2018.05.03 19:30,1020,2018-05-04T12:30:00Z,1,1525447800,2018,4,15:30,IS,164000,190000,-26000,36,0,57444.65936,-0.4526095252,1,-1,0,1,,America/New_York,08:30,0,2,1,-1,primary_event_rank
d7a0d8087b26,b24edb95971d,USD,Unemployment Rate,2018.05.03 19:30,1020,2018-05-04T12:30:00Z,1,1525447800,2018,4,15:30,IS,3.9,4,-0.1,36,-0.01388888889,0.1058110942,-0.8138193048,-1,1,0,1,,America/New_York,08:30,0,13,0,-1,primary_event_rank
877a32c7a435,4b9ae05e37b9,USD,Average Hourly Earnings m/m,2018.05.04 12:30,1020,2018-05-05T05:30:00Z,1,1525509000,2018,5,08:30,IS,0.1,0.2,-0.1,33,-0.02727272727,0.1309006731,-0.5555912815,1,,0,0,home_clock_mismatch,America/New_York,01:30,,15,0,,primary_event_rank
86b6c86f087d,2caba4dcacf5,USD,Non-Farm Employment Change,2018.05.31 19:30,1020,2018-06-01T12:30:00Z,1,1527867000,2018,4,15:30,IS,223000,189000,34000,36,-583.3333333,57598.8884,0.6004166798,1,1,0,1,,America/New_York,08:30,0,2,1,1,primary_event_rank
71ee568d982a,2caba4dcacf5,USD,Unemployment Rate,2018.05.31 19:30,1020,2018-06-01T12:30:00Z,1,1527867000,2018,4,15:30,IS,3.8,3.9,-0.1,36,-0.01666666667,0.1067187373,-0.7808688094,-1,1,0,1,,America/New_York,08:30,0,13,0,1,primary_event_rank
32363ecf3d11,8a8fbdf080a8,USD,Average Hourly Earnings m/m,2018.06.01 12:30,1020,2018-06-02T05:30:00Z,1,1527928200,2018,5,08:30,IS,0.3,0.2,0.1,34,-0.02941176471,0.1295453856,0.9989685402,1,,0,0,home_clock_mismatch,America/New_York,01:30,,15,0,,primary_event_rank
1ca37356c1c1,62947b58f471,USD,Average Hourly Earnings m/m,2018.07.05 19:30,1020,2018-07-06T12:30:00Z,1,1530891000,2018,4,15:30,IS,0.2,0.3,-0.1,35,-0.02571428571,0.1294887908,-0.5736845161,1,-1,0,1,,America/New_York,08:30,0,15,0,1,primary_event_rank
b89e3a8df675,62947b58f471,USD,Non-Farm Employment Change,2018.07.05 19:30,1020,2018-07-06T12:30:00Z,1,1530891000,2018,4,15:30,IS,213000,195000,18000,35,-1057.142857,57851.01202,0.3294176228,1,1,0,1,,America/New_York,08:30,0,2,1,1,primary_event_rank
8d45e3102ef6,62947b58f471,USD,Unemployment Rate,2018.07.05 19:30,1020,2018-07-06T12:30:00Z,1,1530891000,2018,4,15:30,IS,4,3.8,0.2,35,-0.02,0.1063686313,2.068278941,-1,-1,0,1,,America/New_York,08:30,0,13,0,1,primary_event_rank
5021c805a337,97265f1de52b,USD,Average Hourly Earnings m/m,2018.08.02 19:30,1020,2018-08-03T12:30:00Z,1,1533310200,2018,4,15:30,IS,0.3,0.3,0,36,-0.02777777778,0.1282599598,0.2165740409,1,1,0,1,,America/New_York,08:30,0,15,0,-1,primary_event_rank
a1d38e11a99f,97265f1de52b,USD,Non-Farm Employment Change,2018.08.02 19:30,1020,2018-08-03T12:30:00Z,1,1533310200,2018,4,15:30,IS,157000,191000,-34000,36,-527.7777778,57127.774,-0.5859185451,1,-1,0,1,,America/New_York,08:30,0,2,1,-1,primary_event_rank
1056708c725e,97265f1de52b,USD,Unemployment Rate,2018.08.02 19:30,1020,2018-08-03T12:30:00Z,1,1533310200,2018,4,15:30,IS,3.9,3.9,0,36,-0.01388888889,0.1109373642,0.1251957715,-1,-1,0,1,,America/New_York,08:30,0,13,0,-1,primary_event_rank
b65a79142170,30250050d88e,USD,Average Hourly Earnings m/m,2018.09.06 19:30,1020,2018-09-07T12:30:00Z,1,1536334200,2018,4,15:30,IS,0.4,0.2,0.2,35,-0.03142857143,0.1282217467,1.804908897,1,1,0,1,,America/New_York,08:30,0,15,0,1,primary_event_rank
dae2ae0222b2,30250050d88e,USD,Non-Farm Employment Change,2018.09.06 19:30,1020,2018-09-07T12:30:00Z,1,1536334200,2018,4,15:30,IS,201000,191000,10000,35,-114.2857143,57778.28135,0.1750534193,1,1,0,1,,America/New_York,08:30,0,2,1,1,primary_event_rank
002fdbe4ea1f,30250050d88e,USD,Unemployment Rate,2018.09.06 19:30,1020,2018-09-07T12:30:00Z,1,1536334200,2018,4,15:30,IS,3.9,3.8,0.1,35,-0.01142857143,0.1115384074,0.9990152632,-1,-1,0,1,,America/New_York,08:30,0,13,0,1,primary_event_rank
833dd66bdb60,9dc57c8782f2,USD,Average Hourly Earnings m/m,2018.10.04 20:30,1020,2018-10-05T13:30:00Z,1,1538757000,2018,4,16:30,IS,0.3,0.3,0,35,-0.02,0.1304935685,0.1532642583,1,,0,0,home_clock_mismatch,America/New_York,09:30,-60,15,0,,primary_event_rank
cfbab75f53c9,9dc57c8782f2,USD,Non-Farm Employment Change,2018.10.04 20:30,1020,2018-10-05T13:30:00Z,1,1538757000,2018,4,16:30,IS,134000,185000,-51000,35,1857.142857,56906.00915,-0.9288499342,1,,0,0,home_clock_mismatch,America/New_York,09:30,-60,2,0,,primary_event_rank
0448197397f3,9dc57c8782f2,USD,Unemployment Rate,2018.10.04 20:30,1020,2018-10-05T13:30:00Z,1,1538757000,2018,4,16:30,IS,3.7,3.8,-0.1,35,-0.008571428571,0.1130649082,-0.8086379132,-1,,0,0,home_clock_mismatch,America/New_York,09:30,-60,13,0,,primary_event_rank
5479f8abc043,bab74b37c0ff,USD,Average Hourly Earnings m/m,2018.11.01 20:30,1020,2018-11-02T13:30:00Z,1,1541176200,2018,4,16:30,IS,0.2,0.2,0,36,-0.01944444444,0.1287103649,0.1510713179,1,,0,0,home_clock_mismatch,America/New_York,09:30,-60,15,0,,primary_event_rank
13badabf0b7d,bab74b37c0ff,USD,Non-Farm Employment Change,2018.11.01 20:30,1020,2018-11-02T13:30:00Z,1,1541176200,2018,4,16:30,IS,250000,194000,56000,36,388.8888889,56778.45727,0.9794403333,1,,0,0,home_clock_mismatch,America/New_York,09:30,-60,2,0,,primary_event_rank
6bfa2652b25a,bab74b37c0ff,USD,Unemployment Rate,2018.11.01 20:30,1020,2018-11-02T13:30:00Z,1,1541176200,2018,4,16:30,IS,3.7,3.7,0,36,-0.01111111111,0.1124914263,0.09877295966,-1,,0,0,home_clock_mismatch,America/New_York,09:30,-60,13,0,,primary_event_rank
074a0968194a,f46040b03373,USD,Average Hourly Earnings m/m,2018.12.06 20:30,1020,2018-12-07T13:30:00Z,0,1544196600,2018,4,15:30,IS,0.2,0.3,-0.1,35,-0.02571428571,0.1249979592,-0.5942954171,1,-1,0,1,,America/New_York,08:30,0,15,0,-1,primary_event_rank
e9c17828b117,f46040b03373,USD,Non-Farm Employment Change,2018.12.06 20:30,1020,2018-12-07T13:30:00Z,0,1544196600,2018,4,15:30,IS,155000,198000,-43000,35,-857.1428571,56308.40732,-0.748429216,1,-1,0,1,,America/New_York,08:30,0,2,1,-1,primary_event_rank
b253f8bd00ca,f46040b03373,USD,Unemployment Rate,2018.12.06 20:30,1020,2018-12-07T13:30:00Z,0,1544196600,2018,4,15:30,IS,3.7,3.7,0,35,-0.01142857143,0.1140712273,0.100188029,-1,-1,0,1,,America/New_York,08:30,0,13,0,-1,primary_event_rank
091d33b76888,a2ae7ace31e2,USD,Average Hourly Earnings m/m,2019.01.03 20:30,1020,2019-01-04T13:30:00Z,0,1546615800,2019,4,15:30,IS,0.4,0.3,0.1,36,-0.02777777778,0.1238527601,1.031690999,1,1,0,1,,America/New_York,08:30,0,15,0,1,primary_event_rank
6ec99acc159b,a2ae7ace31e2,USD,Non-Farm Employment Change,2019.01.03 20:30,1020,2019-01-04T13:30:00Z,0,1546615800,2019,4,15:30,IS,312000,179000,133000,36,-2027.777778,55951.11264,2.413317116,1,1,0,1,,America/New_York,08:30,0,2,1,1,primary_event_rank
38d19e020ea4,a2ae7ace31e2,USD,Unemployment Rate,2019.01.03 20:30,1020,2019-01-04T13:30:00Z,0,1546615800,2019,4,15:30,IS,3.9,3.7,0.2,36,-0.01111111111,0.1124914263,1.876686234,-1,-1,0,1,,America/New_York,08:30,0,13,0,1,primary_event_rank
b421bd38b9ab,c1d6b8e69f15,USD,Non-Farm Employment Change,2019.01.31 20:30,1020,2019-02-01T13:30:00Z,0,1549035000,2019,4,15:30,IS,304000,165000,139000,36,-805.5555556,58355.14804,2.395770729,1,1,0,1,,America/New_York,08:30,0,2,1,1,primary_event_rank
aa9c1ed93d76,c1d6b8e69f15,USD,Unemployment Rate,2019.01.31 20:30,1020,2019-02-01T13:30:00Z,0,1549035000,2019,4,15:30,IS,4,3.9,0.1,36,-0.005555555556,0.1177201117,0.8966654385,-1,-1,0,1,,America/New_York,08:30,0,13,0,1,primary_event_rank
7e676adff47d,f9e43d561700,USD,Average Hourly Earnings m/m,2019.02.01 13:30,1020,2019-02-02T06:30:00Z,0,1549096200,2019,5,08:30,IS,0.1,0.3,-0.2,36,-0.01944444444,0.1220642919,-1.479184066,1,,0,0,home_clock_mismatch,America/New_York,01:30,,15,0,,primary_event_rank
61285fd60fc8,25b8a01ce4b4,USD,Average Hourly Earnings m/m,2019.03.07 20:30,1020,2019-03-08T13:30:00Z,0,1552059000,2019,4,15:30,IS,0.4,0.3,0.1,35,-0.02285714286,0.11234059,1.093613117,1,1,0,1,,America/New_York,08:30,0,15,0,-1,primary_event_rank
49586b203a46,25b8a01ce4b4,USD,Non-Farm Employment Change,2019.03.07 20:30,1020,2019-03-08T13:30:00Z,0,1552059000,2019,4,15:30,IS,20000,180000,-160000,35,2885.714286,62790.25012,-2.59412431,1,-1,0,1,,America/New_York,08:30,0,2,1,-1,primary_event_rank
2f7b147ff2f0,25b8a01ce4b4,USD,Unemployment Rate,2019.03.07 20:30,1020,2019-03-08T13:30:00Z,0,1552059000,2019,4,15:30,IS,3.8,3.9,-0.1,35,-1.268826314e-17,0.1195228609,-0.8366600265,-1,1,0,1,,America/New_York,08:30,0,13,0,-1,primary_event_rank
1eb0047cfc43,3a1f83337d61,USD,Average Hourly Earnings m/m,2019.04.04 19:30,1020,2019-04-05T12:30:00Z,1,1554478200,2019,4,15:30,IS,0.1,0.3,-0.2,35,-0.02285714286,0.11234059,-1.576837518,1,-1,0,1,,America/New_York,08:30,0,15,0,1,primary_event_rank
5a37ffb74e8c,3a1f83337d61,USD,Non-Farm Employment Change,2019.04.04 19:30,1020,2019-04-05T12:30:00Z,1,1554478200,2019,4,15:30,IS,196000,172000,24000,35,-1942.857143,68383.34921,0.3793738892,1,1,0,1,,America/New_York,08:30,0,2,1,1,primary_event_rank
cc4a24bccb8a,3a1f83337d61,USD,Unemployment Rate,2019.04.04 19:30,1020,2019-04-05T12:30:00Z,1,1554478200,2019,4,15:30,IS,3.8,3.8,0,35,-0.005714285714,0.1193861852,0.04786387724,-1,-1,0,1,,America/New_York,08:30,0,13,0,1,primary_event_rank
0026d29b177f,c79323ebbd64,USD,Non-Farm Employment Change,2019.05.02 19:30,1020,2019-05-03T12:30:00Z,1,1556897400,2019,4,15:30,IS,263000,181000,82000,36,-1222.222222,67561.54031,1.23179877,1,1,0,1,,America/New_York,08:30,0,2,1,1,primary_event_rank
62c2da38cfcf,c79323ebbd64,USD,Unemployment Rate,2019.05.02 19:30,1020,2019-05-03T12:30:00Z,1,1556897400,2019,4,15:30,IS,3.6,3.8,-0.2,36,-0.005555555556,0.1177201117,-1.651752124,-1,1,0,1,,America/New_York,08:30,0,13,0,1,primary_event_rank
1318e4e601b8,4deb8954eded,USD,Average Hourly Earnings m/m,2019.05.03 12:30,1020,2019-05-04T05:30:00Z,1,1556958600,2019,5,08:30,IS,0.2,0.3,-0.1,36,-0.02777777778,0.1145307118,-0.6305926251,1,,0,0,home_clock_mismatch,America/New_York,01:30,,15,0,,primary_event_rank
0967f1534fc4,9af8078b6d2d,USD,Average Hourly Earnings m/m,2019.06.06 19:30,1020,2019-06-07T12:30:00Z,1,1559921400,2019,4,15:30,IS,0.2,0.3,-0.1,35,-0.03142857143,0.1165490175,-0.5883484054,1,-1,0,1,,America/New_York,08:30,0,15,0,-1,primary_event_rank
99b48e692e62,9af8078b6d2d,USD,Non-Farm Employment Change,2019.06.06 19:30,1020,2019-06-07T12:30:00Z,1,1559921400,2019,4,15:30,IS,75000,177000,-102000,35,5771.428571,66213.11295,-1.627644794,1,-1,0,1,,America/New_York,08:30,0,2,1,-1,primary_event_rank
c7b6a69704b1,9af8078b6d2d,USD,Unemployment Rate,2019.06.06 19:30,1020,2019-06-07T12:30:00Z,1,1559921400,2019,4,15:30,IS,3.6,3.6,0,35,-0.005714285714,0.1193861852,0.04786387724,-1,-1,0,1,,America/New_York,08:30,0,13,0,-1,primary_event_rank
4fb4e475bad0,7002268311a2,USD,Average Hourly Earnings m/m,2019.07.04 19:30,1020,2019-07-05T12:30:00Z,1,1562340600,2019,4,15:30,IS,0.2,0.3,-0.1,36,-0.03333333333,0.1154700538,-0.5773502692,1,-1,0,1,,America/New_York,08:30,0,15,0,1,primary_event_rank
8830c57c7b46,7002268311a2,USD,Non-Farm Employment Change,2019.07.04 19:30,1020,2019-07-05T12:30:00Z,1,1562340600,2019,4,15:30,IS,224000,162000,62000,36,2777.777778,67646.59436,0.8754649481,1,1,0,1,,America/New_York,08:30,0,2,1,1,primary_event_rank
2f42d0d42411,7002268311a2,USD,Unemployment Rate,2019.07.04 19:30,1020,2019-07-05T12:30:00Z,1,1562340600,2019,4,15:30,IS,3.7,3.6,0.1,36,-0.005555555556,0.1177201117,0.8966654385,-1,-1,0,1,,America/New_York,08:30,0,13,0,1,primary_event_rank
7e1081de0dac,4cdc5d762cef,USD,Average Hourly Earnings m/m,2019.08.01 19:30,1020,2019-08-02T12:30:00Z,1,1564759800,2019,4,15:30,IS,0.3,0.2,0.1,36,-0.03333333333,0.1154700538,1.154700538,1,,0,0,local_peak_elsewhere,America/New_York,08:30,30,15,0,,primary_event_rank
8acb58be71df,4cdc5d762cef,USD,Non-Farm Employment Change,2019.08.01 19:30,1020,2019-08-02T12:30:00Z,1,1564759800,2019,4,15:30,IS,164000,164000,0,36,1388.888889,65880.05843,-0.02108208344,1,,0,0,local_peak_elsewhere,America/New_York,08:30,30,2,0,,primary_event_rank
ace7e20b4bac,4cdc5d762cef,USD,Unemployment Rate,2019.08.01 19:30,1020,2019-08-02T12:30:00Z,1,1564759800,2019,4,15:30,IS,3.7,3.6,0.1,36,-0.005555555556,0.1177201117,0.8966654385,-1,,0,0,local_peak_elsewhere,America/New_York,08:30,30,13,0,,primary_event_rank
a6eba0fcd761,56ea03deb944,USD,Average Hourly Earnings m/m,2019.09.05 19:30,1020,2019-09-06T12:30:00Z,1,1567783800,2019,4,15:30,IS,0.4,0.3,0.1,35,-0.03142857143,0.1165490175,1.127667777,1,1,0,1,,America/New_York,08:30,0,15,0,-1,primary_event_rank
2ae7317530a6,56ea03deb944,USD,Non-Farm Employment Change,2019.09.05 19:30,1020,2019-09-06T12:30:00Z,1,1567783800,2019,4,15:30,IS,130000,163000,-33000,35,114.2857143,65432.52639,-0.5060829459,1,-1,0,1,,America/New_York,08:30,0,2,1,-1,primary_event_rank
6038d0ad4721,56ea03deb944,USD,Unemployment Rate,2019.09.05 19:30,1020,2019-09-06T12:30:00Z,1,1567783800,2019,4,15:30,IS,3.7,3.7,0,35,-0.008571428571,0.1180107224,0.07263262519,-1,-1,0,1,,America/New_York,08:30,0,13,0,-1,primary_event_rank
481a1bea8c16,ef237cb99ba5,USD,Average Hourly Earnings m/m,2019.10.03 20:30,1020,2019-10-04T13:30:00Z,1,1570206600,2019,4,16:30,IS,0,0.3,-0.3,36,-0.02777777778,0.1169309177,-2.328060257,1,,0,0,home_clock_mismatch,America/New_York,09:30,-60,15,0,,primary_event_rank
03de7d04f410,ef237cb99ba5,USD,Non-Farm Employment Change,2019.10.03 20:30,1020,2019-10-04T13:30:00Z,1,1570206600,2019,4,16:30,IS,136000,145000,-9000,36,-805.5555556,64746.43682,-0.1265620913,1,,0,0,home_clock_mismatch,America/New_York,09:30,-60,2,0,,primary_event_rank
cc394d054897,ef237cb99ba5,USD,Unemployment Rate,2019.10.03 20:30,1020,2019-10-04T13:30:00Z,1,1570206600,2019,4,16:30,IS,3.5,3.7,-0.2,36,-0.008333333333,0.116368667,-1.64706421,-1,,0,0,home_clock_mismatch,America/New_York,09:30,-60,13,0,,primary_event_rank
0914ea0261aa,39f67dfc45be,USD,Non-Farm Employment Change,2019.10.31 20:30,1020,2019-11-01T13:30:00Z,1,1572625800,2019,4,16:30,IS,128000,90000,38000,36,-638.8888889,64717.39968,0.5970401945,1,,0,0,home_clock_mismatch,America/New_York,09:30,-60,2,0,,primary_event_rank
b98b0e2bbe73,39f67dfc45be,USD,Unemployment Rate,2019.10.31 20:30,1020,2019-11-01T13:30:00Z,1,1572625800,2019,4,16:30,IS,3.6,3.6,0,36,-0.01666666667,0.1190238071,0.1400280084,-1,,0,0,home_clock_mismatch,America/New_York,09:30,-60,13,0,,primary_event_rank
2c0abccd1aa8,a1a4ad7a7bfd,USD,Average Hourly Earnings m/m,2019.11.01 12:30,1020,2019-11-02T05:30:00Z,1,1572683400,2019,5,08:30,IS,0.2,0.3,-0.1,36,-0.03611111111,0.1250617132,-0.5108588974,1,,0,0,home_clock_mismatch,America/New_York,01:30,,15,0,,primary_event_rank
91cf7a6e1e9b,cfb86316b7c2,USD,Average Hourly Earnings m/m,2019.12.05 20:30,1020,2019-12-06T13:30:00Z,0,1575646200,2019,4,15:30,IS,0.2,0.3,-0.1,35,-0.03428571429,0.1169685114,-0.5618117641,1,-1,0,1,,America/New_York,08:30,0,15,0,1,primary_event_rank
6873d2cb6742,cfb86316b7c2,USD,Non-Farm Employment Change,2019.12.05 20:30,1020,2019-12-06T13:30:00Z,0,1575646200,2019,4,15:30,IS,266000,181000,85000,35,771.4285714,65910.79934,1.277917614,1,1,0,1,,America/New_York,08:30,0,2,1,1,primary_event_rank
df834183888a,cfb86316b7c2,USD,Unemployment Rate,2019.12.05 20:30,1020,2019-12-06T13:30:00Z,0,1575646200,2019,4,15:30,IS,3.5,3.6,-0.1,35,-0.008571428571,0.1105090263,-0.827340304,-1,1,0,1,,America/New_York,08:30,0,13,0,1,primary_event_rank
83179e42d6a1,be38bd85c205,USD,Average Hourly Earnings m/m,2020.01.09 20:30,1020,2020-01-10T13:30:00Z,0,1578670200,2020,4,15:30,IS,0.1,0.3,-0.2,35,-0.04,0.1151396667,-1.389616668,1,-1,0,1,,America/New_York,08:30,0,15,0,-1,primary_event_rank
c8418094fa8a,be38bd85c205,USD,Non-Farm Employment Change,2020.01.09 20:30,1020,2020-01-10T13:30:00Z,0,1578670200,2020,4,15:30,IS,145000,162000,-17000,35,3742.857143,67282.4931,-0.3082950139,1,-1,0,1,,America/New_York,08:30,0,2,1,-1,primary_event_rank
b7acc75d72f3,be38bd85c205,USD,Unemployment Rate,2020.01.09 20:30,1020,2020-01-10T13:30:00Z,0,1578670200,2020,4,15:30,IS,3.5,3.5,0,35,-0.01142857143,0.1115384074,0.1024631039,-1,-1,0,1,,America/New_York,08:30,0,13,0,-1,primary_event_rank
ff3787b69e6e,cdd536417b05,USD,Average Hourly Earnings m/m,2020.02.06 20:30,1020,2020-02-07T13:30:00Z,0,1581089400,2020,4,15:30,IS,0.2,0.3,-0.1,35,-0.04,0.1151396667,-0.5211062503,1,-1,0,1,,America/New_York,08:30,0,15,0,1,primary_event_rank
3fae6e6a025f,cdd536417b05,USD,Non-Farm Employment Change,2020.02.06 20:30,1020,2020-02-07T13:30:00Z,0,1581089400,2020,4,15:30,IS,225000,163000,62000,35,1628.571429,66736.19096,0.9046280242,1,1,0,1,,America/New_York,08:30,0,2,1,1,primary_event_rank
4e68b4fd4516,cdd536417b05,USD,Unemployment Rate,2020.02.06 20:30,1020,2020-02-07T13:30:00Z,0,1581089400,2020,4,15:30,IS,3.6,3.5,0.1,35,-0.01428571429,0.1099164804,1.03975049,-1,-1,0,1,,America/New_York,08:30,0,13,0,1,primary_event_rank
6a46c4f554b3,4185cd4a163f,USD,Average Hourly Earnings m/m,2020.03.05 20:30,1020,2020-03-06T13:30:00Z,0,1583508600,2020,4,15:30,IS,0.3,0.3,0,36,-0.04166666667,0.1139566194,0.3656362121,1,1,0,1,,America/New_York,08:30,0,15,0,1,primary_event_rank
510f1ede9fad,4185cd4a163f,USD,Non-Farm Employment Change,2020.03.05 20:30,1020,2020-03-06T13:30:00Z,0,1583508600,2020,4,15:30,IS,273000,175000,98000,36,3305.555556,66546.4831,1.422981952,1,1,0,1,,America/New_York,08:30,0,2,1,1,primary_event_rank
e268dc1c299e,4185cd4a163f,USD,Unemployment Rate,2020.03.05 20:30,1020,2020-03-06T13:30:00Z,0,1583508600,2020,4,15:30,IS,3.5,3.6,-0.1,36,-0.01111111111,0.1099943882,-0.8081220356,-1,1,0,1,,America/New_York,08:30,0,13,0,1,primary_event_rank
61710cadd9e9,7f4ece1505e1,USD,Non-Farm Employment Change,2020.04.02 19:30,1020,2020-04-03T12:30:00Z,1,1585927800,2020,4,15:30,IS,-701000,-100000,-601000,36,4944.444444,68113.44477,-8.89610629,1,-1,0,1,,America/New_York,08:30,0,2,1,-1,primary_event_rank
79df39d9402f,7f4ece1505e1,USD,Unemployment Rate,2020.04.02 19:30,1020,2020-04-03T12:30:00Z,1,1585927800,2020,4,15:30,IS,4.4,3.8,0.6,36,-0.01388888889,0.1109373642,5.533653098,-1,-1,0,1,,America/New_York,08:30,0,13,0,-1,primary_event_rank
267d1db94d73,64fca1a44619,USD,Average Hourly Earnings m/m,2020.04.03 12:30,1020,2020-04-04T05:30:00Z,1,1585989000,2020,5,08:30,IS,0.4,0.2,0.2,36,-0.03888888889,0.1137193861,2.100687466,1,,0,0,home_clock_mismatch,America/New_York,01:30,,15,0,,primary_event_rank
2510a5e3aa76,4b725d8fbe03,USD,Average Hourly Earnings m/m,2020.05.07 19:30,1020,2020-05-08T12:30:00Z,1,1588951800,2020,4,15:30,IS,4.7,0.5,4.2,35,-0.03428571429,0.1217558614,34.77685316,1,1,0,1,,America/New_York,08:30,0,15,0,1,primary_event_rank
28c1702753c2,4b725d8fbe03,USD,Non-Farm Employment Change,2020.05.07 19:30,1020,2020-05-08T12:30:00Z,1,1588951800,2020,4,15:30,IS,-20537000,-22000000,1463000,35,-10400,121801.9939,12.09668211,1,1,0,1,,America/New_York,08:30,0,2,1,1,primary_event_rank
2a7a2e6860bd,4b725d8fbe03,USD,Unemployment Rate,2020.05.07 19:30,1020,2020-05-08T12:30:00Z,1,1588951800,2020,4,15:30,IS,14.7,16,-1.3,35,0.01428571429,0.1437117296,-9.145291884,-1,1,0,1,,America/New_York,08:30,0,13,0,1,primary_event_rank
e368201e1e9a,75cb5458c867,USD,Average Hourly Earnings m/m,2020.06.04 19:30,1020,2020-06-05T12:30:00Z,1,1591371000,2020,4,15:30,IS,-1,1,-2,35,0.08571428571,0.7159979478,-2.913017128,1,-1,0,1,,America/New_York,08:30,0,15,0,1,primary_event_rank
1c38eb2945f9,75cb5458c867,USD,Non-Farm Employment Change,2020.06.04 19:30,1020,2020-06-05T12:30:00Z,1,1591371000,2020,4,15:30,IS,2509000,-7750000,10259000,35,32628.57143,273824.4574,37.34645008,1,1,0,1,,America/New_York,08:30,0,2,1,1,primary_event_rank
ff1206532717,75cb5458c867,USD,Unemployment Rate,2020.06.04 19:30,1020,2020-06-05T12:30:00Z,1,1591371000,2020,4,15:30,IS,13.3,19.4,-6.1,35,-0.02,0.2616431594,-23.23775639,-1,1,0,1,,America/New_York,08:30,0,13,0,1,primary_event_rank
5308915abc11,c32e6cb6f6c2,USD,Average Hourly Earnings m/m,2020.07.01 19:30,1020,2020-07-02T12:30:00Z,1,1593703800,2020,3,15:30,IS,-1.2,-0.8,-0.4,36,0.02777777778,0.7847898201,-0.5450857884,1,-1,0,1,,America/New_York,08:30,0,15,0,1,primary_event_rank
aecd060dcd9a,c32e6cb6f6c2,USD,Non-Farm Employment Change,2020.07.01 19:30,1020,2020-07-02T12:30:00Z,1,1593703800,2020,3,15:30,IS,4800000,3037000,1763000,36,316694.4444,1702106.568,0.8497150431,1,1,0,1,,America/New_York,08:30,0,2,1,1,primary_event_rank
a133e9f65f7f,c32e6cb6f6c2,USD,Unemployment Rate,2020.07.01 19:30,1020,2020-07-02T12:30:00Z,1,1593703800,2020,3,15:30,IS,11.1,12.4,-1.3,36,-0.1888888889,1.031928555,-1.076732595,-1,1,0,1,,America/New_York,08:30,0,13,0,1,primary_event_rank
66263cd82306,2cb9a29cee24,USD,Average Hourly Earnings m/m,2020.08.06 19:30,1020,2020-08-07T12:30:00Z,1,1596814200,2020,4,15:30,IS,0.2,-0.5,0.7,35,0.02,0.7988563254,0.851216894,1,1,0,1,,America/New_York,08:30,0,15,0,-1,primary_event_rank
bdfe4bfeb442,2cb9a29cee24,USD,Non-Farm Employment Change,2020.08.06 19:30,1020,2020-08-07T12:30:00Z,1,1596814200,2020,4,15:30,IS,1763000,1530000,233000,35,374000,1741249.207,-0.08097634701,1,-1,0,1,,America/New_York,08:30,0,2,1,-1,primary_event_rank
f4faf2ee532e,2cb9a29cee24,USD,Unemployment Rate,2020.08.06 19:30,1020,2020-08-07T12:30:00Z,1,1596814200,2020,4,15:30,IS,10.2,10.5,-0.3,35,-0.2342857143,1.060712121,-0.06195298837,-1,1,0,1,,America/New_York,08:30,0,13,0,-1,primary_event_rank
9be66da62e0b,ef641d210532,USD,Average Hourly Earnings m/m,2020.09.03 19:30,1020,2020-09-04T12:30:00Z,1,1599233400,2020,4,15:30,IS,0.4,0,0.4,35,0.04285714286,0.8065041721,0.4428282822,1,1,0,1,,America/New_York,08:30,0,15,0,-1,primary_event_rank
b16bcbf07081,ef641d210532,USD,Non-Farm Employment Change,2020.09.03 19:30,1020,2020-09-04T12:30:00Z,1,1599233400,2020,4,15:30,IS,1371000,1375000,-4000,35,381342.8571,1740096.86,-0.2214490848,1,-1,0,1,,America/New_York,08:30,0,2,1,-1,primary_event_rank
b235025ca7c5,ef641d210532,USD,Unemployment Rate,2020.09.03 19:30,1020,2020-09-04T12:30:00Z,1,1599233400,2020,4,15:30,IS,8.4,9.8,-1.4,35,-0.2457142857,1.059202627,-1.089768554,-1,1,0,1,,America/New_York,08:30,0,13,0,-1,primary_event_rank
85aaef7f9f4b,20bb8b4fcec3,USD,Non-Farm Employment Change,2020.10.01 20:30,1020,2020-10-02T13:30:00Z,1,1601656200,2020,4,16:30,IS,661000,900000,-239000,36,370638.8889,1716926.86,-0.3550756315,1,,0,0,home_clock_mismatch,America/New_York,09:30,5,2,0,,primary_event_rank
dbb4549ef664,20bb8b4fcec3,USD,Unemployment Rate,2020.10.01 20:30,1020,2020-10-02T13:30:00Z,1,1601656200,2020,4,16:30,IS,7.9,8.2,-0.3,36,-0.2777777778,1.061474632,-0.02093523627,-1,,0,0,home_clock_mismatch,America/New_York,09:30,5,13,0,,primary_event_rank
83e91f00902f,5e1485f825b6,USD,Average Hourly Earnings m/m,2020.10.02 12:30,1020,2020-10-03T05:30:00Z,1,1601713800,2020,5,08:30,IS,0.1,0.5,-0.4,36,0.05277777778,0.7973867426,-0.5678270701,1,,0,0,home_clock_mismatch,America/New_York,01:30,,15,0,,primary_event_rank
772cbdabff04,378bcf333231,USD,Average Hourly Earnings m/m,2020.11.05 20:30,1020,2020-11-06T13:30:00Z,0,1604676600,2020,4,15:30,IS,0.1,0.2,-0.1,35,0.04285714286,0.8107441782,-0.1762049568,1,-1,0,1,,America/New_York,08:30,0,15,0,-1,primary_event_rank
bc6612780eb1,378bcf333231,USD,Non-Farm Employment Change,2020.11.05 20:30,1020,2020-11-06T13:30:00Z,0,1604676600,2020,4,15:30,IS,638000,595000,43000,35,379142.8571,1740916.559,-0.1930838416,1,-1,0,1,,America/New_York,08:30,0,2,1,-1,primary_event_rank
ef05e2b27401,378bcf333231,USD,Unemployment Rate,2020.11.05 20:30,1020,2020-11-06T13:30:00Z,0,1604676600,2020,4,15:30,IS,6.9,7.7,-0.8,35,-0.2857142857,1.076009256,-0.4779565896,-1,1,0,1,,America/New_York,08:30,0,13,0,-1,primary_event_rank
b99ef8d236f7,c08f141c614b,USD,Average Hourly Earnings m/m,2020.12.03 20:30,1020,2020-12-04T13:30:00Z,0,1607095800,2020,4,15:30,IS,0.3,0.1,0.2,36,0.03888888889,0.7997491891,0.2014520469,1,,0,0,local_peak_elsewhere,America/New_York,08:30,15,15,0,,primary_event_rank
b6820cf79cd0,c08f141c614b,USD,Non-Farm Employment Change,2020.12.03 20:30,1020,2020-12-04T13:30:00Z,0,1607095800,2020,4,15:30,IS,245000,480000,-235000,36,369805.5556,1717455.479,-0.3521521011,1,,0,0,local_peak_elsewhere,America/New_York,08:30,15,2,0,,primary_event_rank
5e822d6da380,c08f141c614b,USD,Unemployment Rate,2020.12.03 20:30,1020,2020-12-04T13:30:00Z,0,1607095800,2020,4,15:30,IS,6.7,6.8,-0.1,36,-0.3,1.064320336,0.1879133502,-1,,0,0,local_peak_elsewhere,America/New_York,08:30,15,13,0,,primary_event_rank
0c80a3d5fdd8,4ef93862f162,USD,Average Hourly Earnings m/m,2021.01.07 20:30,1020,2021-01-08T13:30:00Z,0,1610119800,2021,4,15:30,IS,0.8,0.2,0.6,35,0.04857142857,0.8111267044,0.6798303747,1,1,0,1,,America/New_York,08:30,0,15,0,-1,primary_event_rank
abd5f78b3436,4ef93862f162,USD,Non-Farm Employment Change,2021.01.07 20:30,1020,2021-01-08T13:30:00Z,0,1610119800,2021,4,15:30,IS,-140000,60000,-200000,35,374000,1742474.775,-0.3294165334,1,-1,0,1,,America/New_York,08:30,0,2,1,-1,primary_event_rank
d25e98c09737,4ef93862f162,USD,Unemployment Rate,2021.01.07 20:30,1020,2021-01-08T13:30:00Z,0,1610119800,2021,4,15:30,IS,6.7,6.8,-0.1,35,-0.3114285714,1.077502782,0.1962209054,-1,-1,0,1,,America/New_York,08:30,0,13,0,-1,primary_event_rank
8d1bdae3e0ba,788ba2f4fd8e,USD,Average Hourly Earnings m/m,2021.02.04 20:30,1020,2021-02-05T13:30:00Z,0,1612539000,2021,4,15:30,IS,0.2,0.3,-0.1,35,0.06285714286,0.8162932646,-0.1995081301,1,-1,0,1,,America/New_York,08:30,0,15,0,-1,primary_event_rank
26e91873b119,788ba2f4fd8e,USD,Non-Farm Employment Change,2021.02.04 20:30,1020,2021-02-05T13:30:00Z,0,1612539000,2021,4,15:30,IS,49000,85000,-36000,35,367742.8571,1744130.751,-0.2314865769,1,-1,0,1,,America/New_York,08:30,0,2,1,-1,primary_event_rank
b448ef60f83d,788ba2f4fd8e,USD,Unemployment Rate,2021.02.04 20:30,1020,2021-02-05T13:30:00Z,0,1612539000,2021,4,15:30,IS,6.3,6.7,-0.4,35,-0.3142857143,1.076805555,-0.07960052331,-1,1,0,1,,America/New_York,08:30,0,13,0,-1,primary_event_rank
35674ca65f57,93879a710f72,USD,Average Hourly Earnings m/m,2021.03.04 20:30,1020,2021-03-05T13:30:00Z,0,1614958200,2021,4,15:30,IS,0.2,0.2,0,36,0.05833333333,0.805320847,-0.0724348979,1,-1,0,1,,America/New_York,08:30,0,15,0,-1,primary_event_rank
040e63f4001e,93879a710f72,USD,Non-Farm Employment Change,2021.03.04 20:30,1020,2021-03-05T13:30:00Z,0,1614958200,2021,4,15:30,IS,379000,197000,182000,36,356527.7778,1721015.551,-0.1014097622,1,-1,0,1,,America/New_York,08:30,0,2,1,-1,primary_event_rank
892d4a49367f,93879a710f72,USD,Unemployment Rate,2021.03.04 20:30,1020,2021-03-05T13:30:00Z,0,1614958200,2021,4,15:30,IS,6.2,6.3,-0.1,36,-0.3166666667,1.061838029,0.2040486974,-1,-1,0,1,,America/New_York,08:30,0,13,0,-1,primary_event_rank
42c69f43eeff,4da2139ed93a,USD,Non-Farm Employment Change,2021.04.01 19:30,1020,2021-04-02T12:30:00Z,1,1617377400,2021,4,15:30,IS,916000,652000,264000,36,358583.3333,1720761.659,-0.05496596977,1,-1,0,1,,America/New_York,08:30,0,2,1,-1,primary_event_rank
15f6926e73f7,4da2139ed93a,USD,Unemployment Rate,2021.04.01 19:30,1020,2021-04-02T12:30:00Z,1,1617377400,2021,4,15:30,IS,6,6,0,36,-0.3222222222,1.060165373,0.3039358109,-1,-1,0,1,,America/New_York,08:30,0,13,0,-1,primary_event_rank
250c562ae6f4,15a8af29a846,USD,Average Hourly Earnings m/m,2021.04.02 12:30,1020,2021-04-03T05:30:00Z,1,1617438600,2021,5,08:30,IS,-0.1,0.1,-0.2,36,0.06111111111,0.8049422953,-0.3243848815,1,,0,0,home_clock_mismatch,America/New_York,01:30,,15,0,,primary_event_rank
fb88586ed40c,0179eb85356e,USD,Average Hourly Earnings m/m,2021.05.06 19:30,1020,2021-05-07T12:30:00Z,1,1620401400,2021,4,15:30,IS,0.7,0,0.7,35,0.06,0.8170329596,0.7833221322,1,1,0,1,,America/New_York,08:30,0,15,0,-1,primary_event_rank
e01e23ffcc34,0179eb85356e,USD,Non-Farm Employment Change,2021.05.06 19:30,1020,2021-05-07T12:30:00Z,1,1620401400,2021,4,15:30,IS,266000,990000,-724000,35,379542.8571,1742294.421,-0.633384831,1,-1,0,1,,America/New_York,08:30,0,2,1,-1,primary_event_rank
71f0ff38e32e,0179eb85356e,USD,Unemployment Rate,2021.05.06 19:30,1020,2021-05-07T12:30:00Z,1,1620401400,2021,4,15:30,IS,6.1,5.8,0.3,35,-0.3314285714,1.073517963,0.5881863121,-1,-1,0,1,,America/New_York,08:30,0,13,0,-1,primary_event_rank
1e4473a9c8f7,ecc45979b064,USD,Average Hourly Earnings m/m,2021.06.03 19:30,1020,2021-06-04T12:30:00Z,1,1622820600,2021,4,15:30,IS,0.5,0.2,0.3,35,0.07714285714,0.8239575975,0.2704716159,1,1,0,1,,America/New_York,08:30,0,15,0,-1,primary_event_rank
30d30aba6404,ecc45979b064,USD,Non-Farm Employment Change,2021.06.03 19:30,1020,2021-06-04T12:30:00Z,1,1622820600,2021,4,15:30,IS,559000,645000,-86000,35,357885.7143,1751143.59,-0.2534833333,1,-1,0,1,,America/New_York,08:30,0,2,1,-1,primary_event_rank
98c929222224,ecc45979b064,USD,Unemployment Rate,2021.06.03 19:30,1020,2021-06-04T12:30:00Z,1,1622820600,2021,4,15:30,IS,5.8,5.9,-0.1,35,-0.32,1.078040551,0.2040739561,-1,-1,0,1,,America/New_York,08:30,0,13,0,-1,primary_event_rank
10bf81a3ab50,c5f98047f4cd,USD,Average Hourly Earnings m/m,2021.07.01 19:30,1020,2021-07-02T12:30:00Z,1,1625239800,2021,4,15:30,IS,0.3,0.3,0,36,0.08333333333,0.8132581933,-0.102468483,1,-1,0,1,,America/New_York,08:30,0,15,0,-1,primary_event_rank
fb021c8944dd,c5f98047f4cd,USD,Non-Farm Employment Change,2021.07.01 19:30,1020,2021-07-02T12:30:00Z,1,1625239800,2021,4,15:30,IS,850000,725000,125000,36,345555.5556,1728191.065,-0.1276222057,1,-1,0,1,,America/New_York,08:30,0,2,1,-1,primary_event_rank
37bda19cbf1c,c5f98047f4cd,USD,Unemployment Rate,2021.07.01 19:30,1020,2021-07-02T12:30:00Z,1,1625239800,2021,4,15:30,IS,5.9,5.6,0.3,36,-0.3138888889,1.063576978,0.5771927201,-1,-1,0,1,,America/New_York,08:30,0,13,0,-1,primary_event_rank
807d8352a5c6,0cd265e4a985,USD,Average Hourly Earnings m/m,2021.08.05 19:30,1020,2021-08-06T12:30:00Z,1,1628263800,2021,4,15:30,IS,0.4,0.3,0.1,35,0.08857142857,0.8241953404,0.01386633832,1,1,0,1,,America/New_York,08:30,0,15,0,-1,primary_event_rank
f0b819b56c4d,0cd265e4a985,USD,Non-Farm Employment Change,2021.08.05 19:30,1020,2021-08-06T12:30:00Z,1,1628263800,2021,4,15:30,IS,943000,870000,73000,35,359457.1429,1750997.452,-0.1635965504,1,-1,0,1,,America/New_York,08:30,0,2,1,-1,primary_event_rank
57daba5bd597,0cd265e4a985,USD,Unemployment Rate,2021.08.05 19:30,1020,2021-08-06T12:30:00Z,1,1628263800,2021,4,15:30,IS,5.4,5.7,-0.3,35,-0.32,1.078835351,0.01853851006,-1,-1,0,1,,America/New_York,08:30,0,13,0,-1,primary_event_rank
f5342a0a1d77,84a84e343091,USD,Average Hourly Earnings m/m,2021.09.02 19:30,1020,2021-09-03T12:30:00Z,1,1630683000,2021,4,15:30,IS,0.6,0.3,0.3,36,0.08888888889,0.8126697354,0.2597747916,1,1,0,1,,America/New_York,08:30,5,15,0,-1,primary_event_rank
28f2a8344ae3,84a84e343091,USD,Non-Farm Employment Change,2021.09.02 19:30,1020,2021-09-03T12:30:00Z,1,1630683000,2021,4,15:30,IS,235000,720000,-485000,36,351500,1727148.429,-0.4843243268,1,-1,0,1,,America/New_York,08:30,5,2,1,-1,primary_event_rank
d69aac331bb1,84a84e343091,USD,Unemployment Rate,2021.09.02 19:30,1020,2021-09-03T12:30:00Z,1,1630683000,2021,4,15:30,IS,5.2,5.2,0,36,-0.3194444444,1.063751079,0.3002999957,-1,-1,0,1,,America/New_York,08:30,5,13,0,-1,primary_event_rank
86609f72b098,86f9cef61569,USD,Average Hourly Earnings m/m,2021.10.07 20:30,1020,2021-10-08T13:30:00Z,1,1633710600,2021,4,16:30,IS,0.6,0.4,0.2,35,0.09428571429,0.8246013261,0.1282004799,1,,0,0,home_clock_mismatch,America/New_York,09:30,-60,15,0,,primary_event_rank
f620e327335d,86f9cef61569,USD,Non-Farm Employment Change,2021.10.07 20:30,1020,2021-10-08T13:30:00Z,1,1633710600,2021,4,16:30,IS,194000,490000,-296000,35,348857.1429,1755077.209,-0.3674238032,1,,0,0,home_clock_mismatch,America/New_York,09:30,-60,2,0,,primary_event_rank
8a9edf55414b,86f9cef61569,USD,Unemployment Rate,2021.10.07 20:30,1020,2021-10-08T13:30:00Z,1,1633710600,2021,4,16:30,IS,4.8,5.1,-0.3,35,-0.3285714286,1.077184539,0.02652417255,-1,,0,0,home_clock_mismatch,America/New_York,09:30,-60,13,0,,primary_event_rank
b1137001265d,bb2ed5e9992e,USD,Average Hourly Earnings m/m,2021.11.04 20:30,1020,2021-11-05T13:30:00Z,1,1636129800,2021,4,16:30,IS,0.4,0.4,0,35,0.1,0.8246211251,-0.1212678125,1,,0,0,home_clock_mismatch,America/New_York,09:30,-60,15,0,,primary_event_rank
78d0f7a43344,bb2ed5e9992e,USD,Non-Farm Employment Change,2021.11.04 20:30,1020,2021-11-05T13:30:00Z,1,1636129800,2021,4,16:30,IS,531000,455000,76000,35,338800,1757733.082,-0.1495107549,1,,0,0,home_clock_mismatch,America/New_York,09:30,-60,2,0,,primary_event_rank
bb6ad359a5ec,bb2ed5e9992e,USD,Unemployment Rate,2021.11.04 20:30,1020,2021-11-05T13:30:00Z,1,1636129800,2021,4,16:30,IS,4.6,4.7,-0.1,35,-0.3371428571,1.075728514,0.2204486113,-1,,0,0,home_clock_mismatch,America/New_York,09:30,-60,13,0,,primary_event_rank
9eec11993b51,999cf943c633,USD,Average Hourly Earnings m/m,2021.12.02 20:30,1020,2021-12-03T13:30:00Z,0,1638545400,2021,4,15:30,IS,0.3,0.4,-0.1,36,0.09722222222,0.8132534493,-0.2425101577,1,-1,0,1,,America/New_York,08:30,0,15,0,-1,primary_event_rank
9e3399c10e98,999cf943c633,USD,Non-Farm Employment Change,2021.12.02 20:30,1020,2021-12-03T13:30:00Z,0,1638545400,2021,4,15:30,IS,210000,553000,-343000,36,331500,1733686.19,-0.3890554149,1,-1,0,1,,America/New_York,08:30,0,2,1,-1,primary_event_rank
a978ee5c9d54,999cf943c633,USD,Unemployment Rate,2021.12.02 20:30,1020,2021-12-03T13:30:00Z,0,1638545400,2021,4,15:30,IS,4.2,4.5,-0.3,36,-0.3305555556,1.061398303,0.02878801998,-1,-1,0,1,,America/New_York,08:30,0,13,0,-1,primary_event_rank
05da4c09353b,2027437b1a6c,USD,Average Hourly Earnings m/m,2022.01.06 20:30,1020,2022-01-07T13:30:00Z,0,1641569400,2022,4,15:30,IS,0.6,0.4,0.2,35,0.09714285714,0.824789398,0.1247071593,1,1,0,1,,America/New_York,08:30,0,15,0,-1,primary_event_rank
8d7530694a2c,2027437b1a6c,USD,Non-Farm Employment Change,2022.01.06 20:30,1020,2022-01-07T13:30:00Z,0,1641569400,2022,4,15:30,IS,199000,426000,-227000,35,328600,1760511.65,-0.315590073,1,-1,0,1,,America/New_York,08:30,0,2,1,-1,primary_event_rank
c4738aca70a2,2027437b1a6c,USD,Unemployment Rate,2022.01.06 20:30,1020,2022-01-07T13:30:00Z,0,1641569400,2022,4,15:30,IS,3.9,4.1,-0.2,35,-0.3542857143,1.071005631,0.1440568657,-1,-1,0,1,,America/New_York,08:30,0,13,0,-1,primary_event_rank
8ea1181eae54,ba10f58ac602,USD,Average Hourly Earnings m/m,2022.02.03 20:30,1020,2022-02-04T13:30:00Z,0,1643988600,2022,4,15:30,IS,0.7,0.5,0.2,35,0.1085714286,0.8233629398,0.1110428549,1,1,0,1,,America/New_York,08:30,0,15,0,1,primary_event_rank
fda152f4ba25,ba10f58ac602,USD,Non-Farm Employment Change,2022.02.03 20:30,1020,2022-02-04T13:30:00Z,0,1643988600,2022,4,15:30,IS,467000,110000,357000,35,318142.8571,1762692.423,0.02204419917,1,1,0,1,,America/New_York,08:30,0,2,1,1,primary_event_rank
a13688c8540f,ba10f58ac602,USD,Unemployment Rate,2022.02.03 20:30,1020,2022-02-04T13:30:00Z,0,1643988600,2022,4,15:30,IS,4,3.9,0.1,35,-0.3628571429,1.068533231,0.4331705646,-1,-1,0,1,,America/New_York,08:30,0,13,0,1,primary_event_rank
f1a117b9842b,60b983398d7b,USD,Average Hourly Earnings m/m,2022.03.03 20:30,1020,2022-03-04T13:30:00Z,0,1646407800,2022,4,15:30,IS,0,0.5,-0.5,36,0.1111111111,0.8119858297,-0.7526130245,1,-1,0,1,,America/New_York,08:30,0,15,0,-1,primary_event_rank
c14a4654ddfc,60b983398d7b,USD,Non-Farm Employment Change,2022.03.03 20:30,1020,2022-03-04T13:30:00Z,0,1646407800,2022,4,15:30,IS,678000,407000,271000,36,319222.2222,1738049.899,-0.02774501598,1,-1,0,1,,America/New_York,08:30,0,2,1,-1,primary_event_rank
4fcc8c892496,60b983398d7b,USD,Unemployment Rate,2022.03.03 20:30,1020,2022-03-04T13:30:00Z,0,1646407800,2022,4,15:30,IS,3.8,3.9,-0.1,36,-0.35,1.056330125,0.2366684373,-1,-1,0,1,,America/New_York,08:30,0,13,0,-1,primary_event_rank
6b6e72167006,690babfeaa94,USD,Non-Farm Employment Change,2022.03.31 19:30,1020,2022-04-01T12:30:00Z,1,1648827000,2022,4,15:30,IS,431000,492000,-61000,36,331194.4444,1736191.071,-0.2258935961,1,-1,0,1,,America/New_York,08:30,0,2,1,-1,primary_event_rank
f7acfea48ed0,690babfeaa94,USD,Unemployment Rate,2022.03.31 19:30,1020,2022-04-01T12:30:00Z,1,1648827000,2022,4,15:30,IS,3.6,3.7,-0.1,36,-0.35,1.056330125,0.2366684373,-1,-1,0,1,,America/New_York,08:30,0,13,0,-1,primary_event_rank
21c0d2221ab9,545c05ad5c3b,USD,Average Hourly Earnings m/m,2022.04.01 12:30,1020,2022-04-02T05:30:00Z,1,1648888200,2022,5,08:30,IS,0.4,0.4,0,36,0.09444444444,0.8181769859,-0.1154327805,1,,0,0,home_clock_mismatch,America/New_York,01:30,,15,0,,primary_event_rank
f8c09d244571,4f297b0873a0,USD,Average Hourly Earnings m/m,2022.05.05 19:30,1020,2022-05-06T12:30:00Z,1,1651851000,2022,4,15:30,IS,0.3,0.4,-0.1,35,0.1057142857,0.8277138419,-0.2485330984,1,-1,0,1,,America/New_York,08:30,0,15,0,-1,primary_event_rank
2f30cfad6531,4f297b0873a0,USD,Non-Farm Employment Change,2022.05.05 19:30,1020,2022-05-06T12:30:00Z,1,1651851000,2022,4,15:30,IS,428000,390000,38000,35,335885.7143,1760791.377,-0.1691771769,1,-1,0,1,,America/New_York,08:30,0,2,1,-1,primary_event_rank
13e3b0668882,4f297b0873a0,USD,Unemployment Rate,2022.05.05 19:30,1020,2022-05-06T12:30:00Z,1,1651851000,2022,4,15:30,IS,3.6,3.5,0.1,35,-0.3571428571,1.07018976,0.42716056,-1,-1,0,1,,America/New_York,08:30,0,13,0,-1,primary_event_rank
9319ea7dafd8,6d63b0339c0e,USD,Average Hourly Earnings m/m,2022.06.02 19:30,1020,2022-06-03T12:30:00Z,1,1654270200,2022,4,15:30,IS,0.3,0.4,-0.1,36,0.1,0.816836717,-0.244846976,1,-1,0,1,,America/New_York,08:30,0,15,0,-1,primary_event_rank
990fb9ddc661,6d63b0339c0e,USD,Non-Farm Employment Change,2022.06.02 19:30,1020,2022-06-03T12:30:00Z,1,1654270200,2022,4,15:30,IS,390000,325000,65000,36,327611.1111,1736853.721,-0.1511993255,1,-1,0,1,,America/New_York,08:30,0,2,1,-1,primary_event_rank
b474507fee93,6d63b0339c0e,USD,Unemployment Rate,2022.06.02 19:30,1020,2022-06-03T12:30:00Z,1,1654270200,2022,4,15:30,IS,3.6,3.5,0.1,36,-0.3444444444,1.057892151,0.4201226412,-1,-1,0,1,,America/New_York,08:30,0,13,0,-1,primary_event_rank
22e879604302,587662d97151,USD,Average Hourly Earnings m/m,2022.07.07 19:30,1020,2022-07-08T12:30:00Z,1,1657294200,2022,4,15:30,IS,0.3,0.3,0,35,0.1057142857,0.8277138419,-0.1277183978,1,-1,0,1,,America/New_York,08:30,0,15,0,-1,primary_event_rank
71332f24d941,587662d97151,USD,Non-Farm Employment Change,2022.07.07 19:30,1020,2022-07-08T12:30:00Z,1,1657294200,2022,4,15:30,IS,372000,260000,112000,35,339971.4286,1759937.442,-0.129533825,1,-1,0,1,,America/New_York,08:30,0,2,1,-1,primary_event_rank
e7f0e554b0c3,587662d97151,USD,Unemployment Rate,2022.07.07 19:30,1020,2022-07-08T12:30:00Z,1,1657294200,2022,4,15:30,IS,3.6,3.6,0,35,-0.3542857143,1.07127237,0.3307148811,-1,-1,0,1,,America/New_York,08:30,0,13,0,-1,primary_event_rank
c3287f78fab9,585f06439016,USD,Average Hourly Earnings m/m,2022.08.04 19:30,1020,2022-08-05T12:30:00Z,1,1659713400,2022,4,15:30,IS,0.5,0.3,0.2,35,0.1028571429,0.8279012068,0.1173362913,1,1,0,1,,America/New_York,08:30,0,15,0,-1,primary_event_rank
e1cc8ea03fe4,585f06439016,USD,Non-Farm Employment Change,2022.08.04 19:30,1020,2022-08-05T12:30:00Z,1,1659713400,2022,4,15:30,IS,528000,250000,278000,35,343171.4286,1759418.126,-0.03704146707,1,-1,0,1,,America/New_York,08:30,0,2,1,-1,primary_event_rank
1494e672e2d0,585f06439016,USD,Unemployment Rate,2022.08.04 19:30,1020,2022-08-05T12:30:00Z,1,1659713400,2022,4,15:30,IS,3.5,3.6,-0.1,35,-0.3571428571,1.07018976,0.240277815,-1,-1,0,1,,America/New_York,08:30,0,13,0,-1,primary_event_rank
54f1b66839f9,c16b79c90dee,USD,Average Hourly Earnings m/m,2022.09.01 19:30,1020,2022-09-02T12:30:00Z,1,1662132600,2022,4,15:30,IS,0.3,0.4,-0.1,36,0.1055555556,0.8164776803,-0.2517589403,1,-1,0,1,,America/New_York,08:30,0,15,0,-1,primary_event_rank
a0efe34ac381,c16b79c90dee,USD,Non-Farm Employment Change,2022.09.01 19:30,1020,2022-09-02T12:30:00Z,1,1662132600,2022,4,15:30,IS,315000,295000,20000,36,341361.1111,1734842.727,-0.1852393339,1,-1,0,1,,America/New_York,08:30,0,2,1,-1,primary_event_rank
214d88b29a6d,c16b79c90dee,USD,Unemployment Rate,2022.09.01 19:30,1020,2022-09-02T12:30:00Z,1,1662132600,2022,4,15:30,IS,3.7,3.5,0.2,36,-0.35,1.056067127,0.5208002273,-1,-1,0,1,,America/New_York,08:30,0,13,0,-1,primary_event_rank
d2c90a1b7d52,59b5eae5e750,USD,Average Hourly Earnings m/m,2022.10.06 20:30,1020,2022-10-07T13:30:00Z,1,1665160200,2022,4,16:30,IS,0.3,0.3,0,35,0.1114285714,0.825926814,-0.1349133719,1,,0,0,home_clock_mismatch,America/New_York,09:30,-60,15,0,,primary_event_rank
778fc753b52d,59b5eae5e750,USD,Non-Farm Employment Change,2022.10.06 20:30,1020,2022-10-07T13:30:00Z,1,1665160200,2022,4,16:30,IS,263000,248000,15000,35,352885.7143,1758117.334,-0.1921861004,1,,0,0,home_clock_mismatch,America/New_York,09:30,-60,2,0,,primary_event_rank
8bea0e5efb8b,59b5eae5e750,USD,Unemployment Rate,2022.10.06 20:30,1020,2022-10-07T13:30:00Z,1,1665160200,2022,4,16:30,IS,3.5,3.7,-0.2,35,-0.3485714286,1.073145291,0.1384448404,-1,,0,0,home_clock_mismatch,America/New_York,09:30,-60,13,0,,primary_event_rank
de4cb87ab7ad,d6ab65a92758,USD,Average Hourly Earnings m/m,2022.11.03 20:30,1020,2022-11-04T13:30:00Z,1,1667579400,2022,4,16:30,IS,0.4,0.3,0.1,35,0.1142857143,0.8253632472,-0.01730839644,1,,0,0,home_clock_mismatch,America/New_York,09:30,-30,15,0,,primary_event_rank
6fb12e0fa6cb,d6ab65a92758,USD,Non-Farm Employment Change,2022.11.03 20:30,1020,2022-11-04T13:30:00Z,1,1667579400,2022,4,16:30,IS,261000,197000,64000,35,352228.5714,1758239.202,-0.1639302384,1,,0,0,home_clock_mismatch,America/New_York,09:30,-30,2,0,,primary_event_rank
623c510bb294,d6ab65a92758,USD,Unemployment Rate,2022.11.03 20:30,1020,2022-11-04T13:30:00Z,1,1667579400,2022,4,16:30,IS,3.7,3.6,0.1,35,-0.3542857143,1.071805648,0.4238508308,-1,,0,0,home_clock_mismatch,America/New_York,09:30,-30,13,0,,primary_event_rank
61b7f7dd0da0,6960957a25ab,USD,Average Hourly Earnings m/m,2022.12.01 20:30,1020,2022-12-02T13:30:00Z,0,1669995000,2022,4,15:30,IS,0.6,0.3,0.3,36,0.1138888889,0.8138225229,0.2286875896,1,1,0,1,,America/New_York,08:30,0,15,0,-1,primary_event_rank
89a69ca4d1cc,6960957a25ab,USD,Non-Farm Employment Change,2022.12.01 20:30,1020,2022-12-02T13:30:00Z,0,1669995000,2022,4,15:30,IS,263000,200000,63000,36,344222.2222,1734294.175,-0.1621537028,1,-1,0,1,,America/New_York,08:30,0,2,1,-1,primary_event_rank
e08e6e328397,6960957a25ab,USD,Unemployment Rate,2022.12.01 20:30,1020,2022-12-02T13:30:00Z,0,1669995000,2022,4,15:30,IS,3.7,3.7,0,36,-0.3416666667,1.059448232,0.3224949143,-1,-1,0,1,,America/New_York,08:30,0,13,0,-1,primary_event_rank
134f9fa2234f,9524326c6a37,USD,Average Hourly Earnings m/m,2023.01.05 20:30,1020,2023-01-06T13:30:00Z,0,1673019000,2023,4,15:30,IS,0.3,0.4,-0.1,36,0.125,0.8135570048,-0.2765632877,1,,0,0,local_peak_elsewhere,America/New_York,08:30,90,15,0,,primary_event_rank
6090fc75436e,9524326c6a37,USD,Non-Farm Employment Change,2023.01.05 20:30,1020,2023-01-06T13:30:00Z,0,1673019000,2023,4,15:30,IS,223000,200000,23000,36,343611.1111,1734389.282,-0.1848553346,1,,0,0,local_peak_elsewhere,America/New_York,08:30,90,2,0,,primary_event_rank
dd75a01e4f6f,9524326c6a37,USD,Unemployment Rate,2023.01.05 20:30,1020,2023-01-06T13:30:00Z,0,1673019000,2023,4,15:30,IS,3.5,3.7,-0.2,36,-0.3388888889,1.060209041,0.1310014191,-1,,0,0,local_peak_elsewhere,America/New_York,08:30,90,13,0,,primary_event_rank
af414b8600a2,0120f8bea956,USD,Non-Farm Employment Change,2023.02.02 20:30,1020,2023-02-03T13:30:00Z,0,1675438200,2023,4,15:30,IS,517000,193000,324000,36,344722.2222,1734170.705,-0.01194935548,1,-1,0,1,,America/New_York,08:30,0,2,1,-1,primary_event_rank
e90bbe7be620,0120f8bea956,USD,Unemployment Rate,2023.02.02 20:30,1020,2023-02-03T13:30:00Z,0,1675438200,2023,4,15:30,IS,3.4,3.6,-0.2,36,-0.3444444444,1.058941936,0.1364044991,-1,-1,0,1,,America/New_York,08:30,0,13,0,-1,primary_event_rank
50538ba8af9a,fc1071a04b92,USD,Average Hourly Earnings m/m,2023.02.03 13:30,1020,2023-02-04T06:30:00Z,0,1675499400,2023,5,08:30,IS,0.3,0.3,0,36,0.1277777778,0.8126127652,-0.1572431338,1,,0,0,home_clock_mismatch,America/New_York,01:30,,15,0,,primary_event_rank
a61470392c04,c951ab3d40b7,USD,Average Hourly Earnings m/m,2023.03.09 20:30,1020,2023-03-10T13:30:00Z,0,1678462200,2023,4,15:30,IS,0.2,0.3,-0.1,35,0.1342857143,0.8232142082,-0.2845987253,1,-1,0,1,,America/New_York,08:30,0,15,0,-1,primary_event_rank
57603110caee,c951ab3d40b7,USD,Non-Farm Employment Change,2023.03.09 20:30,1020,2023-03-10T13:30:00Z,0,1678462200,2023,4,15:30,IS,311000,224000,87000,35,359257.1429,1757569.431,-0.1549054837,1,-1,0,1,,America/New_York,08:30,0,2,1,-1,primary_event_rank
2ae2263c7642,c951ab3d40b7,USD,Unemployment Rate,2023.03.09 20:30,1020,2023-03-10T13:30:00Z,0,1678462200,2023,4,15:30,IS,3.6,3.4,0.2,35,-0.36,1.070700705,0.5230219774,-1,-1,0,1,,America/New_York,08:30,0,13,0,-1,primary_event_rank
b697dc9683a2,c4aa795312f0,USD,Non-Farm Employment Change,2023.04.06 19:30,1020,2023-04-07T12:30:00Z,1,1680881400,2023,4,15:30,IS,236000,228000,8000,35,378914.2857,1750553.11,-0.2118840517,1,-1,0,1,,America/New_York,08:30,0,2,1,-1,primary_event_rank
df36959f0832,c4aa795312f0,USD,Unemployment Rate,2023.04.06 19:30,1020,2023-04-07T12:30:00Z,1,1680881400,2023,4,15:30,IS,3.5,3.6,-0.1,35,-0.3714285714,1.062496098,0.255463123,-1,-1,0,1,,America/New_York,08:30,0,13,0,-1,primary_event_rank
771a43793443,4ba39100f5e4,USD,Average Hourly Earnings m/m,2023.04.07 11:30,1020,2023-04-08T04:30:00Z,1,1680939000,2023,5,07:30,IS,0.3,0.3,0,35,0.1257142857,0.8240467591,-0.1525572236,1,,0,0,home_clock_mismatch,America/New_York,00:30,,15,0,,primary_event_rank
abb34fd3c91d,689bceb91e13,USD,Average Hourly Earnings m/m,2023.05.04 19:30,1020,2023-05-05T12:30:00Z,1,1683300600,2023,4,15:30,IS,0.5,0.3,0.2,36,0.1222222222,0.8127836637,0.09569308692,1,1,0,1,,America/New_York,08:30,0,15,0,-1,primary_event_rank
7ccd75886247,689bceb91e13,USD,Non-Farm Employment Change,2023.05.04 19:30,1020,2023-05-05T12:30:00Z,1,1683300600,2023,4,15:30,IS,253000,181000,72000,36,368611.1111,1727144.581,-0.1717349632,1,-1,0,1,,America/New_York,08:30,0,2,1,-1,primary_event_rank
541c0c18bacc,689bceb91e13,USD,Unemployment Rate,2023.05.04 19:30,1020,2023-05-05T12:30:00Z,1,1683300600,2023,4,15:30,IS,3.4,3.6,-0.2,36,-0.3638888889,1.048584437,0.1562953665,-1,-1,0,1,,America/New_York,08:30,0,13,0,-1,primary_event_rank
9812ae034bb2,f777eddb3935,USD,Non-Farm Employment Change,2023.06.01 19:30,1020,2023-06-02T12:30:00Z,1,1685719800,2023,4,15:30,IS,339000,193000,146000,36,329972.2222,1717763.137,-0.1070998779,1,-1,0,1,,America/New_York,08:30,0,2,1,-1,primary_event_rank
21882079c127,f777eddb3935,USD,Unemployment Rate,2023.06.01 19:30,1020,2023-06-02T12:30:00Z,1,1685719800,2023,4,15:30,IS,3.7,3.5,0.2,36,-0.3333333333,1.036822068,0.5143923436,-1,-1,0,1,,America/New_York,08:30,0,13,0,-1,primary_event_rank
5f139aac0049,1b5c40c7acb8,USD,Average Hourly Earnings m/m,2023.06.02 11:30,1020,2023-06-03T04:30:00Z,1,1685777400,2023,5,07:30,IS,0.3,0.3,0,36,0.01111111111,0.4319064828,-0.02572573359,1,,0,0,home_clock_mismatch,America/New_York,00:30,,15,0,,primary_event_rank
a16a36cb5675,e40966ede63d,USD,Average Hourly Earnings m/m,2023.07.06 19:30,1020,2023-07-07T12:30:00Z,1,1688743800,2023,4,15:30,IS,0.4,0.3,0.1,35,0.08,0.2583463898,0.07741544216,1,1,0,1,,America/New_York,08:30,0,15,0,-1,primary_event_rank
b5f0bbc46633,e40966ede63d,USD,Non-Farm Employment Change,2023.07.06 19:30,1020,2023-07-07T12:30:00Z,1,1688743800,2023,4,15:30,IS,209000,224000,-15000,35,85.71428571,227493.9712,-0.06631258932,1,-1,0,1,,America/New_York,08:30,0,2,1,-1,primary_event_rank
1b67e757d9f4,e40966ede63d,USD,Unemployment Rate,2023.07.06 19:30,1020,2023-07-07T12:30:00Z,1,1688743800,2023,4,15:30,IS,3.6,3.6,0,35,-0.1257142857,0.3064477183,0.4102307773,-1,-1,0,1,,America/New_York,08:30,0,13,0,-1,primary_event_rank
98121ad04d07,8a21bb517cb9,USD,Average Hourly Earnings m/m,2023.08.03 19:30,1020,2023-08-04T12:30:00Z,1,1691163000,2023,4,15:30,IS,0.4,0.3,0.1,36,0.08055555556,0.2547541783,0.07632630238,1,1,0,1,,America/New_York,08:30,0,15,0,-1,primary_event_rank
480583c81d1b,8a21bb517cb9,USD,Non-Farm Employment Change,2023.08.03 19:30,1020,2023-08-04T12:30:00Z,1,1691163000,2023,4,15:30,IS,187000,205000,-18000,36,-333.3333333,224325.78,-0.07875450904,1,-1,0,1,,America/New_York,08:30,0,2,1,-1,primary_event_rank
330b26ece25b,8a21bb517cb9,USD,Unemployment Rate,2023.08.03 19:30,1020,2023-08-04T12:30:00Z,1,1691163000,2023,4,15:30,IS,3.5,3.6,-0.1,36,-0.1222222222,0.3028669593,0.07337288382,-1,-1,0,1,,America/New_York,08:30,0,13,0,-1,primary_event_rank
f2f105ed6fc5,1092b82775bb,USD,Average Hourly Earnings m/m,2023.08.31 19:30,1020,2023-09-01T12:30:00Z,1,1693582200,2023,4,15:30,IS,0.2,0.3,-0.1,36,0.06388888889,0.2323225461,-0.7054368663,1,-1,0,1,,America/New_York,08:30,0,15,0,1,primary_event_rank
8f862d4fd921,1092b82775bb,USD,Non-Farm Employment Change,2023.08.31 19:30,1020,2023-09-01T12:30:00Z,1,1693582200,2023,4,15:30,IS,187000,169000,18000,36,-7305.555556,220838.7823,0.1145883676,1,1,0,1,,America/New_York,08:30,0,2,1,1,primary_event_rank
556ca34bf3fc,1092b82775bb,USD,Unemployment Rate,2023.08.31 19:30,1020,2023-09-01T12:30:00Z,1,1693582200,2023,4,15:30,IS,3.8,3.5,0.3,36,-0.1166666667,0.3013856887,1.382503159,-1,-1,0,1,,America/New_York,08:30,0,13,0,1,primary_event_rank
0a95e0b81753,ff81e559d428,USD,Average Hourly Earnings m/m,2023.10.05 20:30,1020,2023-10-06T13:30:00Z,1,1696609800,2023,4,16:30,IS,0.2,0.3,-0.1,35,0.06285714286,0.2165782132,-0.7519553349,1,,0,0,home_clock_mismatch,America/New_York,09:30,-60,15,0,,primary_event_rank
15ca952a4636,ff81e559d428,USD,Non-Farm Employment Change,2023.10.05 20:30,1020,2023-10-06T13:30:00Z,1,1696609800,2023,4,16:30,IS,336000,171000,165000,35,-57.14285714,220442.4049,0.7487540473,1,,0,0,home_clock_mismatch,America/New_York,09:30,-60,2,0,,primary_event_rank
c711522bdf5c,ff81e559d428,USD,Unemployment Rate,2023.10.05 20:30,1020,2023-10-06T13:30:00Z,1,1696609800,2023,4,16:30,IS,3.8,3.7,0.1,35,-0.06285714286,0.2178934396,0.747416458,-1,,0,0,home_clock_mismatch,America/New_York,09:30,-60,13,0,,primary_event_rank
ec508d13ccdc,23dbaf750850,USD,Average Hourly Earnings m/m,2023.11.02 20:30,1020,2023-11-03T13:30:00Z,1,1699029000,2023,4,16:30,IS,0.2,0.3,-0.1,36,0.05833333333,0.2152195262,-0.735682938,1,,0,0,home_clock_mismatch,America/New_York,09:30,-60,15,0,,primary_event_rank
9bd3bc1239fa,23dbaf750850,USD,Non-Farm Employment Change,2023.11.02 20:30,1020,2023-11-03T13:30:00Z,1,1699029000,2023,4,16:30,IS,150000,178000,-28000,36,4527.777778,219045.0849,-0.1484980948,1,,0,0,home_clock_mismatch,America/New_York,09:30,-60,2,0,,primary_event_rank
35a9a7f5ef55,23dbaf750850,USD,Unemployment Rate,2023.11.02 20:30,1020,2023-11-03T13:30:00Z,1,1699029000,2023,4,16:30,IS,3.9,3.8,0.1,36,-0.05833333333,0.2165063509,0.731310341,-1,,0,0,home_clock_mismatch,America/New_York,09:30,-60,13,0,,primary_event_rank
b39e69014045,43ba1d848f77,USD,Average Hourly Earnings m/m,2023.12.07 20:30,1020,2023-12-08T13:30:00Z,0,1702049400,2023,4,15:30,IS,0.4,0.3,0.1,35,0.05428571429,0.216917176,0.2107453479,1,1,0,1,,America/New_York,08:30,0,15,0,1,primary_event_rank
7fe71c1c4cfc,43ba1d848f77,USD,Non-Farm Employment Change,2023.12.07 20:30,1020,2023-12-08T13:30:00Z,0,1702049400,2023,4,15:30,IS,199000,184000,15000,35,9342.857143,218350.9551,0.02590848689,1,1,0,1,,America/New_York,08:30,0,2,1,1,primary_event_rank
8d53244140a3,43ba1d848f77,USD,Unemployment Rate,2023.12.07 20:30,1020,2023-12-08T13:30:00Z,0,1702049400,2023,4,15:30,IS,3.7,3.9,-0.2,35,-0.03142857143,0.180113343,-0.9359186042,-1,1,0,1,,America/New_York,08:30,0,13,0,1,primary_event_rank
7c32d9dd946f,0a623a85183b,USD,Average Hourly Earnings m/m,2024.01.04 20:30,1020,2024-01-05T13:30:00Z,0,1704468600,2024,4,15:30,OOS,0.4,0.3,0.1,36,0.05555555556,0.2140151143,0.2076696527,1,1,0,1,,America/New_York,08:30,0,15,0,1,primary_event_rank
dc8dfb647556,0a623a85183b,USD,Non-Farm Employment Change,2024.01.04 20:30,1020,2024-01-05T13:30:00Z,0,1704468600,2024,4,15:30,OOS,216000,168000,48000,36,9500,215298.9524,0.1788211209,1,1,0,1,,America/New_York,08:30,0,2,1,1,primary_event_rank
c7daf6109552,0a623a85183b,USD,Unemployment Rate,2024.01.04 20:30,1020,2024-01-05T13:30:00Z,0,1704468600,2024,4,15:30,OOS,3.7,3.8,-0.1,36,-0.03611111111,0.1797417558,-0.3554482297,-1,1,0,1,,America/New_York,08:30,0,13,0,1,primary_event_rank
52e50c8dfdbe,4698436f331a,USD,Non-Farm Employment Change,2024.02.01 20:30,1020,2024-02-02T13:30:00Z,0,1706887800,2024,4,15:30,OOS,353000,187000,166000,36,16388.88889,212433.9476,0.7042711996,1,1,0,1,,America/New_York,08:30,0,2,1,1,primary_event_rank
000d539973da,4698436f331a,USD,Unemployment Rate,2024.02.01 20:30,1020,2024-02-02T13:30:00Z,0,1706887800,2024,4,15:30,OOS,3.7,3.8,-0.1,36,-0.03611111111,0.1797417558,-0.3554482297,-1,1,0,1,,America/New_York,08:30,0,13,0,1,primary_event_rank
f57fc58a5be3,a8d52da6ae92,USD,Average Hourly Earnings m/m,2024.02.02 13:30,1020,2024-02-03T06:30:00Z,0,1706949000,2024,5,08:30,OOS,0.6,0.3,0.3,36,0.04166666667,0.1934697794,1.335264526,1,,0,0,home_clock_mismatch,America/New_York,01:30,,15,0,,primary_event_rank
b8f60e95afc3,c9388b9c18b7,USD,Average Hourly Earnings m/m,2024.03.07 20:30,1020,2024-03-08T13:30:00Z,0,1709911800,2024,4,15:30,OOS,0.1,0.2,-0.1,35,0.05428571429,0.1990590108,-0.7750752585,1,-1,0,1,,America/New_York,08:30,0,15,0,1,primary_event_rank
b28400cef0e2,c9388b9c18b7,USD,Non-Farm Employment Change,2024.03.07 20:30,1020,2024-03-08T13:30:00Z,0,1709911800,2024,4,15:30,OOS,275000,198000,77000,35,17428.57143,214927.7999,0.2771694894,1,1,0,1,,America/New_York,08:30,0,2,1,1,primary_event_rank
f1e32935f504,c9388b9c18b7,USD,Unemployment Rate,2024.03.07 20:30,1020,2024-03-08T13:30:00Z,0,1709911800,2024,4,15:30,OOS,3.9,3.7,0.2,35,-0.02571428571,0.1712856547,1.317765262,-1,-1,0,1,,America/New_York,08:30,0,13,0,1,primary_event_rank
3bb365d5cbe2,4d17e29a4690,USD,Average Hourly Earnings m/m,2024.04.04 19:30,1020,2024-04-05T12:30:00Z,1,1712331000,2024,4,15:30,OOS,0.3,0.3,0,35,0.05714285714,0.1960841136,-0.2914201263,1,-1,0,1,,America/New_York,08:30,0,15,0,1,primary_event_rank
23375aef8d79,4d17e29a4690,USD,Non-Farm Employment Change,2024.04.04 19:30,1020,2024-04-05T12:30:00Z,1,1712331000,2024,4,15:30,OOS,303000,212000,91000,35,12085.71429,211020.6992,0.3739646679,1,1,0,1,,America/New_York,08:30,0,2,1,1,primary_event_rank
aaa196acec57,4d17e29a4690,USD,Unemployment Rate,2024.04.04 19:30,1020,2024-04-05T12:30:00Z,1,1712331000,2024,4,15:30,OOS,3.8,3.9,-0.1,35,-0.02,0.1753364113,-0.4562657544,-1,1,0,1,,America/New_York,08:30,0,13,0,1,primary_event_rank
411fbc55dd6c,927ea718d949,USD,Non-Farm Employment Change,2024.05.02 19:30,1020,2024-05-03T12:30:00Z,1,1714750200,2024,4,15:30,OOS,175000,238000,-63000,36,14277.77778,208472.968,-0.3706848831,1,,0,0,local_peak_elsewhere,America/New_York,08:30,90,2,0,,primary_event_rank
316d8b44ea93,927ea718d949,USD,Unemployment Rate,2024.05.02 19:30,1020,2024-05-03T12:30:00Z,1,1714750200,2024,4,15:30,OOS,3.9,3.8,0.1,36,-0.02222222222,0.1733831837,0.7049254697,-1,,0,0,local_peak_elsewhere,America/New_York,08:30,90,13,0,,primary_event_rank
30865d9fda97,b605d297b677,USD,Average Hourly Earnings m/m,2024.05.03 11:30,1020,2024-05-04T04:30:00Z,1,1714807800,2024,5,07:30,OOS,0.2,0.3,-0.1,36,0.05555555556,0.1935694599,-0.8036162091,1,,0,0,home_clock_mismatch,America/New_York,00:30,,15,0,,primary_event_rank
96af051016d1,25eeb0fee115,USD,Average Hourly Earnings m/m,2024.06.06 19:30,1020,2024-06-07T12:30:00Z,1,1717774200,2024,4,15:30,OOS,0.4,0.3,0.1,35,0.02571428571,0.1573764498,0.4720256074,1,1,0,1,,America/New_York,08:30,0,15,0,1,primary_event_rank
1a515ccf7e58,25eeb0fee115,USD,Non-Farm Employment Change,2024.06.06 19:30,1020,2024-06-07T12:30:00Z,1,1717774200,2024,4,15:30,OOS,272000,182000,90000,35,36028.57143,168937.7714,0.3194752015,1,1,0,1,,America/New_York,08:30,0,2,1,1,primary_event_rank
c468f2486306,25eeb0fee115,USD,Unemployment Rate,2024.06.06 19:30,1020,2024-06-07T12:30:00Z,1,1717774200,2024,4,15:30,OOS,4,3.9,0.1,35,-0.02571428571,0.1679164029,0.7486718601,-1,-1,0,1,,America/New_York,08:30,0,13,0,1,primary_event_rank
60f8de3dc42f,d6ce684ceaea,USD,Average Hourly Earnings m/m,2024.07.04 19:30,1020,2024-07-05T12:30:00Z,1,1720193400,2024,4,15:30,OOS,0.3,0.3,0,35,0.02857142857,0.1577908717,-0.1810714921,1,-1,0,1,,America/New_York,08:30,0,15,0,-1,primary_event_rank
73f6781c535b,d6ce684ceaea,USD,Non-Farm Employment Change,2024.07.04 19:30,1020,2024-07-05T12:30:00Z,1,1720193400,2024,4,15:30,OOS,206000,191000,15000,35,35028.57143,168511.2096,-0.1188560184,1,-1,0,1,,America/New_York,08:30,0,2,1,-1,primary_event_rank
e5c9a39cc413,d6ce684ceaea,USD,Unemployment Rate,2024.07.04 19:30,1020,2024-07-05T12:30:00Z,1,1720193400,2024,4,15:30,OOS,4.1,4,0.1,35,-0.03142857143,0.1599489715,0.8216906319,-1,-1,0,1,,America/New_York,08:30,0,13,0,-1,primary_event_rank
c6c284ddb1e6,42f7d17bc448,USD,Non-Farm Employment Change,2024.08.01 19:30,1020,2024-08-02T12:30:00Z,1,1722612600,2024,4,15:30,OOS,114000,176000,-62000,36,34472.22222,166186.8905,-0.5805044065,1,-1,0,1,,America/New_York,08:30,0,2,1,-1,primary_event_rank
c2f684e29020,42f7d17bc448,USD,Unemployment Rate,2024.08.01 19:30,1020,2024-08-02T12:30:00Z,1,1722612600,2024,4,15:30,OOS,4.3,4.1,0.2,36,-0.02777777778,0.1591838754,1.430909866,-1,-1,0,1,,America/New_York,08:30,0,13,0,-1,primary_event_rank
983d19792888,4a56ce690f37,USD,Average Hourly Earnings m/m,2024.08.02 11:30,1020,2024-08-03T04:30:00Z,1,1722670200,2024,5,07:30,OOS,0.2,0.3,-0.1,36,0.02777777778,0.1556547303,-0.8209052018,1,,0,0,home_clock_mismatch,America/New_York,00:30,,15,0,,primary_event_rank
cf0b5dfbc47e,76e7a256cbc5,USD,Average Hourly Earnings m/m,2024.09.05 19:30,1020,2024-09-06T12:30:00Z,1,1725636600,2024,4,15:30,OOS,0.4,0.3,0.1,35,0.01428571429,0.1514555232,0.5659370084,1,1,0,1,,America/New_York,08:30,0,15,0,-1,primary_event_rank
9f5ea92341ac,76e7a256cbc5,USD,Non-Farm Employment Change,2024.09.05 19:30,1020,2024-09-06T12:30:00Z,1,1725636600,2024,4,15:30,OOS,142000,164000,-22000,35,45457.14286,144221.9208,-0.467731552,1,-1,0,1,,America/New_York,08:30,0,2,1,-1,primary_event_rank
3990d4fb5f97,76e7a256cbc5,USD,Unemployment Rate,2024.09.05 19:30,1020,2024-09-06T12:30:00Z,1,1725636600,2024,4,15:30,OOS,4.2,4.2,0,35,-0.01428571429,0.1588221955,0.08994784537,-1,-1,0,1,,America/New_York,08:30,0,13,0,-1,primary_event_rank
41e716d5f28a,4d3d869c96a0,USD,Non-Farm Employment Change,2024.10.03 20:30,1020,2024-10-04T13:30:00Z,1,1728059400,2024,4,16:30,OOS,254000,147000,107000,36,43583.33333,142636.1679,0.4446043918,1,,0,0,home_clock_mismatch,America/New_York,09:30,-60,2,0,,primary_event_rank
f9ea39fa9d91,4d3d869c96a0,USD,Unemployment Rate,2024.10.03 20:30,1020,2024-10-04T13:30:00Z,1,1728059400,2024,4,16:30,OOS,4.1,4.2,-0.1,36,-0.01388888889,0.1566183929,-0.5498148048,-1,,0,0,home_clock_mismatch,America/New_York,09:30,-60,13,0,,primary_event_rank
ead0ba505ab4,3e806ee227c8,USD,Average Hourly Earnings m/m,2024.10.04 12:30,1020,2024-10-05T05:30:00Z,1,1728117000,2024,5,08:30,OOS,0.4,0.3,0.1,36,0.01666666667,0.15,0.5555555556,1,,0,0,home_clock_mismatch,America/New_York,01:30,,15,0,,primary_event_rank
16737e0c8620,6cda53df471d,USD,Non-Farm Employment Change,2024.10.31 20:30,1020,2024-11-01T13:30:00Z,1,1730478600,2024,4,16:30,OOS,12000,106000,-94000,36,54777.77778,130874.8578,-1.136794189,1,,0,0,home_clock_mismatch,America/New_York,09:30,-60,2,0,,primary_event_rank
938ae929f2a1,6cda53df471d,USD,Unemployment Rate,2024.10.31 20:30,1020,2024-11-01T13:30:00Z,1,1730478600,2024,4,16:30,OOS,4.1,4.1,0,36,-0.008333333333,0.1497683396,0.05564148841,-1,,0,0,home_clock_mismatch,America/New_York,09:30,-60,13,0,,primary_event_rank
facc3aa9009e,a96f34f789a8,USD,Average Hourly Earnings m/m,2024.11.01 12:30,1020,2024-11-02T05:30:00Z,1,1730536200,2024,5,08:30,OOS,0.4,0.3,0.1,36,0.01388888889,0.1474840439,0.583867304,1,,0,0,home_clock_mismatch,America/New_York,01:30,,15,0,,primary_event_rank
c4d0a24e1f80,6ee4e1f60f91,USD,Average Hourly Earnings m/m,2024.12.05 20:30,1020,2024-12-06T13:30:00Z,0,1733499000,2024,4,15:30,OOS,0.4,0.3,0.1,35,0.02,0.148900734,0.5372706895,1,1,0,1,,America/New_York,08:30,0,15,0,-1,primary_event_rank
58a587639722,6ee4e1f60f91,USD,Non-Farm Employment Change,2024.12.05 20:30,1020,2024-12-06T13:30:00Z,0,1733499000,2024,4,15:30,OOS,227000,218000,9000,35,61285.71429,116936.0195,-0.4471309569,1,-1,0,1,,America/New_York,08:30,0,2,1,-1,primary_event_rank
617169edc631,6ee4e1f60f91,USD,Unemployment Rate,2024.12.05 20:30,1020,2024-12-06T13:30:00Z,0,1733499000,2024,4,15:30,OOS,4.2,4.1,0.1,35,0.002857142857,0.1423992662,0.6821865008,-1,-1,0,1,,America/New_York,08:30,0,13,0,-1,primary_event_rank
03b559e76f68,8b688e238576,USD,Average Hourly Earnings m/m,2025.01.09 20:30,1020,2025-01-10T13:30:00Z,0,1736523000,2025,4,15:30,OOS,0.3,0.3,0,35,0.01714285714,0.1463571254,-0.1171303214,1,-1,0,1,,America/New_York,08:30,0,15,0,1,primary_event_rank
a6df2b8dd643,8b688e238576,USD,Non-Farm Employment Change,2025.01.09 20:30,1020,2025-01-10T13:30:00Z,0,1736523000,2025,4,15:30,OOS,256000,164000,92000,35,68028.57143,106452.5342,0.2251841983,1,1,0,1,,America/New_York,08:30,0,2,1,1,primary_event_rank
2fde7bf837b1,8b688e238576,USD,Unemployment Rate,2025.01.09 20:30,1020,2025-01-10T13:30:00Z,0,1736523000,2025,4,15:30,OOS,4.1,4.2,-0.1,35,0.01142857143,0.1389170946,-0.802122818,-1,1,0,1,,America/New_York,08:30,0,13,0,1,primary_event_rank
ec3ddbc85d50,43ae1fd41396,USD,Average Hourly Earnings m/m,2025.02.06 20:30,1020,2025-02-07T13:30:00Z,0,1738942200,2025,4,15:30,OOS,0.5,0.3,0.2,35,0.01142857143,0.1429713829,1.318945266,1,1,0,1,,America/New_York,08:30,0,15,0,-1,primary_event_rank
d14393c13ffb,43ae1fd41396,USD,Non-Farm Employment Change,2025.02.06 20:30,1020,2025-02-07T13:30:00Z,0,1738942200,2025,4,15:30,OOS,143000,169000,-26000,35,60457.14286,94368.37935,-0.9161664475,1,-1,0,1,,America/New_York,08:30,0,2,1,-1,primary_event_rank
ecfd2e78e4f8,43ae1fd41396,USD,Unemployment Rate,2025.02.06 20:30,1020,2025-02-07T13:30:00Z,0,1738942200,2025,4,15:30,OOS,4,4.1,-0.1,35,0.005714285714,0.1392692298,-0.7590641944,-1,1,0,1,,America/New_York,08:30,0,13,0,-1,primary_event_rank
d4ea3983a6d5,7565b72e2527,USD,Average Hourly Earnings m/m,2025.03.06 20:30,1020,2025-03-07T13:30:00Z,0,1741361400,2025,4,15:30,OOS,0.3,0.3,0,35,0.03142857143,0.1165490175,-0.2696596858,1,-1,0,1,,America/New_York,08:30,0,15,0,-1,primary_event_rank
3bc61aa33139,7565b72e2527,USD,Non-Farm Employment Change,2025.03.06 20:30,1020,2025-03-07T13:30:00Z,0,1741361400,2025,4,15:30,OOS,151000,159000,-8000,35,51971.42857,88206.73305,-0.6798962675,1,-1,0,1,,America/New_York,08:30,0,2,1,-1,primary_event_rank
8e0db52686b7,7565b72e2527,USD,Unemployment Rate,2025.03.06 20:30,1020,2025-03-07T13:30:00Z,0,1741361400,2025,4,15:30,OOS,4.1,4,0.1,35,0.005714285714,0.1392692298,0.6770032004,-1,-1,0,1,,America/New_York,08:30,0,13,0,-1,primary_event_rank
87dcf521fa13,bf3f34548c30,USD,Average Hourly Earnings m/m,2025.04.03 19:30,1020,2025-04-04T12:30:00Z,1,1743780600,2025,4,15:30,OOS,0.3,0.3,0,35,0.03142857143,0.1165490175,-0.2696596858,1,-1,0,1,,America/New_York,08:30,0,15,0,1,primary_event_rank
4738ce7feb74,bf3f34548c30,USD,Non-Farm Employment Change,2025.04.03 19:30,1020,2025-04-04T12:30:00Z,1,1743780600,2025,4,15:30,OOS,228000,137000,91000,35,53485.71429,86696.30786,0.4327091504,1,1,0,1,,America/New_York,08:30,0,2,1,1,primary_event_rank
b66bb6e7cf64,bf3f34548c30,USD,Unemployment Rate,2025.04.03 19:30,1020,2025-04-04T12:30:00Z,1,1743780600,2025,4,15:30,OOS,4.2,4.1,0.1,35,0.01142857143,0.1389170946,0.6375848041,-1,-1,0,1,,America/New_York,08:30,0,13,0,1,primary_event_rank
